order_id,order_date,customer_id,product_id,quantity,discount,payment_method,shipping_cost
ORD-10001,04/26/2025,CUST-1546,PROD-19,3,0.2,Credit Card,7.0
ORD-10002,2025-04-13,CUST-1184,PROD-19,1,0.0,PayPal,8.41
ORD-10003,2025-12-14,CUST-1210,PROD-34,1,0.05,Store Credit,19.5
ORD-10004,08-07-2025,CUST-1431,PROD-29,1,0.05,PayPal,5.0
ORD-10005,08/25/2024,CUST-1344,PROD-27,3,0.1,,14.64
ORD-10006,06/26/2025,CUST-1312,PROD-37,3,0.0,Debit Card,7.62
ORD-10007,15-01-2025,CUST-1049,PROD-10,4,0.0,,18.78
ORD-10008,2025-12-29,CUST-1180,PROD-46,2,0.0,PayPal,5.86
ORD-10009,2024-11-20,CUST-1379,PROD-12,1,0.2,Debit Card,19.64
ORD-10010,2024-05-31,CUST-1167,PROD-35,1,0.1,Store Credit,16.29
ORD-10011,14-04-2025,CUST-1994,PROD-48,5,0.05,Debit Card,11.57
ORD-10012,23-10-2024,CUST-1588,PROD-43,5,0.2,Store Credit,9.41
ORD-10013,04/25/2024,CUST-1143,PROD-44,3,0.0,Store Credit,13.87
ORD-10014,2024-08-13,CUST-1057,PROD-39,5,0.15,PayPal,16.49
ORD-10015,2024-10-11,CUST-1870,PROD-29,1,0.15,Store Credit,7.1
ORD-10016,2024-11-21,CUST-1058,PROD-43,2,0.2,Store Credit,9.9
ORD-10017,2025-01-16,CUST-1316,PROD-29,1,0.0,Store Credit,15.85
ORD-10018,03/01/2025,CUST-1826,PROD-47,4,0.2,Store Credit,6.22
ORD-10019,2025-08-24,CUST-1311,PROD-31,5,0.05,Credit Card,18.92
ORD-10020,08/27/2025,CUST-1420,PROD-41,4,0.0,,11.38
ORD-10021,08/04/2025,CUST-1191,PROD-25,4,0.0,Debit Card,17.34
ORD-10022,2024-11-07,CUST-1230,PROD-02,2,0.05,Debit Card,19.29
ORD-10023,2025-10-13,CUST-1915,PROD-19,4,0.2,PayPal,4.45
ORD-10024,2024-10-10,,PROD-39,5,0.1,,10.97
ORD-10025,2024-09-21,CUST-1711,PROD-08,5,0.0,Debit Card,6.6
ORD-10026,2024-02-29,CUST-1710,PROD-09,1,0.05,Debit Card,10.7
ORD-10027,2024-12-30,CUST-1655,PROD-05,2,0.0,,16.03
ORD-10028,2025-07-10,CUST-1866,PROD-44,3,0.2,Debit Card,5.52
ORD-10029,2025-08-16,CUST-1141,PROD-34,4,0.1,Debit Card,18.72
ORD-10030,2024-06-15,CUST-1227,PROD-13,5,0.15,,17.53
ORD-10031,2025-12-30,CUST-1117,PROD-27,1,0.0,PayPal,18.76
ORD-10032,2025-05-06,CUST-1143,PROD-29,5,0.15,Debit Card,6.75
ORD-10033,2024-11-07,CUST-1228,PROD-09,2,0.2,PayPal,8.91
ORD-10034,2024-08-02,CUST-1708,PROD-49,1,0.0,Store Credit,16.11
ORD-10035,2024-02-13,CUST-1676,PROD-33,4,0.0,Debit Card,4.68
ORD-10036,2024-11-04,CUST-1802,PROD-08,2,0.15,PayPal,6.95
ORD-10037,2024-12-25,CUST-1765,PROD-18,3,0.05,PayPal,17.67
ORD-10038,2025-09-19,CUST-1102,PROD-38,5,0.0,PayPal,19.42
ORD-10039,24-06-2024,CUST-1997,PROD-47,2,0.15,Store Credit,9.85
ORD-10040,2025-08-26,CUST-1110,PROD-12,4,0.1,PayPal,12.22
ORD-10041,2025-02-21,CUST-9999,PROD-08,5,0.0,Store Credit,16.19
ORD-10042,2025-12-22,CUST-1085,PROD-21,4,0.05,Store Credit,13.6
ORD-10043,2024-11-15,CUST-1232,PROD-36,4,0.0,Credit Card,18.31
ORD-10044,02-05-2025,CUST-1014,PROD-44,1,0.1,Store Credit,12.35
ORD-10045,2025-11-23,CUST-1411,PROD-45,1,0.2,PayPal,5.03
ORD-10046,2024-07-22,CUST-1414,PROD-08,4,0.2,Store Credit,8.45
ORD-10047,2025-08-18,CUST-1821,PROD-42,3,0.1,,19.19
ORD-10048,2025-05-11,CUST-1466,PROD-07,4,0.1,PayPal,14.04
ORD-10049,2024-05-17,CUST-1851,PROD-05,1,0.0,Store Credit,13.66
ORD-10050,2024-11-30,CUST-1099,PROD-49,5,0.1,Store Credit,7.22
ORD-10051,2025-11-08,CUST-1556,PROD-22,5,0.15,Credit Card,19.23
ORD-10052,02-02-2024,CUST-1122,PROD-25,4,0.1,Store Credit,4.57
ORD-10053,2024-06-30,CUST-1311,PROD-46,4,0.0,Debit Card,15.44
ORD-10054,05/14/2025,CUST-1503,PROD-43,5,0.15,Store Credit,11.6
ORD-10055,2024-06-09,CUST-1507,PROD-38,5,0.2,Debit Card,16.25
ORD-10056,2024-10-18,CUST-1047,PROD-09,3,0.2,,4.42
ORD-10057,2025-10-02,CUST-1354,PROD-23,1,0.2,PayPal,7.95
ORD-10058,2025-10-25,CUST-1705,PROD-05,1,0.05,PayPal,4.31
ORD-10059,2024-11-29,CUST-1433,PROD-37,4,0.05,Credit Card,15.13
ORD-10060,2025-08-25,CUST-1585,PROD-25,1,0.1,Credit Card,15.04
ORD-10061,2024-07-29,CUST-1784,PROD-43,5,0.05,Debit Card,19.5
ORD-10062,2024-07-25,CUST-1807,PROD-05,5,0.0,Debit Card,8.23
ORD-10063,31-10-2024,CUST-1232,PROD-40,1,0.2,,5.51
ORD-10064,2024-12-10,CUST-1544,PROD-31,3,0.0,Debit Card,12.06
ORD-10065,2024-11-03,CUST-1205,PROD-27,5,0.15,Store Credit,14.73
ORD-10066,2025-07-14,CUST-1721,PROD-34,5,0.1,PayPal,14.56
ORD-10067,2025-04-23,CUST-1829,PROD-40,4,0.15,Credit Card,12.35
ORD-10068,2025-01-08,CUST-1765,PROD-44,4,0.1,Debit Card,17.75
ORD-10069,2024-03-06,CUST-1274,PROD-19,3,0.2,,7.77
ORD-10070,2024-09-01,CUST-1252,PROD-20,5,0.1,Store Credit,14.34
ORD-10071,2024-02-07,CUST-1030,PROD-17,3,0.2,,6.81
ORD-10072,13-02-2024,CUST-1021,PROD-04,1,0.05,,8.76
ORD-10073,06-03-2024,CUST-1373,PROD-43,1,0.1,PayPal,7.77
ORD-10074,08/07/2025,CUST-1535,PROD-43,5,0.05,Store Credit,18.14
ORD-10075,2024-08-31,CUST-1321,PROD-22,4,0.2,PayPal,18.96
ORD-10076,2024-08-11,CUST-1994,PROD-18,3,0.15,Credit Card,11.84
ORD-10077,2025-01-18,CUST-1559,PROD-28,2,0.05,PayPal,9.8
ORD-10078,01/11/2025,CUST-1991,PROD-39,1,0.2,PayPal,8.04
ORD-10079,2025-01-28,CUST-1372,PROD-44,2,0.1,Store Credit,4.12
ORD-10080,06-02-2025,CUST-1309,PROD-06,2,0.05,PayPal,17.74
ORD-10081,13-06-2024,CUST-1901,PROD-50,1,0.05,Credit Card,17.16
ORD-10082,2025-05-18,CUST-1862,PROD-22,1,0.0,Debit Card,12.09
ORD-10083,2024-12-26,CUST-1561,PROD-48,1,0.0,PayPal,14.07
ORD-10084,2025-10-18,CUST-1644,PROD-20,1,0.0,PayPal,7.98
ORD-10085,10/26/2025,CUST-1703,PROD-27,3,0.1,Store Credit,17.97
ORD-10086,2024-05-16,CUST-1847,PROD-21,2,0.0,Store Credit,9.87
ORD-10087,02/06/2025,CUST-1906,PROD-37,1,0.15,,14.02
ORD-10088,01-04-2024,CUST-1719,PROD-11,5,0.1,,8.15
ORD-10089,01-04-2024,CUST-1581,PROD-08,500,0.15,Store Credit,16.36
ORD-10090,04/09/2025,CUST-1230,PROD-46,3,0.05,Store Credit,10.1
ORD-10091,03/17/2025,CUST-1844,PROD-19,2,0.1,PayPal,10.53
ORD-10092,2024-05-29,,PROD-16,2,0.05,,14.94
ORD-10093,2025-04-14,CUST-1893,PROD-21,4,0.2,PayPal,15.4
ORD-10094,2025-12-26,CUST-1075,PROD-07,1,0.05,PayPal,11.52
ORD-10095,28-12-2024,CUST-1991,PROD-39,1,0.0,Debit Card,12.06
ORD-10096,2025-01-25,CUST-1380,PROD-09,5,0.0,,6.86
ORD-10097,2024-06-22,CUST-1899,PROD-30,3,0.2,,10.92
ORD-10098,2024-09-23,CUST-1131,PROD-32,3,0.2,Debit Card,18.81
ORD-10099,16-10-2024,CUST-1850,PROD-49,5,0.05,Store Credit,18.27
ORD-10100,11/19/2024,CUST-1973,PROD-10,4,0.0,PayPal,6.37
ORD-10101,2024-08-23,CUST-1168,PROD-46,1,0.1,Credit Card,11.05
ORD-10102,2025-12-27,CUST-1116,PROD-47,1,0.05,Credit Card,7.25
ORD-10103,2024-10-17,CUST-1521,PROD-18,5,0.0,,19.96
ORD-10104,2024-01-05,CUST-1427,PROD-05,4,0.2,Credit Card,18.19
ORD-10105,2024-01-27,CUST-9999,PROD-08,5,0.0,Debit Card,6.45
ORD-10106,2024-03-24,CUST-1492,PROD-30,3,0.15,Credit Card,9.26
ORD-10107,2024-02-14,CUST-1333,PROD-47,5,0.0,PayPal,17.8
ORD-10108,2025-10-21,CUST-1762,PROD-05,5,0.1,Credit Card,10.37
ORD-10109,2024-07-01,CUST-1409,PROD-06,2,0.0,Store Credit,16.46
ORD-10110,2024-10-18,CUST-1158,PROD-08,4,0.2,Debit Card,18.45
ORD-10111,2025-09-09,CUST-1853,PROD-24,4,0.1,Store Credit,11.61
ORD-10112,2025-07-30,CUST-1433,PROD-24,4,0.2,Store Credit,5.48
ORD-10113,2025-06-09,CUST-1230,PROD-42,2,0.1,,14.06
ORD-10114,2025-06-21,CUST-1082,PROD-31,2,0.2,Debit Card,17.45
ORD-10115,2025-06-19,CUST-1565,PROD-05,5,0.0,,10.79
ORD-10116,2024-04-06,CUST-1833,PROD-17,5,0.0,,4.25
ORD-10117,2025-11-08,CUST-1864,PROD-26,4,0.2,Debit Card,9.01
ORD-10118,04/10/2025,CUST-1828,PROD-17,2,0.0,PayPal,5.24
ORD-10119,2025-09-10,CUST-1445,PROD-35,4,0.0,Credit Card,6.74
ORD-10120,2025-05-03,CUST-1674,PROD-48,4,0.05,,17.0
ORD-10121,2025-09-23,CUST-1707,PROD-44,3,0.0,PayPal,6.15
ORD-10122,2024-07-14,CUST-1994,PROD-13,2,0.1,PayPal,14.39
ORD-10123,03/22/2025,CUST-1552,PROD-13,4,0.0,Store Credit,10.74
ORD-10124,2024-04-29,CUST-1720,PROD-29,4,0.0,Store Credit,13.35
ORD-10125,2024-07-25,CUST-1402,PROD-04,1,0.2,Store Credit,19.66
ORD-10126,05/22/2025,CUST-1568,PROD-19,4,0.1,,13.45
ORD-10127,18-09-2025,CUST-1889,PROD-32,1,0.15,Credit Card,10.74
ORD-10128,2024-11-19,CUST-1664,PROD-27,1,0.1,,19.01
ORD-10129,2024-12-21,CUST-1166,PROD-19,4,0.05,Store Credit,7.7
ORD-10130,2024-08-12,CUST-1944,PROD-39,4,0.0,Debit Card,15.56
ORD-10131,03-02-2025,CUST-1690,PROD-42,4,0.0,,7.31
ORD-10132,12/08/2025,CUST-1133,PROD-12,5,0.1,Credit Card,16.69
ORD-10133,2025-05-20,CUST-1049,PROD-02,3,0.05,PayPal,6.79
ORD-10134,2025-05-30,CUST-1441,PROD-08,1,0.15,PayPal,11.77
ORD-10135,12/14/2024,CUST-1789,PROD-36,2,0.2,,13.66
ORD-10136,04/16/2024,CUST-1449,PROD-30,1,0.0,,13.74
ORD-10137,04/14/2024,CUST-1108,PROD-11,2,0.05,PayPal,15.64
ORD-10138,2025-12-26,CUST-1751,PROD-07,3,0.05,PayPal,5.96
ORD-10139,2024-07-25,CUST-1788,PROD-01,4,0.05,Debit Card,12.07
ORD-10140,2024-03-28,CUST-1425,PROD-24,2,0.0,,10.74
ORD-10141,2024-08-21,CUST-1941,PROD-27,5,0.2,Debit Card,19.09
ORD-10142,2025-03-29,CUST-1826,PROD-34,1,0.05,Debit Card,10.42
ORD-10143,2024-06-17,CUST-1038,PROD-43,2,0.15,Credit Card,19.63
ORD-10144,11/07/2025,,PROD-27,5,0.05,Debit Card,18.54
ORD-10145,01/09/2024,CUST-1626,PROD-10,4,0.2,PayPal,18.19
ORD-10146,10/01/2025,CUST-1715,PROD-23,4,0.0,Debit Card,5.34
ORD-10147,2025-07-04,CUST-1758,PROD-09,5,0.05,PayPal,5.48
ORD-10148,2025-07-19,CUST-1651,PROD-11,5,0.15,Debit Card,7.85
ORD-10149,11/07/2024,CUST-9999,PROD-08,3,0.05,,9.66
ORD-10150,02/18/2024,CUST-1460,PROD-20,1,0.1,Debit Card,19.72
ORD-10151,2025-08-18,CUST-1643,PROD-43,5,0.0,Debit Card,8.78
ORD-10152,11/13/2025,CUST-1689,PROD-09,5,0.2,PayPal,5.67
ORD-10153,2025-06-12,CUST-1370,PROD-30,4,0.1,Credit Card,5.47
ORD-10154,11-03-2025,CUST-1457,PROD-05,5,0.1,,12.93
ORD-10155,02/08/2025,CUST-1652,PROD-28,4,0.2,Store Credit,17.17
ORD-10156,2024-05-27,CUST-1469,PROD-09,5,0.15,Credit Card,15.1
ORD-10157,2025-04-11,CUST-1967,PROD-36,1,0.15,Store Credit,5.76
ORD-10158,2025-01-13,CUST-1157,PROD-08,3,0.05,Debit Card,11.76
ORD-10159,2024-05-26,CUST-1050,PROD-20,2,0.0,Store Credit,4.02
ORD-10160,2025-07-14,CUST-1428,PROD-31,5,0.1,Debit Card,16.49
ORD-10161,05/01/2025,CUST-1136,PROD-49,4,0.1,Store Credit,6.37
ORD-10162,2024-11-29,CUST-1639,PROD-27,4,0.05,,4.72
ORD-10163,17-11-2025,CUST-1662,PROD-06,1,0.15,Debit Card,12.97
ORD-10164,2024-05-06,CUST-1979,PROD-40,1,0.15,,7.02
ORD-10165,2025-05-02,CUST-1675,PROD-35,1,0.05,PayPal,7.91
ORD-10166,12/23/2025,CUST-1087,PROD-35,4,0.15,Credit Card,11.85
ORD-10167,2024-01-24,CUST-1025,PROD-34,3,0.0,Credit Card,19.67
ORD-10168,2025-07-08,CUST-1262,PROD-50,3,0.1,PayPal,4.93
ORD-10169,2024-11-29,CUST-1306,PROD-25,2,0.1,Debit Card,8.12
ORD-10170,2024-05-03,CUST-1612,PROD-38,5,0.15,Store Credit,19.18
ORD-10171,2024-10-02,CUST-1417,PROD-05,4,0.2,PayPal,18.61
ORD-10172,2024-01-20,,PROD-44,5,0.2,PayPal,8.86
ORD-10173,2025-02-20,CUST-1513,PROD-14,2,0.05,,19.75
ORD-10174,2024-09-08,CUST-1934,PROD-36,1,0.1,,8.62
ORD-10175,2024-06-20,CUST-1494,PROD-18,4,0.05,PayPal,13.35
ORD-10176,2025-06-06,CUST-1547,PROD-37,1,0.1,Credit Card,17.28
ORD-10177,23-07-2025,CUST-1216,PROD-40,3,0.2,Debit Card,14.15
ORD-10178,2025-12-25,CUST-1330,PROD-22,5,0.05,Credit Card,18.61
ORD-10179,2024-05-16,CUST-1488,PROD-01,2,0.1,,18.31
ORD-10180,2025-12-21,CUST-1084,PROD-42,5,0.0,Store Credit,14.75
ORD-10181,27-12-2024,CUST-1616,PROD-23,1,0.0,Store Credit,9.92
ORD-10182,2024-07-16,CUST-1021,PROD-49,3,0.0,Credit Card,17.05
ORD-10183,2025-10-02,CUST-1240,PROD-32,1,0.05,Store Credit,18.46
ORD-10184,2025-12-24,CUST-1841,PROD-41,3,0.15,,11.89
ORD-10185,2025-07-19,CUST-1689,PROD-44,2,0.0,,6.04
ORD-10186,2024-03-07,CUST-1877,PROD-15,3,0.0,Credit Card,19.86
ORD-10187,2025-12-10,CUST-1698,PROD-36,1,0.1,Credit Card,17.65
ORD-10188,2024-11-26,CUST-9999,PROD-18,5,0.1,Store Credit,9.77
ORD-10189,14-02-2024,CUST-1285,PROD-27,3,0.0,Store Credit,7.1
ORD-10190,24-03-2024,CUST-1756,PROD-15,4,0.0,PayPal,7.14
ORD-10191,2024-12-03,CUST-1100,PROD-02,1,0.15,Debit Card,17.44
ORD-10192,2024-09-10,CUST-1349,PROD-04,5,0.0,Credit Card,16.4
ORD-10193,2025-09-26,CUST-1458,PROD-38,1,0.0,Store Credit,9.0
ORD-10194,2025-12-11,CUST-1942,PROD-29,5,0.2,Store Credit,5.04
ORD-10195,2025-11-24,CUST-1871,PROD-25,5,0.1,PayPal,17.82
ORD-10196,2025-11-06,CUST-1476,PROD-28,5,0.0,Debit Card,14.4
ORD-10197,11/22/2025,CUST-1337,PROD-38,1,0.0,,15.4
ORD-10198,08/30/2025,CUST-1587,PROD-09,3,0.05,Store Credit,11.69
ORD-10199,2025-09-27,CUST-1817,PROD-03,3,0.15,Store Credit,12.2
ORD-10200,10/29/2025,CUST-1907,PROD-35,2,0.1,Debit Card,13.64
ORD-10201,2024-10-25,CUST-1601,PROD-43,1,0.0,,17.1
ORD-10202,07/26/2025,CUST-1201,PROD-13,2,0.0,Debit Card,7.02
ORD-10203,2025-05-02,CUST-9999,PROD-39,5,0.15,Debit Card,13.85
ORD-10204,2025-03-04,CUST-1898,PROD-03,1,0.2,PayPal,15.08
ORD-10205,2025-04-22,CUST-1753,PROD-50,3,0.2,Store Credit,7.28
ORD-10206,07/07/2024,CUST-1011,PROD-05,5,0.0,PayPal,8.64
ORD-10207,2024-07-18,CUST-1369,PROD-03,2,0.0,Debit Card,6.78
ORD-10208,09/25/2024,CUST-1568,PROD-16,1,0.0,Debit Card,18.56
ORD-10209,01/22/2024,CUST-1671,PROD-08,2,0.05,Store Credit,7.83
ORD-10210,2025-01-16,CUST-1819,PROD-40,1,0.0,PayPal,18.11
ORD-10211,05/13/2024,CUST-1388,PROD-45,5,0.1,PayPal,18.73
ORD-10212,2025-09-22,CUST-1302,PROD-10,1,0.2,Debit Card,17.96
ORD-10213,04-06-2025,CUST-1215,PROD-47,4,0.2,,5.03
ORD-10214,2025-06-04,CUST-1770,PROD-33,5,0.1,PayPal,9.14
ORD-10215,2025-01-17,CUST-1979,PROD-32,5,0.1,,14.39
ORD-10216,2024-07-31,CUST-1884,PROD-16,3,0.1,Store Credit,13.13
ORD-10217,2025-01-18,CUST-1770,PROD-06,5,0.05,PayPal,13.33
ORD-10218,2025-04-21,CUST-1462,PROD-30,3,0.1,Debit Card,8.36
ORD-10219,2024-01-26,CUST-1661,PROD-05,1,0.05,,12.19
ORD-10220,2025-10-21,CUST-1234,PROD-07,3,0.0,,7.19
ORD-10221,2024-07-20,CUST-1764,PROD-50,3,0.0,,19.96
ORD-10222,10-07-2025,CUST-1307,PROD-19,4,0.1,,16.11
ORD-10223,2024-01-13,CUST-1780,PROD-10,2,0.0,PayPal,11.58
ORD-10224,2025-06-12,CUST-1480,PROD-47,3,0.0,Debit Card,17.52
ORD-10225,03/15/2025,CUST-1215,PROD-29,5,0.0,Debit Card,6.21
ORD-10226,2024-05-11,CUST-1512,PROD-43,3,0.0,Store Credit,10.8
ORD-10227,02/17/2025,CUST-1307,PROD-21,5,0.0,PayPal,6.45
ORD-10228,2024-12-04,CUST-1936,PROD-39,4,0.1,PayPal,19.17
ORD-10229,2024-03-06,CUST-1112,PROD-22,4,0.2,Debit Card,5.48
ORD-10230,2024-04-16,CUST-1847,PROD-45,1,0.0,PayPal,5.1
ORD-10231,2025-01-30,CUST-1676,PROD-34,1,0.05,,4.17
ORD-10232,11/30/2024,CUST-1161,PROD-08,4,0.1,Credit Card,10.21
ORD-10233,2024-07-30,CUST-1443,PROD-46,2,0.15,,19.02
ORD-10234,2025-08-24,CUST-1470,PROD-18,2,0.1,Credit Card,17.18
ORD-10235,09/11/2025,CUST-1933,PROD-37,4,0.1,,4.62
ORD-10236,2024-04-03,CUST-1468,PROD-23,3,0.1,,17.16
ORD-10237,2024-06-28,CUST-1633,PROD-47,4,0.2,PayPal,15.17
ORD-10238,2024-04-07,CUST-1246,PROD-11,5,0.05,Credit Card,15.16
ORD-10239,10-08-2024,CUST-1781,PROD-36,3,0.0,Credit Card,12.06
ORD-10240,2024-11-29,CUST-1213,PROD-33,1,0.0,Store Credit,10.09
ORD-10241,02/12/2025,CUST-1011,PROD-17,2,0.05,Store Credit,11.75
ORD-10242,2024-03-10,CUST-1731,PROD-29,3,0.0,PayPal,17.41
ORD-10243,2025-09-13,CUST-1548,PROD-48,1,0.2,Credit Card,14.83
ORD-10244,2024-06-06,CUST-1732,PROD-03,5,0.0,Store Credit,15.14
ORD-10245,10/12/2025,CUST-1734,PROD-43,4,0.2,Debit Card,11.09
ORD-10246,2025-09-04,CUST-1786,PROD-13,3,0.0,PayPal,5.45
ORD-10247,2025-03-07,CUST-1841,PROD-13,1,0.0,Credit Card,16.74
ORD-10248,2025-11-11,CUST-1426,PROD-33,3,0.05,,14.02
ORD-10249,2025-10-01,CUST-1962,PROD-28,2,0.0,Debit Card,9.16
ORD-10250,2024-01-16,CUST-1399,PROD-14,1,0.2,Debit Card,14.39
ORD-10251,2025-01-12,CUST-1421,PROD-20,4,0.0,,16.65
ORD-10252,2025-08-05,CUST-1615,PROD-21,4,0.2,PayPal,9.3
ORD-10253,10/12/2025,CUST-1872,PROD-43,3,0.0,,18.58
ORD-10254,2025-04-04,CUST-1239,PROD-33,1,0.0,Credit Card,13.85
ORD-10255,2024-05-07,CUST-1776,PROD-16,1,0.0,Debit Card,11.97
ORD-10256,2024-07-25,CUST-1039,PROD-16,5,0.1,Debit Card,6.14
ORD-10257,2024-11-21,CUST-1534,PROD-27,3,0.0,PayPal,17.54
ORD-10258,2024-12-05,CUST-1056,PROD-43,2,0.15,Store Credit,12.33
ORD-10259,2024-07-06,CUST-1891,PROD-32,2,0.0,PayPal,19.0
ORD-10260,2024-05-08,CUST-1852,PROD-14,1,0.1,Store Credit,8.97
ORD-10261,2024-07-21,CUST-1255,PROD-20,4,0.2,PayPal,8.34
ORD-10262,2025-05-07,,PROD-26,4,0.1,Store Credit,12.07
ORD-10263,03/19/2025,CUST-1813,PROD-31,4,0.1,Credit Card,16.13
ORD-10264,2024-11-03,CUST-1745,PROD-12,4,0.05,Store Credit,8.52
ORD-10265,2025-07-29,CUST-1140,PROD-46,2,0.0,Credit Card,4.2
ORD-10266,05/27/2025,CUST-1415,PROD-27,3,0.1,Store Credit,8.91
ORD-10267,2025-08-25,CUST-1944,PROD-08,5,0.0,PayPal,16.2
ORD-10268,09/18/2024,CUST-1357,PROD-33,3,0.2,Credit Card,14.4
ORD-10269,03/10/2025,CUST-1036,PROD-24,1,0.2,PayPal,8.17
ORD-10270,11-04-2025,CUST-1254,PROD-39,2,0.0,Credit Card,16.33
ORD-10271,10/21/2025,CUST-1724,PROD-38,1,0.15,PayPal,18.01
ORD-10272,06/18/2024,CUST-1310,PROD-33,4,0.15,Debit Card,15.73
ORD-10273,2024-04-01,CUST-1817,PROD-23,3,0.2,PayPal,18.87
ORD-10274,2025-02-11,CUST-1173,PROD-32,-2,0.0,Store Credit,12.39
ORD-10275,2025-11-01,CUST-1181,PROD-24,2,0.0,Store Credit,6.9
ORD-10276,2024-04-22,CUST-1191,PROD-13,2,0.0,Debit Card,19.72
ORD-10277,2025-02-22,CUST-1112,PROD-41,3,0.0,Store Credit,5.98
ORD-10278,2024-03-06,CUST-1490,PROD-32,1,0.0,Credit Card,8.25
ORD-10279,2024-01-08,CUST-1043,PROD-07,1,0.1,,12.31
ORD-10280,29-09-2024,CUST-1346,PROD-39,3,0.2,Debit Card,19.98
ORD-10281,02-09-2024,CUST-1388,PROD-40,3,0.05,Credit Card,4.04
ORD-10282,2025-12-16,CUST-1948,PROD-09,1,0.15,Debit Card,19.21
ORD-10283,2024-09-11,CUST-1675,PROD-31,2,0.0,Debit Card,4.26
ORD-10284,01/03/2025,,PROD-48,4,0.0,,11.74
ORD-10285,09/19/2025,CUST-1962,PROD-31,1,0.2,Store Credit,8.69
ORD-10286,07/18/2024,CUST-1898,PROD-37,5,0.0,PayPal,11.96
ORD-10287,2024-03-30,CUST-1562,PROD-30,4,0.0,Store Credit,14.59
ORD-10288,2024-09-03,CUST-1967,PROD-43,1,0.1,Credit Card,6.55
ORD-10289,30-11-2024,CUST-1226,PROD-47,4,0.2,Credit Card,14.64
ORD-10290,2025-07-01,CUST-1815,PROD-45,2,0.15,,5.02
ORD-10291,2024-12-17,CUST-1754,PROD-47,5,0.1,PayPal,7.57
ORD-10292,2024-04-28,CUST-1349,PROD-48,2,0.2,Credit Card,13.16
ORD-10293,05/10/2024,CUST-1591,PROD-48,-2,0.0,,12.56
ORD-10294,01-02-2025,CUST-1374,PROD-44,2,0.15,,13.44
ORD-10295,2024-04-19,CUST-1472,PROD-21,3,0.0,Store Credit,14.87
ORD-10296,2024-05-30,CUST-1682,PROD-45,3,0.05,,19.84
ORD-10297,2024-05-06,CUST-1588,PROD-31,2,0.1,Debit Card,15.26
ORD-10298,2025-01-20,CUST-1157,PROD-46,2,0.2,Credit Card,18.76
ORD-10299,07/02/2024,CUST-1307,PROD-43,2,0.0,,10.27
ORD-10300,2025-03-08,CUST-9999,PROD-49,1,0.15,Debit Card,8.51
ORD-10301,07/18/2024,CUST-1100,PROD-09,5,0.0,Debit Card,11.31
ORD-10302,2024-06-16,CUST-1495,PROD-19,2,0.0,PayPal,15.76
ORD-10303,2024-01-10,CUST-1105,PROD-44,2,0.1,Store Credit,14.86
ORD-10304,21-06-2024,CUST-1998,PROD-31,1,0.0,,14.39
ORD-10305,2025-08-30,CUST-1740,PROD-26,1,0.0,Store Credit,11.81
ORD-10306,2025-12-05,CUST-1764,PROD-25,1,0.1,Store Credit,8.39
ORD-10307,2025-10-30,CUST-1120,PROD-06,5,0.0,Credit Card,13.38
ORD-10308,2025-08-09,CUST-1097,PROD-38,4,0.2,Store Credit,8.76
ORD-10309,2024-05-08,CUST-1931,PROD-35,1,0.1,,17.07
ORD-10310,2025-06-26,CUST-1599,PROD-35,1,0.0,Credit Card,6.88
ORD-10311,2025-09-05,CUST-1458,PROD-21,2,0.15,PayPal,14.43
ORD-10312,2024-03-30,CUST-1036,PROD-06,5,0.05,Debit Card,19.45
ORD-10313,2024-06-24,CUST-1001,PROD-16,5,0.05,,11.11
ORD-10314,2025-08-13,CUST-1933,PROD-23,5,0.0,Credit Card,14.59
ORD-10315,2024-02-15,CUST-1307,PROD-14,5,0.15,PayPal,13.46
ORD-10316,2024-10-11,CUST-1077,PROD-36,4,0.2,PayPal,10.39
ORD-10317,26-03-2024,CUST-1963,PROD-45,2,0.0,Debit Card,19.92
ORD-10318,2025-12-14,CUST-1578,PROD-43,5,0.15,PayPal,10.7
ORD-10319,2024-06-06,CUST-1389,PROD-02,2,0.0,Debit Card,5.98
ORD-10320,2024-04-22,CUST-1338,PROD-41,3,0.05,PayPal,17.89
ORD-10321,2024-08-19,CUST-1993,PROD-15,1,0.0,PayPal,12.41
ORD-10322,2024-11-09,CUST-1098,PROD-34,5,0.05,,8.33
ORD-10323,11-04-2024,CUST-1970,PROD-49,3,0.2,,12.82
ORD-10324,2025-02-16,CUST-1010,PROD-44,2,0.2,PayPal,6.27
ORD-10325,08/04/2025,CUST-1743,PROD-41,2,0.2,,10.68
ORD-10326,2025-04-13,CUST-9999,PROD-30,3,0.1,,19.06
ORD-10327,2024-08-22,CUST-1971,PROD-20,3,0.0,Credit Card,5.22
ORD-10328,02-09-2024,CUST-1059,PROD-06,5,0.1,Credit Card,19.38
ORD-10329,2025-03-10,CUST-1140,PROD-31,5,0.2,Credit Card,10.48
ORD-10330,2025-09-23,CUST-1008,PROD-46,5,0.2,Debit Card,7.9
ORD-10331,08-11-2025,CUST-1902,PROD-34,1,0.15,Store Credit,19.42
ORD-10332,21-11-2025,CUST-1926,PROD-15,3,0.0,,9.64
ORD-10333,2024-02-22,CUST-1383,PROD-08,2,0.15,Credit Card,8.63
ORD-10334,2025-05-09,CUST-1756,PROD-41,2,0.05,,17.2
ORD-10335,06-02-2024,CUST-1869,PROD-32,1,0.15,Store Credit,9.25
ORD-10336,2024-12-28,CUST-1740,PROD-12,1,0.0,Store Credit,11.86
ORD-10337,2024-03-27,CUST-1421,PROD-08,1,0.0,Debit Card,7.61
ORD-10338,2025-02-08,CUST-1914,PROD-12,3,0.0,Store Credit,14.49
ORD-10339,2025-03-25,CUST-1445,PROD-01,2,0.0,PayPal,8.55
ORD-10340,2024-05-16,CUST-1923,PROD-03,2,0.1,Debit Card,5.89
ORD-10341,2025-05-15,CUST-1732,PROD-09,4,0.15,Store Credit,6.09
ORD-10342,04/20/2024,CUST-1353,PROD-33,500,0.2,PayPal,4.82
ORD-10343,2024-12-16,CUST-1009,PROD-28,3,0.1,Credit Card,16.16
ORD-10344,2024-09-10,CUST-1192,PROD-16,1,0.05,PayPal,14.65
ORD-10345,2025-03-15,CUST-1830,PROD-07,5,0.15,PayPal,7.01
ORD-10346,2025-08-28,CUST-1124,PROD-09,3,0.0,PayPal,10.81
ORD-10347,2025-09-23,CUST-1390,PROD-27,2,0.0,Debit Card,10.81
ORD-10348,2024-03-03,CUST-1312,PROD-08,3,0.05,Store Credit,7.94
ORD-10349,2024-02-18,CUST-1677,PROD-48,3,0.1,Debit Card,18.53
ORD-10350,2024-04-13,CUST-1504,PROD-24,1,0.0,Credit Card,14.92
ORD-10351,2024-05-13,CUST-1371,PROD-48,5,0.15,Debit Card,7.8
ORD-10352,2024-10-09,CUST-1909,PROD-07,5,0.0,Credit Card,13.37
ORD-10353,11/01/2025,CUST-1457,PROD-07,5,0.15,Debit Card,8.81
ORD-10354,30-04-2025,CUST-1739,PROD-10,2,0.1,,15.38
ORD-10355,27-07-2025,CUST-1460,PROD-41,4,0.0,Store Credit,10.69
ORD-10356,05/30/2025,CUST-1281,PROD-45,3,0.0,,4.96
ORD-10357,2025-12-11,CUST-1507,PROD-44,5,0.0,PayPal,10.99
ORD-10358,2025-06-05,CUST-1411,PROD-39,2,0.0,PayPal,13.14
ORD-10359,2025-08-29,CUST-1810,PROD-33,5,0.05,Debit Card,17.63
ORD-10360,10/30/2024,CUST-1176,PROD-15,2,0.05,Credit Card,14.22
ORD-10361,11-10-2024,CUST-1810,PROD-04,2,0.0,,5.85
ORD-10362,2025-10-26,CUST-1378,PROD-21,5,0.05,PayPal,10.52
ORD-10363,2025-09-18,CUST-9999,PROD-41,3,0.0,Debit Card,6.82
ORD-10364,2024-01-17,,PROD-50,5,0.0,Store Credit,19.12
ORD-10365,09/20/2024,CUST-1565,PROD-14,2,0.05,Debit Card,7.25
ORD-10366,10/06/2025,CUST-1160,PROD-29,4,0.05,PayPal,18.42
ORD-10367,2024-04-05,CUST-1836,PROD-12,4,0.2,PayPal,14.35
ORD-10368,2024-01-22,CUST-1838,PROD-26,2,0.0,PayPal,5.14
ORD-10369,2024-09-08,CUST-1413,PROD-07,2,0.2,Credit Card,13.64
ORD-10370,2025-01-21,CUST-1014,PROD-49,1,0.0,PayPal,16.31
ORD-10371,2024-10-01,CUST-1014,PROD-01,1,0.15,Debit Card,17.63
ORD-10372,2024-03-28,CUST-1577,PROD-29,3,0.05,Store Credit,6.46
ORD-10373,2024-02-27,CUST-1557,PROD-08,1,0.0,,8.74
ORD-10374,07-06-2025,CUST-1002,PROD-15,4,0.1,PayPal,9.64
ORD-10375,2024-10-20,CUST-1394,PROD-44,1,0.1,PayPal,19.84
ORD-10376,2024-08-17,CUST-1366,PROD-05,1,0.05,Credit Card,18.32
ORD-10377,2025-09-11,CUST-1343,PROD-39,4,0.0,Debit Card,13.99
ORD-10378,2024-10-20,CUST-1939,PROD-32,3,0.2,Credit Card,16.61
ORD-10379,06/01/2024,CUST-1152,PROD-25,4,0.0,Credit Card,13.24
ORD-10380,2024-10-12,CUST-1131,PROD-12,3,0.05,Store Credit,10.77
ORD-10381,11-12-2025,CUST-1652,PROD-22,2,0.1,Store Credit,12.78
ORD-10382,2025-07-05,CUST-1842,PROD-15,5,0.2,Store Credit,12.42
ORD-10383,12/11/2025,CUST-1090,PROD-16,2,0.0,Debit Card,12.92
ORD-10384,16-05-2024,CUST-1358,PROD-24,2,0.05,Store Credit,6.3
ORD-10385,18-07-2025,CUST-1249,PROD-14,1,0.2,PayPal,5.87
ORD-10386,12/13/2025,CUST-1027,PROD-45,3,0.0,Credit Card,14.59
ORD-10387,2024-03-16,CUST-1162,PROD-02,2,0.0,PayPal,5.22
ORD-10388,08/05/2025,CUST-1784,PROD-12,2,0.2,,15.17
ORD-10389,2024-11-02,CUST-1455,PROD-42,3,0.0,PayPal,4.95
ORD-10390,2025-10-19,CUST-1516,PROD-11,500,0.1,Store Credit,12.86
ORD-10391,21-09-2024,CUST-1727,PROD-15,2,0.05,Credit Card,12.33
ORD-10392,05/08/2024,CUST-1058,PROD-15,5,0.15,Credit Card,17.05
ORD-10393,2025-04-24,CUST-1415,PROD-25,3,0.2,Store Credit,7.11
ORD-10394,2024-04-21,CUST-1798,PROD-22,3,0.0,,5.69
ORD-10395,2024-08-04,CUST-1317,PROD-13,1,0.0,Debit Card,5.35
ORD-10396,2025-08-06,CUST-1810,PROD-31,3,0.0,Debit Card,4.13
ORD-10397,12/31/2024,CUST-1513,PROD-13,4,0.2,Debit Card,19.57
ORD-10398,2025-12-20,CUST-1919,PROD-48,5,0.0,Credit Card,13.38
ORD-10399,2025-01-26,CUST-1039,PROD-19,4,0.0,Credit Card,19.24
ORD-10400,25-08-2024,CUST-1670,PROD-10,2,0.15,,19.87
ORD-10401,2025-09-15,CUST-1350,PROD-29,3,0.05,Debit Card,13.97
ORD-10402,2025-03-17,CUST-1700,PROD-25,5,0.15,Credit Card,19.32
ORD-10403,2025-08-03,CUST-1825,PROD-01,3,0.15,Credit Card,11.97
ORD-10404,2025-04-10,CUST-1166,PROD-05,3,0.05,Credit Card,5.13
ORD-10405,12/28/2025,CUST-1485,PROD-17,4,0.2,PayPal,19.03
ORD-10406,2025-08-05,CUST-1294,PROD-26,5,0.2,PayPal,11.04
ORD-10407,06/08/2025,CUST-1383,PROD-06,5,0.1,Debit Card,18.03
ORD-10408,2025-11-29,,PROD-04,2,0.2,,4.12
ORD-10409,2024-04-17,CUST-1409,PROD-05,4,0.2,Credit Card,9.57
ORD-10410,2025-04-24,CUST-1477,PROD-07,1,0.1,Store Credit,7.18
ORD-10411,2024-12-02,CUST-1619,PROD-32,4,0.0,Debit Card,11.26
ORD-10412,2025-07-12,CUST-1656,PROD-14,1,0.15,Store Credit,4.99
ORD-10413,01/05/2025,,PROD-14,1,0.2,Store Credit,8.31
ORD-10414,2025-10-12,CUST-1281,PROD-26,4,0.1,,7.42
ORD-10415,2024-09-22,CUST-1917,PROD-28,3,0.0,PayPal,9.58
ORD-10416,2025-03-05,CUST-1803,PROD-11,4,0.05,,10.22
ORD-10417,2024-01-11,CUST-1204,PROD-05,5,0.15,PayPal,9.17
ORD-10418,2024-11-20,CUST-1957,PROD-10,3,0.0,Store Credit,8.19
ORD-10419,04-01-2024,CUST-1878,PROD-09,5,0.0,Credit Card,7.49
ORD-10420,2024-07-11,CUST-1171,PROD-39,3,0.0,PayPal,19.54
ORD-10421,13-08-2025,CUST-1373,PROD-02,3,0.15,Credit Card,15.18
ORD-10422,26-10-2025,CUST-1361,PROD-23,4,0.15,Debit Card,5.8
ORD-10423,2024-06-29,CUST-1567,PROD-39,4,0.1,Debit Card,17.51
ORD-10424,2025-12-06,CUST-1719,PROD-40,1,0.0,Credit Card,5.42
ORD-10425,2024-01-17,CUST-1509,PROD-48,5,0.0,Store Credit,12.04
ORD-10426,2024-02-03,CUST-1217,PROD-15,5,0.1,Credit Card,7.12
ORD-10427,25-04-2025,CUST-1813,PROD-30,4,0.0,Debit Card,16.51
ORD-10428,2025-06-03,CUST-1271,PROD-20,4,0.2,PayPal,4.06
ORD-10429,2025-02-28,CUST-1810,PROD-24,5,0.2,,9.07
ORD-10430,23-06-2024,CUST-9999,PROD-16,4,0.0,,14.3
ORD-10431,02/22/2024,CUST-1132,PROD-41,2,0.1,Debit Card,12.27
ORD-10432,2025-03-23,CUST-1130,PROD-33,5,0.1,Debit Card,17.39
ORD-10433,11-06-2024,CUST-1096,PROD-02,5,0.0,Credit Card,13.88
ORD-10434,10-07-2025,CUST-1392,PROD-02,2,0.1,Debit Card,6.97
ORD-10435,30-10-2025,CUST-1549,PROD-16,4,0.05,Credit Card,8.39
ORD-10436,2024-05-27,CUST-1594,PROD-07,5,0.0,Credit Card,6.26
ORD-10437,25-09-2024,CUST-1507,PROD-24,2,0.1,Credit Card,11.85
ORD-10438,2024-01-23,CUST-1641,PROD-05,4,0.1,Debit Card,14.13
ORD-10439,04/06/2025,CUST-1011,PROD-12,5,0.0,Credit Card,19.6
ORD-10440,2024-12-21,CUST-1560,PROD-01,3,0.0,PayPal,13.69
ORD-10441,2025-07-02,CUST-1157,PROD-14,1,0.0,Credit Card,9.23
ORD-10442,2024-08-13,CUST-1130,PROD-18,2,0.0,Debit Card,15.32
ORD-10443,2025-10-29,CUST-1508,PROD-28,4,0.0,Debit Card,6.76
ORD-10444,12/04/2025,CUST-1985,PROD-26,5,0.05,PayPal,16.7
ORD-10445,2025-05-14,CUST-1611,PROD-48,3,0.15,Credit Card,13.71
ORD-10446,2025-03-15,CUST-1920,PROD-41,4,0.0,Credit Card,19.32
ORD-10447,2024-09-16,CUST-1847,PROD-42,5,0.05,Store Credit,4.47
ORD-10448,07/03/2024,CUST-1191,PROD-23,2,0.2,Debit Card,9.94
ORD-10449,2024-11-17,CUST-1012,PROD-46,4,0.15,Debit Card,18.37
ORD-10450,2025-07-29,CUST-1218,PROD-34,5,0.05,,19.13
ORD-10451,2025-11-18,CUST-1432,PROD-44,3,0.05,PayPal,7.14
ORD-10452,2025-05-20,CUST-9999,PROD-27,4,0.0,,9.22
ORD-10453,2025-01-27,CUST-1019,PROD-42,5,0.0,Store Credit,8.54
ORD-10454,2025-02-16,CUST-1541,PROD-03,1,0.0,Store Credit,5.51
ORD-10455,03/01/2025,CUST-1772,PROD-23,5,0.05,Store Credit,13.79
ORD-10456,2025-02-06,CUST-9999,PROD-32,1,0.05,,5.63
ORD-10457,2024-08-17,CUST-1108,PROD-21,4,0.0,PayPal,5.4
ORD-10458,01/12/2025,CUST-1006,PROD-45,3,0.0,Credit Card,4.76
ORD-10459,2024-11-07,CUST-1628,PROD-25,2,0.0,,11.36
ORD-10460,2024-05-09,CUST-1599,PROD-27,1,0.15,,7.84
ORD-10461,2025-05-04,,PROD-21,4,0.0,Credit Card,8.21
ORD-10462,10/30/2024,CUST-1856,PROD-16,2,0.2,Credit Card,5.19
ORD-10463,2025-05-21,CUST-1222,PROD-30,2,0.1,Credit Card,9.44
ORD-10464,08/27/2025,CUST-1321,PROD-49,4,0.2,PayPal,17.55
ORD-10465,18-04-2024,CUST-1373,PROD-25,5,0.15,PayPal,16.47
ORD-10466,2024-07-11,CUST-1703,PROD-20,5,0.2,Credit Card,6.35
ORD-10467,04/19/2024,CUST-1916,PROD-30,1,0.1,,11.23
ORD-10468,2024-09-28,CUST-1363,PROD-28,4,0.15,Store Credit,12.12
ORD-10469,2024-02-24,CUST-1051,PROD-42,4,0.0,Debit Card,7.02
ORD-10470,2024-06-29,CUST-1506,PROD-34,1,0.2,PayPal,19.33
ORD-10471,2024-08-12,CUST-1590,PROD-18,5,0.0,Debit Card,7.61
ORD-10472,2025-09-27,CUST-1403,PROD-07,3,0.1,PayPal,6.73
ORD-10473,2024-07-27,CUST-1611,PROD-19,1,0.0,,18.51
ORD-10474,2025-09-29,CUST-1929,PROD-45,3,0.2,Credit Card,6.66
ORD-10475,06-12-2024,CUST-1014,PROD-43,3,0.0,PayPal,19.58
ORD-10476,2024-03-19,CUST-1010,PROD-39,4,0.15,Credit Card,11.8
ORD-10477,2024-09-10,CUST-1018,PROD-37,3,0.0,,12.04
ORD-10478,05/30/2024,CUST-1824,PROD-48,4,0.2,Debit Card,19.83
ORD-10479,2024-09-20,CUST-1470,PROD-01,3,0.2,Debit Card,18.25
ORD-10480,11/10/2025,CUST-1611,PROD-31,5,0.2,Credit Card,6.36
ORD-10481,02/24/2025,CUST-1146,PROD-23,2,0.15,Store Credit,9.74
ORD-10482,2024-04-01,CUST-1655,PROD-07,5,0.1,,6.79
ORD-10483,2025-11-26,CUST-1604,PROD-27,3,0.05,PayPal,4.65
ORD-10484,06/16/2025,CUST-1126,PROD-28,5,0.05,Debit Card,5.75
ORD-10485,2024-01-09,CUST-1478,PROD-44,3,0.15,,14.62
ORD-10486,2024-11-06,CUST-1302,PROD-01,2,0.05,,5.96
ORD-10487,2025-05-15,CUST-1677,PROD-01,2,0.05,Debit Card,16.55
ORD-10488,2025-05-29,CUST-1159,PROD-06,2,0.2,PayPal,10.9
ORD-10489,2024-03-23,CUST-1956,PROD-23,4,0.1,Store Credit,19.46
ORD-10490,10-04-2024,CUST-1612,PROD-20,4,0.2,Debit Card,16.86
ORD-10491,2024-05-22,CUST-1139,PROD-27,3,0.05,Credit Card,8.75
ORD-10492,2025-10-05,CUST-1802,PROD-28,5,0.1,Debit Card,12.05
ORD-10493,12/02/2025,CUST-1438,PROD-30,4,0.1,Credit Card,18.59
ORD-10494,28-01-2024,CUST-1774,PROD-09,3,0.0,,12.19
ORD-10495,2024-05-10,CUST-1899,PROD-19,4,0.0,Store Credit,14.71
ORD-10496,04/18/2025,CUST-1472,PROD-04,3,0.2,Credit Card,9.33
ORD-10497,04/09/2024,CUST-1708,PROD-22,1,0.2,,14.78
ORD-10498,02/24/2024,CUST-1576,PROD-48,2,0.0,PayPal,8.8
ORD-10499,11/14/2024,CUST-1825,PROD-32,2,0.0,Credit Card,3.99
ORD-10500,09/10/2025,CUST-1254,PROD-14,1,0.15,Store Credit,10.24
ORD-10501,2024-05-04,CUST-1189,PROD-16,5,0.05,,14.89
ORD-10502,2025-11-04,CUST-1652,PROD-02,2,0.0,,15.86
ORD-10503,2025-07-13,CUST-1297,PROD-43,5,0.1,Debit Card,14.67
ORD-10504,2025-02-04,CUST-1476,PROD-27,2,0.0,Debit Card,11.3
ORD-10505,2025-07-31,CUST-1035,PROD-42,5,0.1,Credit Card,18.52
ORD-10506,29-12-2024,CUST-1741,PROD-30,2,0.05,,17.68
ORD-10507,2025-05-30,CUST-1538,PROD-25,2,0.2,PayPal,9.62
ORD-10508,2025-07-30,CUST-1806,PROD-09,3,0.1,Credit Card,18.65
ORD-10509,2025-10-22,,PROD-39,5,0.2,,16.4
ORD-10510,2025-06-22,CUST-1603,PROD-38,5,0.1,Credit Card,4.71
ORD-10511,2024-06-11,CUST-1512,PROD-44,2,0.2,PayPal,5.68
ORD-10512,06/27/2024,CUST-1997,PROD-27,1,0.15,Debit Card,5.82
ORD-10513,2024-03-15,CUST-1647,PROD-02,3,0.0,Store Credit,10.03
ORD-10514,2025-10-14,CUST-1259,PROD-32,3,0.0,PayPal,15.86
ORD-10515,03/20/2025,CUST-1197,PROD-06,1,0.0,Credit Card,16.95
ORD-10516,2024-01-06,CUST-1560,PROD-05,5,0.1,PayPal,17.31
ORD-10517,08/07/2025,CUST-1366,PROD-40,2,0.0,Store Credit,10.83
ORD-10518,01/20/2025,CUST-1131,PROD-34,1,0.1,PayPal,4.81
ORD-10519,2025-07-07,CUST-1964,PROD-19,3,0.1,Debit Card,5.08
ORD-10520,10-06-2024,CUST-1590,PROD-16,5,0.15,Debit Card,10.38
ORD-10521,2024-02-28,CUST-1597,PROD-31,3,0.2,Credit Card,4.51
ORD-10522,2025-03-07,CUST-1784,PROD-04,5,0.2,Debit Card,18.78
ORD-10523,10-11-2025,CUST-1506,PROD-05,5,0.15,Credit Card,9.52
ORD-10524,13-03-2024,CUST-1628,PROD-06,4,0.0,Debit Card,15.56
ORD-10525,2024-04-16,CUST-1666,PROD-23,3,0.0,Credit Card,18.89
ORD-10526,01/27/2024,CUST-1548,PROD-39,1,0.15,Store Credit,4.82
ORD-10527,2025-01-21,CUST-1438,PROD-36,4,0.0,,19.71
ORD-10528,2025-01-11,CUST-1941,PROD-04,1,0.15,Credit Card,7.62
ORD-10529,2025-07-03,CUST-9999,PROD-01,2,0.0,Credit Card,4.9
ORD-10530,2025-03-25,CUST-1359,PROD-39,2,0.05,PayPal,13.69
ORD-10531,2025-05-05,CUST-1079,PROD-17,2,0.1,Debit Card,18.35
ORD-10532,2024-08-13,CUST-1376,PROD-50,2,0.15,Debit Card,9.09
ORD-10533,2025-07-08,CUST-1923,PROD-27,5,0.1,Debit Card,5.25
ORD-10534,05/20/2024,CUST-1313,PROD-48,1,0.05,PayPal,4.56
ORD-10535,2024-08-28,CUST-1465,PROD-08,1,0.05,Debit Card,13.4
ORD-10536,11/03/2024,CUST-1286,PROD-40,1,0.1,Store Credit,11.09
ORD-10537,2024-08-17,CUST-1442,PROD-35,3,0.0,,16.2
ORD-10538,27-01-2024,CUST-1345,PROD-17,5,0.0,Credit Card,9.45
ORD-10539,2025-09-28,CUST-1747,PROD-48,1,0.15,Store Credit,19.23
ORD-10540,2025-11-25,CUST-9999,PROD-35,5,0.2,,16.29
ORD-10541,2024-09-23,CUST-1764,PROD-16,1,0.05,Debit Card,5.36
ORD-10542,09/12/2024,CUST-1585,PROD-26,3,0.05,Debit Card,14.54
ORD-10543,10/30/2025,CUST-1128,PROD-20,3,0.05,PayPal,11.09
ORD-10544,2024-01-18,CUST-1990,PROD-23,5,0.0,Store Credit,4.93
ORD-10545,2024-03-22,CUST-1322,PROD-05,3,0.05,Debit Card,17.89
ORD-10546,2024-05-10,CUST-1893,PROD-40,2,0.0,Credit Card,6.94
ORD-10547,06/02/2025,CUST-1043,PROD-36,1,0.2,Debit Card,19.59
ORD-10548,2024-01-17,CUST-1362,PROD-35,5,0.0,Debit Card,5.74
ORD-10549,2025-06-03,CUST-1243,PROD-14,3,0.2,Store Credit,5.13
ORD-10550,03/12/2025,CUST-1335,PROD-39,3,0.1,Debit Card,11.52
ORD-10551,2024-10-28,CUST-1046,PROD-19,5,0.0,Credit Card,13.73
ORD-10552,2024-11-16,CUST-1521,PROD-38,2,0.1,,4.51
ORD-10553,2024-06-02,CUST-9999,PROD-06,2,0.15,,19.96
ORD-10554,2025-10-07,CUST-1751,PROD-08,5,0.0,,11.55
ORD-10555,2025-06-21,CUST-1200,PROD-37,2,0.05,PayPal,16.77
ORD-10556,2025-01-05,CUST-1996,PROD-08,4,0.2,Store Credit,9.78
ORD-10557,2024-12-26,CUST-1371,PROD-42,2,0.1,Store Credit,7.67
ORD-10558,08-05-2024,CUST-1932,PROD-27,2,0.15,Debit Card,16.72
ORD-10559,2024-12-15,CUST-1432,PROD-33,5,0.1,PayPal,18.39
ORD-10560,2025-04-09,CUST-1270,PROD-49,4,0.2,Credit Card,6.01
ORD-10561,02/04/2024,CUST-1171,PROD-05,5,0.1,Store Credit,9.66
ORD-10562,2025-02-15,CUST-1301,PROD-08,3,0.15,,13.86
ORD-10563,2024-02-16,CUST-1973,PROD-29,4,0.2,Store Credit,8.62
ORD-10564,05/03/2025,CUST-1742,PROD-50,5,0.0,PayPal,18.32
ORD-10565,2025-08-30,CUST-1465,PROD-25,2,0.15,,8.46
ORD-10566,2024-04-09,CUST-1050,PROD-37,5,0.15,,17.5
ORD-10567,2025-03-12,CUST-1776,PROD-12,1,0.2,PayPal,10.88
ORD-10568,2024-10-11,CUST-1102,PROD-23,1,0.05,Debit Card,11.78
ORD-10569,17-08-2024,CUST-1940,PROD-17,1,0.0,Debit Card,6.25
ORD-10570,2024-07-30,CUST-1173,PROD-02,1,0.15,,16.77
ORD-10571,2024-01-07,CUST-1379,PROD-14,5,0.1,Store Credit,12.32
ORD-10572,2025-04-09,CUST-1724,PROD-08,4,0.1,Debit Card,5.38
ORD-10573,20-05-2024,CUST-1120,PROD-23,2,0.2,Credit Card,9.22
ORD-10574,2025-06-03,CUST-1754,PROD-33,1,0.2,Debit Card,18.27
ORD-10575,2024-02-09,CUST-1814,PROD-34,5,0.2,Credit Card,19.18
ORD-10576,2025-10-04,CUST-1386,PROD-15,3,0.1,PayPal,11.74
ORD-10577,07/10/2024,CUST-1204,PROD-41,5,0.2,PayPal,4.04
ORD-10578,2024-03-09,CUST-1728,PROD-12,3,0.15,Store Credit,14.09
ORD-10579,2024-08-28,CUST-1673,PROD-12,2,0.05,Store Credit,11.83
ORD-10580,2025-10-07,CUST-1493,PROD-19,1,0.05,Store Credit,19.5
ORD-10581,2024-11-29,CUST-1181,PROD-30,1,0.05,Store Credit,15.27
ORD-10582,05/10/2025,CUST-1616,PROD-27,1,0.05,Debit Card,12.11
ORD-10583,2025-02-22,CUST-1268,PROD-44,4,0.1,Store Credit,10.37
ORD-10584,2024-02-25,CUST-1348,PROD-41,3,0.1,Store Credit,7.53
ORD-10585,2024-06-19,CUST-1113,PROD-40,2,0.15,,4.31
ORD-10586,01/22/2024,CUST-1722,PROD-22,5,0.0,Credit Card,12.29
ORD-10587,2025-01-05,CUST-9999,PROD-35,2,0.05,PayPal,18.56
ORD-10588,2024-12-05,CUST-1255,PROD-01,1,0.15,Credit Card,12.01
ORD-10589,2025-05-11,CUST-1025,PROD-15,2,0.0,Debit Card,15.99
ORD-10590,2025-01-21,CUST-1759,PROD-18,1,0.0,,15.54
ORD-10591,2025-03-01,CUST-1555,PROD-39,1,0.2,,16.67
ORD-10592,07/17/2024,CUST-1804,PROD-21,1,0.05,Debit Card,11.33
ORD-10593,2024-04-12,CUST-1483,PROD-25,1,0.0,Store Credit,12.97
ORD-10594,2025-05-09,CUST-1519,PROD-16,4,0.2,Store Credit,19.21
ORD-10595,07/13/2025,CUST-1592,PROD-02,2,0.1,Debit Card,11.62
ORD-10596,2024-04-21,CUST-1830,PROD-41,1,0.15,PayPal,7.31
ORD-10597,2025-05-16,CUST-1413,PROD-40,5,0.2,,16.16
ORD-10598,03/01/2024,CUST-1319,PROD-48,2,0.0,Debit Card,15.01
ORD-10599,2025-09-05,CUST-1707,PROD-14,4,0.15,Store Credit,9.0
ORD-10600,2025-10-29,CUST-1495,PROD-33,1,0.0,Store Credit,15.18
ORD-10601,2025-01-19,CUST-1533,PROD-48,2,0.1,Credit Card,4.61
ORD-10602,2025-03-10,CUST-1538,PROD-32,5,0.1,Store Credit,4.14
ORD-10603,2024-04-30,CUST-1945,PROD-44,3,0.15,Debit Card,13.01
ORD-10604,2024-06-18,CUST-1210,PROD-40,3,0.15,,8.01
ORD-10605,2025-04-18,CUST-1765,PROD-47,2,0.0,,15.43
ORD-10606,2025-04-30,CUST-1154,PROD-31,1,0.05,PayPal,7.18
ORD-10607,2024-04-06,CUST-1063,PROD-40,2,0.0,Debit Card,14.17
ORD-10608,2024-08-19,CUST-1198,PROD-18,4,0.15,Debit Card,9.87
ORD-10609,16-02-2025,CUST-1657,PROD-43,5,0.0,Credit Card,15.68
ORD-10610,2024-10-13,CUST-1130,PROD-34,4,0.05,,16.34
ORD-10611,2025-08-29,,PROD-48,4,0.0,PayPal,4.03
ORD-10612,25-08-2024,CUST-1823,PROD-40,2,0.1,Credit Card,9.16
ORD-10613,2024-02-23,CUST-1436,PROD-43,3,0.15,Credit Card,7.84
ORD-10614,2025-02-06,CUST-1486,PROD-23,5,0.05,,5.24
ORD-10615,09/11/2025,CUST-1969,PROD-41,2,0.1,,11.06
ORD-10616,12/12/2025,CUST-1572,PROD-28,2,0.0,Debit Card,17.68
ORD-10617,2025-11-17,CUST-1632,PROD-36,2,0.1,Debit Card,6.85
ORD-10618,2024-01-11,CUST-1200,PROD-01,3,0.0,Debit Card,18.64
ORD-10619,29-05-2025,CUST-1035,PROD-42,4,0.1,Credit Card,19.92
ORD-10620,2025-12-22,CUST-1995,PROD-37,4,0.15,Store Credit,11.83
ORD-10621,04/29/2025,CUST-1559,PROD-07,1,0.15,PayPal,15.28
ORD-10622,06/30/2024,CUST-1430,PROD-08,1,0.05,Credit Card,17.72
ORD-10623,11-10-2024,CUST-1629,PROD-48,3,0.2,PayPal,18.48
ORD-10624,08/23/2025,CUST-1015,PROD-43,1,0.0,PayPal,17.19
ORD-10625,2025-05-28,CUST-1177,PROD-29,5,0.0,,10.54
ORD-10626,10/12/2025,CUST-1004,PROD-20,3,0.0,Debit Card,11.45
ORD-10627,2025-12-14,CUST-1091,PROD-08,2,0.2,Credit Card,6.96
ORD-10628,2025-08-28,CUST-1174,PROD-01,3,0.1,Credit Card,18.03
ORD-10629,2024-09-09,CUST-1966,PROD-13,2,0.05,Credit Card,10.06
ORD-10630,2024-10-20,CUST-1324,PROD-27,2,0.05,PayPal,6.82
ORD-10631,2024-10-29,CUST-1095,PROD-32,3,0.05,,11.18
ORD-10632,2025-10-08,CUST-1973,PROD-38,5,0.15,PayPal,19.89
ORD-10633,2025-03-20,CUST-1816,PROD-19,5,0.15,Debit Card,5.44
ORD-10634,2024-08-03,CUST-1033,PROD-08,2,0.1,PayPal,11.47
ORD-10635,2024-11-26,CUST-1603,PROD-03,1,0.2,Debit Card,17.9
ORD-10636,2024-01-09,CUST-1345,PROD-42,2,0.05,Debit Card,6.59
ORD-10637,2025-07-13,CUST-1829,PROD-40,5,0.2,Store Credit,15.69
ORD-10638,04/29/2025,CUST-1383,PROD-39,4,0.05,Credit Card,19.52
ORD-10639,08/27/2024,CUST-1520,PROD-07,3,0.15,Store Credit,13.48
ORD-10640,2024-06-16,CUST-1908,PROD-39,5,0.0,,16.02
ORD-10641,2024-05-13,CUST-1056,PROD-06,2,0.05,Store Credit,10.33
ORD-10642,2025-04-16,CUST-1905,PROD-12,1,0.0,PayPal,17.71
ORD-10643,2025-03-23,CUST-1702,PROD-36,3,0.0,Store Credit,6.54
ORD-10644,2024-04-12,CUST-1716,PROD-14,4,0.1,PayPal,16.2
ORD-10645,2024-04-08,CUST-1958,PROD-09,3,0.05,Store Credit,13.54
ORD-10646,2025-06-30,CUST-1759,PROD-38,5,0.0,PayPal,9.9
ORD-10647,2024-12-14,CUST-1614,PROD-49,1,0.2,PayPal,6.2
ORD-10648,2024-07-11,CUST-1096,PROD-22,2,0.1,PayPal,8.55
ORD-10649,2025-01-31,CUST-1268,PROD-27,4,0.2,,17.34
ORD-10650,04/21/2025,CUST-1751,PROD-07,4,0.0,PayPal,9.09
ORD-10651,2025-08-11,CUST-1012,PROD-32,4,0.1,Credit Card,8.84
ORD-10652,09/21/2024,CUST-1827,PROD-29,4,0.2,Debit Card,17.5
ORD-10653,2025-01-08,CUST-1435,PROD-35,1,0.0,Credit Card,9.38
ORD-10654,2025-12-25,CUST-1833,PROD-40,4,0.1,Credit Card,11.43
ORD-10655,2024-02-10,CUST-1376,PROD-04,3,0.05,Store Credit,9.39
ORD-10656,10/30/2024,CUST-1274,PROD-12,4,0.0,Store Credit,9.18
ORD-10657,2025-10-13,CUST-1750,PROD-03,4,0.0,PayPal,5.33
ORD-10658,2024-04-06,CUST-1506,PROD-28,3,0.1,,7.9
ORD-10659,2025-06-20,CUST-1335,PROD-24,5,0.2,Credit Card,10.1
ORD-10660,2024-03-21,CUST-1310,PROD-28,2,0.2,Debit Card,15.54
ORD-10661,03/22/2024,CUST-1120,PROD-13,3,0.15,,12.62
ORD-10662,2024-09-06,CUST-1588,PROD-31,4,0.05,PayPal,8.42
ORD-10663,2025-11-18,CUST-1186,PROD-44,1,0.1,PayPal,4.29
ORD-10664,2025-02-28,CUST-1474,PROD-39,3,0.0,PayPal,7.59
ORD-10665,2025-12-27,CUST-1295,PROD-47,4,0.15,Store Credit,14.15
ORD-10666,2024-12-02,CUST-1572,PROD-01,3,0.05,Store Credit,6.42
ORD-10667,2025-05-25,CUST-1690,PROD-25,1,0.2,,19.47
ORD-10668,2025-10-08,CUST-9999,PROD-06,5,0.05,Debit Card,8.66
ORD-10669,2024-11-18,CUST-1160,PROD-40,5,0.05,,10.89
ORD-10670,01/24/2024,CUST-1762,PROD-32,4,0.15,PayPal,10.04
ORD-10671,2024-05-06,CUST-1114,PROD-37,2,0.2,Store Credit,12.79
ORD-10672,12/26/2024,CUST-1614,PROD-18,3,0.2,Credit Card,14.62
ORD-10673,04-12-2025,CUST-1326,PROD-33,4,0.0,Store Credit,11.91
ORD-10674,2025-04-20,CUST-1161,PROD-12,1,0.15,Debit Card,16.2
ORD-10675,2025-11-02,CUST-1393,PROD-38,4,0.1,PayPal,14.17
ORD-10676,2025-09-25,CUST-1516,PROD-06,4,0.0,Debit Card,13.75
ORD-10677,2024-06-19,CUST-1094,PROD-24,5,0.2,Store Credit,12.82
ORD-10678,07/16/2024,CUST-1378,PROD-47,2,0.1,PayPal,9.15
ORD-10679,2024-10-27,CUST-1592,PROD-30,5,0.1,PayPal,16.74
ORD-10680,2025-04-17,CUST-1619,PROD-22,2,0.0,Store Credit,15.54
ORD-10681,2024-03-12,CUST-1694,PROD-27,4,0.1,Credit Card,16.52
ORD-10682,23-09-2024,CUST-1733,PROD-50,5,0.2,Credit Card,11.01
ORD-10683,2024-03-02,CUST-1843,PROD-47,3,0.1,,14.06
ORD-10684,2025-03-26,CUST-1150,PROD-17,5,0.0,PayPal,9.85
ORD-10685,2025-11-03,CUST-1815,PROD-31,1,0.05,Credit Card,11.32
ORD-10686,2025-12-27,CUST-1267,PROD-22,4,0.05,Store Credit,15.18
ORD-10687,2025-08-04,CUST-1144,PROD-10,1,0.0,Debit Card,13.01
ORD-10688,2024-10-25,CUST-1582,PROD-41,4,0.2,Debit Card,6.46
ORD-10689,2025-12-12,CUST-1880,PROD-25,2,0.0,PayPal,13.32
ORD-10690,2024-05-31,CUST-1739,PROD-33,5,0.1,Store Credit,13.89
ORD-10691,23-06-2024,CUST-1602,PROD-33,3,0.1,Store Credit,14.36
ORD-10692,2025-06-21,CUST-1389,PROD-01,1,0.05,PayPal,8.94
ORD-10693,2024-08-17,CUST-1747,PROD-08,3,0.1,Store Credit,13.1
ORD-10694,15-10-2025,CUST-1867,PROD-34,2,0.05,Credit Card,10.37
ORD-10695,11-04-2024,CUST-1278,PROD-36,5,0.0,Credit Card,11.14
ORD-10696,2025-06-19,CUST-1758,PROD-12,2,0.0,Store Credit,6.83
ORD-10697,2025-09-15,CUST-1761,PROD-13,1,0.0,,8.83
ORD-10698,2024-07-31,CUST-1596,PROD-31,5,0.0,Debit Card,16.63
ORD-10699,2024-03-15,CUST-1086,PROD-31,5,0.15,PayPal,13.56
ORD-10700,2024-11-03,CUST-1882,PROD-08,4,0.2,PayPal,13.41
ORD-10701,2025-10-12,CUST-1001,PROD-17,5,0.05,Store Credit,14.09
ORD-10702,2024-12-02,CUST-1975,PROD-42,5,0.0,Debit Card,8.39
ORD-10703,2025-07-28,CUST-1115,PROD-49,4,0.0,Debit Card,18.28
ORD-10704,2025-06-05,CUST-1068,PROD-49,3,0.0,Store Credit,9.47
ORD-10705,2025-12-04,CUST-1798,PROD-07,2,0.05,,8.88
ORD-10706,2025-06-27,CUST-1950,PROD-40,2,0.05,PayPal,7.06
ORD-10707,02/09/2025,CUST-1625,PROD-43,5,0.1,,16.61
ORD-10708,2024-10-02,CUST-1957,PROD-20,3,0.05,Debit Card,17.26
ORD-10709,2024-11-18,CUST-1403,PROD-49,4,0.0,Store Credit,9.65
ORD-10710,23-05-2024,CUST-1020,PROD-46,3,0.05,Debit Card,4.37
ORD-10711,03/13/2025,CUST-1574,PROD-48,2,0.15,,11.03
ORD-10712,2024-10-07,CUST-1334,PROD-47,5,0.1,Credit Card,16.49
ORD-10713,2025-02-03,CUST-1499,PROD-16,5,0.15,Store Credit,4.94
ORD-10714,2024-02-27,CUST-1379,PROD-29,1,0.1,PayPal,18.08
ORD-10715,2024-03-16,CUST-1424,PROD-10,5,0.05,,7.19
ORD-10716,2024-03-31,CUST-1560,PROD-49,5,0.15,Debit Card,15.02
ORD-10717,05/23/2024,CUST-1805,PROD-45,3,0.05,Store Credit,15.95
ORD-10718,2024-08-07,CUST-1472,PROD-24,3,0.05,,15.95
ORD-10719,2024-01-24,CUST-1438,PROD-26,1,0.15,Credit Card,18.6
ORD-10720,2025-06-08,CUST-1033,PROD-33,3,0.15,Store Credit,8.51
ORD-10721,2024-12-07,CUST-1579,PROD-06,1,0.15,PayPal,16.77
ORD-10722,2024-03-30,CUST-1666,PROD-13,4,0.05,Store Credit,11.21
ORD-10723,2024-06-04,CUST-1664,PROD-37,5,0.2,Store Credit,18.22
ORD-10724,2025-02-15,CUST-1849,PROD-25,2,0.05,Store Credit,6.4
ORD-10725,2024-08-16,CUST-1546,PROD-30,2,0.15,Debit Card,18.28
ORD-10726,2025-08-13,CUST-1212,PROD-20,1,0.15,,19.1
ORD-10727,02/10/2024,CUST-1978,PROD-05,3,0.0,PayPal,7.22
ORD-10728,2024-06-16,CUST-1959,PROD-14,1,0.0,Store Credit,5.96
ORD-10729,2025-01-19,CUST-1875,PROD-48,1,0.1,Store Credit,10.38
ORD-10730,07/29/2024,CUST-1128,PROD-06,5,0.15,,5.94
ORD-10731,2024-08-02,CUST-1620,PROD-23,3,0.1,PayPal,7.36
ORD-10732,04/02/2024,CUST-1262,PROD-33,4,0.0,Credit Card,10.07
ORD-10733,2025-03-06,CUST-1364,PROD-24,1,0.1,Debit Card,7.66
ORD-10734,2025-12-19,CUST-1400,PROD-31,3,0.2,Debit Card,4.72
ORD-10735,2024-09-11,CUST-1532,PROD-10,4,0.0,Credit Card,13.53
ORD-10736,08/02/2024,CUST-1381,PROD-40,2,0.1,PayPal,6.78
ORD-10737,15-06-2025,CUST-1830,PROD-43,1,0.0,Credit Card,11.95
ORD-10738,2024-11-09,CUST-1862,PROD-17,1,0.0,Debit Card,4.45
ORD-10739,2025-04-26,CUST-1936,PROD-27,4,0.15,,6.71
ORD-10740,2024-04-12,CUST-1095,PROD-27,1,0.1,Store Credit,19.72
ORD-10741,2025-07-03,CUST-1829,PROD-41,-2,0.1,Store Credit,18.38
ORD-10742,2024-09-20,CUST-1375,PROD-40,1,0.1,Store Credit,15.97
ORD-10743,2025-08-07,CUST-1133,PROD-10,1,0.2,Credit Card,15.47
ORD-10744,16-10-2024,CUST-1232,PROD-17,3,0.05,Store Credit,14.68
ORD-10745,2025-06-16,CUST-9999,PROD-18,2,0.05,Store Credit,9.99
ORD-10746,2024-05-28,CUST-1036,PROD-48,4,0.2,Credit Card,16.7
ORD-10747,2024-07-05,CUST-1856,PROD-16,3,0.0,,11.68
ORD-10748,2024-12-18,CUST-1995,PROD-37,2,0.1,,8.19
ORD-10749,2025-03-26,CUST-1787,PROD-33,3,0.0,Debit Card,9.45
ORD-10750,05/14/2025,CUST-1099,PROD-43,5,0.05,Credit Card,16.5
ORD-10751,2025-03-12,,PROD-09,4,0.0,Credit Card,12.8
ORD-10752,2024-10-29,CUST-1464,PROD-28,1,0.15,PayPal,10.35
ORD-10753,2025-06-07,CUST-1228,PROD-50,3,0.15,,16.47
ORD-10754,07/30/2025,CUST-1820,PROD-35,2,0.2,,6.66
ORD-10755,2024-06-11,CUST-1650,PROD-40,2,0.15,,10.77
ORD-10756,2024-07-26,CUST-1972,PROD-26,5,0.1,Store Credit,11.48
ORD-10757,05/19/2024,CUST-1077,PROD-17,3,0.0,,13.49
ORD-10758,2024-03-09,CUST-1148,PROD-31,2,0.1,PayPal,14.33
ORD-10759,2025-02-04,CUST-1359,PROD-05,3,0.0,Store Credit,5.97
ORD-10760,22-08-2025,CUST-1455,PROD-10,3,0.0,Credit Card,12.32
ORD-10761,2025-06-20,CUST-1483,PROD-15,3,0.0,,15.88
ORD-10762,2025-04-10,CUST-1773,PROD-47,3,0.0,Store Credit,17.4
ORD-10763,2024-09-18,CUST-1600,PROD-11,4,0.05,PayPal,12.36
ORD-10764,31-03-2024,CUST-1614,PROD-24,4,0.2,Store Credit,10.74
ORD-10765,2025-10-15,CUST-1863,PROD-47,3,0.2,,9.25
ORD-10766,11/13/2025,CUST-9999,PROD-06,500,0.2,Store Credit,7.87
ORD-10767,2025-05-21,CUST-1273,PROD-07,4,0.15,,17.39
ORD-10768,2025-01-19,CUST-1684,PROD-25,1,0.15,Credit Card,13.2
ORD-10769,30-04-2024,CUST-1595,PROD-44,5,0.1,Store Credit,15.48
ORD-10770,2024-02-10,CUST-1873,PROD-30,5,0.0,Store Credit,17.0
ORD-10771,10/05/2025,CUST-1930,PROD-02,2,0.0,Debit Card,5.57
ORD-10772,02/26/2025,CUST-1870,PROD-17,3,0.05,PayPal,8.42
ORD-10773,2024-02-18,CUST-1651,PROD-17,2,0.0,,16.32
ORD-10774,2025-07-14,CUST-1772,PROD-23,2,0.1,Credit Card,9.33
ORD-10775,2025-09-23,CUST-1990,PROD-15,3,0.0,Credit Card,14.22
ORD-10776,2024-11-16,CUST-1775,PROD-25,4,0.05,Debit Card,16.88
ORD-10777,01/05/2025,CUST-1331,PROD-02,5,0.05,,15.19
ORD-10778,2025-07-27,CUST-1183,PROD-26,1,0.0,Credit Card,5.44
ORD-10779,04-09-2025,CUST-1873,PROD-17,3,0.15,Debit Card,10.34
ORD-10780,2025-01-29,CUST-1835,PROD-19,1,0.05,PayPal,11.07
ORD-10781,2024-02-11,CUST-1281,PROD-02,2,0.0,PayPal,11.04
ORD-10782,2024-08-09,CUST-1988,PROD-02,4,0.1,Store Credit,12.89
ORD-10783,2025-08-04,CUST-1532,PROD-38,5,0.1,Debit Card,15.3
ORD-10784,01/07/2025,CUST-1380,PROD-24,2,0.05,,9.7
ORD-10785,2025-12-10,CUST-1720,PROD-16,5,0.0,Credit Card,19.69
ORD-10786,06/03/2025,CUST-1108,PROD-39,3,0.2,,17.13
ORD-10787,2024-08-17,CUST-1055,PROD-30,4,0.15,Store Credit,5.02
ORD-10788,2024-06-24,CUST-1666,PROD-04,4,0.2,PayPal,5.01
ORD-10789,2024-12-28,CUST-1584,PROD-17,1,0.2,,11.84
ORD-10790,12/22/2025,CUST-1406,PROD-14,3,0.15,Debit Card,9.28
ORD-10791,08/06/2025,CUST-1417,PROD-10,5,0.05,Credit Card,19.52
ORD-10792,02/24/2024,CUST-1123,PROD-50,5,0.0,,10.61
ORD-10793,06/14/2024,CUST-1616,PROD-50,2,0.0,Credit Card,14.38
ORD-10794,05/21/2025,CUST-1097,PROD-26,4,0.1,Store Credit,15.13
ORD-10795,05/21/2024,CUST-1319,PROD-23,4,0.05,Store Credit,5.44
ORD-10796,2024-09-23,CUST-1663,PROD-41,4,0.0,,8.11
ORD-10797,2025-09-12,CUST-1700,PROD-24,1,0.15,Credit Card,4.06
ORD-10798,2025-01-28,CUST-1582,PROD-37,1,0.0,PayPal,14.17
ORD-10799,2025-05-25,CUST-1354,PROD-07,2,0.15,Debit Card,13.17
ORD-10800,03/27/2025,CUST-1182,PROD-33,4,0.0,,4.61
ORD-10801,04-07-2025,CUST-1124,PROD-20,1,0.05,PayPal,13.43
ORD-10802,20-06-2024,CUST-1618,PROD-10,3,0.1,,17.3
ORD-10803,03-04-2025,CUST-1068,PROD-22,2,0.0,Store Credit,7.0
ORD-10804,2025-02-17,CUST-1944,PROD-31,5,0.0,,5.45
ORD-10805,2025-11-01,CUST-1589,PROD-45,4,0.15,PayPal,8.51
ORD-10806,2024-05-18,CUST-1967,PROD-41,4,0.1,Credit Card,11.84
ORD-10807,2025-05-18,CUST-1625,PROD-25,3,0.2,Credit Card,12.43
ORD-10808,2024-02-12,CUST-1914,PROD-38,5,0.15,PayPal,14.24
ORD-10809,2024-02-19,CUST-1311,PROD-25,5,0.0,Store Credit,15.81
ORD-10810,06/20/2025,CUST-1698,PROD-45,2,0.0,Store Credit,19.19
ORD-10811,08/14/2024,CUST-1209,PROD-32,5,0.0,Credit Card,18.74
ORD-10812,29-07-2024,CUST-1298,PROD-01,3,0.0,Store Credit,17.22
ORD-10813,15-01-2025,CUST-1160,PROD-10,5,0.2,Debit Card,18.1
ORD-10814,2025-03-08,CUST-1924,PROD-41,3,0.1,Credit Card,10.64
ORD-10815,2025-02-27,CUST-1195,PROD-50,5,0.0,Store Credit,4.66
ORD-10816,2025-04-04,CUST-1073,PROD-41,2,0.1,Credit Card,6.92
ORD-10817,2024-12-01,CUST-1979,PROD-44,4,0.05,,8.57
ORD-10818,2025-08-06,CUST-1405,PROD-13,5,0.1,PayPal,6.02
ORD-10819,2024-02-06,CUST-1235,PROD-03,2,0.0,Credit Card,7.86
ORD-10820,2025-09-22,CUST-1453,PROD-39,5,0.0,PayPal,15.59
ORD-10821,2024-02-14,CUST-1350,PROD-17,3,0.1,PayPal,18.42
ORD-10822,2024-02-27,CUST-1299,PROD-33,2,0.2,PayPal,9.36
ORD-10823,2025-03-25,CUST-1864,PROD-16,3,0.15,PayPal,6.28
ORD-10824,2024-11-21,CUST-1420,PROD-34,5,0.2,PayPal,15.58
ORD-10825,2024-11-25,CUST-1107,PROD-44,4,0.0,,4.92
ORD-10826,01/31/2025,CUST-1230,PROD-49,5,0.15,Credit Card,4.31
ORD-10827,02-05-2025,CUST-1290,PROD-44,4,0.2,PayPal,14.92
ORD-10828,2025-09-19,CUST-9999,PROD-41,2,0.1,,18.06
ORD-10829,2024-08-17,CUST-1179,PROD-25,2,0.05,Credit Card,10.9
ORD-10830,2024-11-03,CUST-1728,PROD-35,4,0.0,Debit Card,7.32
ORD-10831,2025-02-19,CUST-1752,PROD-29,4,0.1,Debit Card,9.39
ORD-10832,2025-11-12,CUST-1211,PROD-16,2,0.15,PayPal,19.16
ORD-10833,11/06/2025,CUST-1475,PROD-36,4,0.05,Debit Card,7.41
ORD-10834,2024-05-24,CUST-1464,PROD-20,5,0.1,Credit Card,7.18
ORD-10835,2024-12-11,CUST-1394,PROD-34,4,0.0,PayPal,10.17
ORD-10836,2025-11-14,CUST-9999,PROD-44,2,0.2,Store Credit,13.19
ORD-10837,2024-07-21,CUST-1252,PROD-48,4,0.05,,18.92
ORD-10838,2025-09-19,CUST-1037,PROD-44,1,0.0,Credit Card,4.13
ORD-10839,2024-02-24,CUST-1954,PROD-23,2,0.0,Debit Card,17.44
ORD-10840,2025-01-06,CUST-1927,PROD-29,2,0.05,Debit Card,5.61
ORD-10841,2025-07-29,CUST-1168,PROD-27,5,0.1,PayPal,12.98
ORD-10842,2025-10-05,CUST-9999,PROD-45,2,0.0,PayPal,18.54
ORD-10843,04/09/2024,CUST-1391,PROD-31,2,0.0,,15.0
ORD-10844,06-01-2025,CUST-1187,PROD-29,4,0.2,,9.49
ORD-10845,13-12-2024,CUST-1071,PROD-12,3,0.2,Store Credit,18.66
ORD-10846,23-04-2024,CUST-1685,PROD-13,3,0.05,Credit Card,9.67
ORD-10847,2025-05-21,CUST-1428,PROD-11,3,0.0,,8.47
ORD-10848,16-06-2025,CUST-1327,PROD-11,2,0.2,Debit Card,8.2
ORD-10849,2025-03-19,CUST-1778,PROD-43,1,0.05,,4.49
ORD-10850,2025-10-01,CUST-1310,PROD-25,4,0.1,Store Credit,4.57
ORD-10851,2025-11-19,CUST-1376,PROD-33,4,0.1,Debit Card,6.11
ORD-10852,12/20/2024,CUST-1501,PROD-19,4,0.2,Credit Card,16.88
ORD-10853,11/22/2024,CUST-1024,PROD-09,1,0.0,Credit Card,6.82
ORD-10854,2024-03-07,CUST-1798,PROD-06,1,0.2,Credit Card,15.77
ORD-10855,12/15/2024,CUST-1160,PROD-38,4,0.2,Debit Card,16.57
ORD-10856,2024-04-18,CUST-1143,PROD-13,1,0.0,Credit Card,15.48
ORD-10857,2024-04-03,CUST-1239,PROD-14,1,0.1,Debit Card,14.0
ORD-10858,2024-07-16,CUST-1508,PROD-39,4,0.05,,17.83
ORD-10859,2024-03-03,CUST-1082,PROD-12,3,0.0,,13.2
ORD-10860,2024-07-12,CUST-1078,PROD-13,3,0.0,PayPal,10.3
ORD-10861,2025-08-29,CUST-1656,PROD-19,3,0.05,PayPal,12.48
ORD-10862,01-11-2025,CUST-1289,PROD-49,1,0.0,Store Credit,9.5
ORD-10863,2024-03-02,CUST-1082,PROD-44,4,0.0,Credit Card,9.08
ORD-10864,2025-01-05,CUST-1983,PROD-05,3,0.1,Debit Card,15.87
ORD-10865,2025-05-06,CUST-1501,PROD-21,2,0.0,,6.72
ORD-10866,2025-12-08,CUST-1473,PROD-21,4,0.1,Store Credit,11.22
ORD-10867,05/25/2024,CUST-1973,PROD-02,3,0.1,PayPal,10.38
ORD-10868,2024-01-15,CUST-1928,PROD-12,2,0.0,Credit Card,4.25
ORD-10869,2025-04-28,CUST-1023,PROD-32,3,0.15,Debit Card,7.63
ORD-10870,2025-05-13,CUST-1446,PROD-11,1,0.05,Credit Card,5.06
ORD-10871,11/27/2024,CUST-1145,PROD-16,4,0.0,Store Credit,11.84
ORD-10872,2024-11-11,CUST-1319,PROD-44,5,0.0,,6.06
ORD-10873,2024-10-15,CUST-1706,PROD-09,4,0.0,Credit Card,11.14
ORD-10874,2025-03-03,CUST-1705,PROD-15,3,0.2,Store Credit,16.58
ORD-10875,2025-07-22,CUST-1716,PROD-13,3,0.2,,19.53
ORD-10876,08/22/2024,CUST-1833,PROD-16,4,0.0,Debit Card,12.17
ORD-10877,2024-04-07,CUST-1330,PROD-06,4,0.15,Debit Card,5.06
ORD-10878,02/02/2025,CUST-1283,PROD-46,1,0.1,PayPal,7.56
ORD-10879,2024-01-04,CUST-1495,PROD-36,3,0.05,Store Credit,19.75
ORD-10880,11-09-2025,CUST-1831,PROD-42,5,0.15,Credit Card,8.72
ORD-10881,03/03/2024,CUST-1819,PROD-33,4,0.1,Credit Card,8.76
ORD-10882,2024-07-28,CUST-1668,PROD-42,1,0.05,Store Credit,16.4
ORD-10883,2024-05-31,CUST-1161,PROD-39,3,0.0,Debit Card,11.29
ORD-10884,07/21/2024,CUST-1167,PROD-38,1,0.0,Credit Card,17.87
ORD-10885,2025-07-19,CUST-1852,PROD-47,1,0.2,Store Credit,14.33
ORD-10886,2025-02-09,CUST-1779,PROD-03,3,0.15,,4.62
ORD-10887,2025-06-07,CUST-1136,PROD-32,1,0.0,PayPal,5.63
ORD-10888,16-06-2024,CUST-1773,PROD-24,3,0.0,Store Credit,9.49
ORD-10889,2024-03-12,CUST-1538,PROD-27,4,0.2,PayPal,12.76
ORD-10890,04/01/2024,CUST-1119,PROD-49,3,0.0,PayPal,4.89
ORD-10891,2025-11-30,CUST-1864,PROD-45,1,0.0,PayPal,16.13
ORD-10892,05-06-2024,CUST-1328,PROD-21,4,0.0,,16.24
ORD-10893,2025-05-19,CUST-1425,PROD-36,2,0.15,Credit Card,7.33
ORD-10894,2025-08-19,CUST-1083,PROD-38,5,0.0,Store Credit,7.39
ORD-10895,2025-07-03,CUST-1638,PROD-19,3,0.15,Store Credit,6.55
ORD-10896,07/25/2024,CUST-1201,PROD-21,4,0.0,Debit Card,11.22
ORD-10897,2025-04-01,CUST-1525,PROD-50,2,0.0,Credit Card,10.19
ORD-10898,04/19/2024,CUST-1205,PROD-49,3,0.2,PayPal,18.18
ORD-10899,2024-11-06,CUST-1642,PROD-15,3,0.0,,4.37
ORD-10900,2024-01-13,CUST-1342,PROD-14,4,0.2,Debit Card,11.32
ORD-10901,2025-02-04,CUST-1504,PROD-31,3,0.2,PayPal,5.23
ORD-10902,19-04-2024,CUST-1635,PROD-04,3,0.0,Debit Card,11.11
ORD-10903,04-08-2025,CUST-1377,PROD-14,4,0.2,Debit Card,5.21
ORD-10904,2025-03-03,CUST-1036,PROD-08,3,0.1,PayPal,5.92
ORD-10905,10/13/2025,CUST-1032,PROD-31,1,0.0,PayPal,11.27
ORD-10906,2025-08-16,CUST-1024,PROD-45,1,0.2,PayPal,7.44
ORD-10907,2025-02-11,CUST-1510,PROD-28,4,0.0,Credit Card,13.22
ORD-10908,2024-02-15,CUST-1898,PROD-18,4,0.0,Debit Card,4.38
ORD-10909,05-10-2024,CUST-1707,PROD-29,1,0.15,Store Credit,12.93
ORD-10910,2025-12-20,CUST-1869,PROD-48,3,0.0,,9.87
ORD-10911,2025-04-28,CUST-1924,PROD-24,5,0.0,Debit Card,15.75
ORD-10912,2024-12-21,CUST-1382,PROD-30,3,0.0,Store Credit,14.8
ORD-10913,2025-02-21,CUST-1617,PROD-17,3,0.05,Store Credit,11.2
ORD-10914,07/06/2025,CUST-1044,PROD-22,2,0.15,Debit Card,12.63
ORD-10915,06/12/2024,CUST-1836,PROD-14,4,0.0,Store Credit,18.08
ORD-10916,2025-05-28,CUST-1590,PROD-01,5,0.2,PayPal,15.83
ORD-10917,12/01/2025,CUST-1120,PROD-21,3,0.15,Store Credit,12.36
ORD-10918,2025-02-06,CUST-1418,PROD-45,1,0.0,Store Credit,6.48
ORD-10919,11-12-2025,CUST-1001,PROD-33,4,0.0,Credit Card,15.11
ORD-10920,2024-11-09,CUST-1846,PROD-14,1,0.0,Credit Card,4.25
ORD-10921,2024-10-29,CUST-1795,PROD-44,3,0.1,Credit Card,10.74
ORD-10922,2025-01-01,CUST-1612,PROD-20,3,0.0,Debit Card,10.85
ORD-10923,26-08-2025,CUST-1608,PROD-03,1,0.1,Debit Card,9.61
ORD-10924,09/18/2024,CUST-1393,PROD-49,1,0.1,,13.91
ORD-10925,25-12-2024,CUST-1028,PROD-25,4,0.0,Store Credit,8.02
ORD-10926,2024-04-04,CUST-1733,PROD-41,4,0.1,Debit Card,7.85
ORD-10927,2025-04-25,CUST-1796,PROD-46,2,0.15,Store Credit,5.51
ORD-10928,2025-12-01,CUST-1800,PROD-02,4,0.0,,6.89
ORD-10929,2024-10-08,CUST-1948,PROD-35,1,0.05,,5.87
ORD-10930,2025-06-13,CUST-1301,PROD-11,5,0.05,Store Credit,5.74
ORD-10931,07-06-2024,CUST-1494,PROD-32,4,0.2,PayPal,16.35
ORD-10932,2024-02-14,CUST-1887,PROD-44,4,0.0,Store Credit,16.92
ORD-10933,2024-04-28,CUST-1759,PROD-39,4,0.1,Debit Card,16.7
ORD-10934,2025-03-16,CUST-1711,PROD-24,1,0.1,Store Credit,4.53
ORD-10935,2025-03-22,CUST-1067,PROD-06,3,0.1,Store Credit,12.1
ORD-10936,06-09-2024,CUST-1124,PROD-02,5,0.0,PayPal,11.13
ORD-10937,2025-07-13,CUST-1069,PROD-43,4,0.0,,4.63
ORD-10938,2024-07-26,CUST-1719,PROD-26,500,0.0,,16.6
ORD-10939,2024-04-25,CUST-1544,PROD-01,2,0.05,PayPal,17.76
ORD-10940,2024-08-06,CUST-1491,PROD-14,4,0.15,,17.73
ORD-10941,2024-03-13,CUST-1523,PROD-10,1,0.1,,19.83
ORD-10942,2024-03-15,CUST-1772,PROD-27,3,0.0,Debit Card,10.49
ORD-10943,2025-03-18,CUST-1405,PROD-02,3,0.1,Store Credit,13.69
ORD-10944,08/18/2024,CUST-1630,PROD-33,2,0.0,,12.33
ORD-10945,05/24/2025,CUST-1032,PROD-27,1,0.2,PayPal,16.36
ORD-10946,2024-02-10,CUST-1476,PROD-42,3,0.05,,13.67
ORD-10947,11/11/2024,CUST-1500,PROD-25,5,0.2,,18.77
ORD-10948,2025-09-11,CUST-1141,PROD-31,4,0.05,,12.26
ORD-10949,2025-10-08,CUST-1957,PROD-18,5,0.15,PayPal,9.0
ORD-10950,27-11-2024,CUST-1357,PROD-20,3,0.15,Store Credit,8.45
ORD-10951,2025-09-04,CUST-1787,PROD-40,2,0.2,Debit Card,7.03
ORD-10952,2025-12-03,CUST-1329,PROD-14,5,0.15,PayPal,5.87
ORD-10953,2024-10-25,CUST-1809,PROD-41,2,0.2,Store Credit,9.99
ORD-10954,2025-02-05,CUST-1582,PROD-30,2,0.05,,5.14
ORD-10955,07-05-2024,CUST-1403,PROD-01,3,0.1,Store Credit,18.95
ORD-10956,2025-07-17,CUST-1582,PROD-27,1,0.1,Store Credit,13.51
ORD-10957,2025-05-02,CUST-1144,PROD-12,1,0.0,Credit Card,8.43
ORD-10958,2025-07-15,CUST-1099,PROD-48,2,0.0,,4.95
ORD-10959,2024-04-24,CUST-1284,PROD-19,2,0.0,,13.65
ORD-10960,30-09-2024,CUST-1243,PROD-10,5,0.05,PayPal,6.74
ORD-10961,2025-01-27,CUST-1978,PROD-11,5,0.05,Store Credit,5.98
ORD-10962,09/09/2024,CUST-1471,PROD-40,2,0.0,Debit Card,5.71
ORD-10963,2024-09-01,CUST-1882,PROD-39,4,0.0,PayPal,5.6
ORD-10964,2024-03-24,CUST-1154,PROD-48,5,0.1,Credit Card,12.65
ORD-10965,2024-10-05,CUST-1448,PROD-34,1,0.1,,13.84
ORD-10966,2025-03-28,CUST-1721,PROD-05,4,0.0,Store Credit,7.3
ORD-10967,2024-11-17,CUST-1733,PROD-19,4,0.15,Store Credit,19.36
ORD-10968,03-12-2025,CUST-1715,PROD-05,1,0.1,,9.51
ORD-10969,2025-01-25,CUST-1457,PROD-28,3,0.05,PayPal,8.3
ORD-10970,2024-09-23,CUST-1875,PROD-38,5,0.15,PayPal,17.52
ORD-10971,2025-01-25,CUST-1093,PROD-46,1,0.15,,4.79
ORD-10972,2024-03-22,CUST-1153,PROD-19,4,0.05,PayPal,7.66
ORD-10973,2024-11-15,CUST-1893,PROD-06,5,0.2,PayPal,8.6
ORD-10974,26-04-2025,CUST-1242,PROD-02,2,0.15,Credit Card,5.07
ORD-10975,2024-04-13,CUST-1547,PROD-08,5,0.05,PayPal,6.43
ORD-10976,2024-07-10,CUST-1876,PROD-11,5,0.0,,12.06
ORD-10977,2024-02-28,CUST-1481,PROD-10,2,0.15,Debit Card,13.17
ORD-10978,2024-10-12,CUST-1728,PROD-08,2,0.2,,16.06
ORD-10979,09-03-2024,CUST-1295,PROD-30,4,0.2,Store Credit,12.8
ORD-10980,17-02-2025,CUST-1663,PROD-34,5,0.15,Store Credit,16.02
ORD-10981,20-06-2025,CUST-1879,PROD-32,1,0.0,Credit Card,13.59
ORD-10982,01/11/2025,CUST-1926,PROD-27,3,0.05,Credit Card,9.02
ORD-10983,07/22/2024,CUST-1794,PROD-41,4,0.15,PayPal,14.38
ORD-10984,2024-11-05,CUST-1923,PROD-15,3,0.1,Store Credit,11.45
ORD-10985,2025-04-21,CUST-1134,PROD-27,2,0.0,Credit Card,8.72
ORD-10986,2024-02-24,CUST-1909,PROD-42,1,0.15,Debit Card,9.67
ORD-10987,2025-06-08,CUST-1890,PROD-31,3,0.0,Debit Card,18.74
ORD-10988,2024-06-18,CUST-1763,PROD-46,1,0.0,,7.49
ORD-10989,2025-06-17,CUST-1343,PROD-40,5,0.05,Debit Card,9.88
ORD-10990,2025-06-13,CUST-1777,PROD-32,5,0.0,,15.65
ORD-10991,2025-08-02,CUST-9999,PROD-10,4,0.05,Store Credit,15.69
ORD-10992,2025-10-12,CUST-1937,PROD-13,4,0.05,Store Credit,7.51
ORD-10993,2024-02-15,CUST-1200,PROD-27,4,0.0,Store Credit,12.74
ORD-10994,18-09-2024,CUST-1068,PROD-11,3,0.2,Store Credit,16.58
ORD-10995,2024-08-12,CUST-9999,PROD-44,1,0.2,Store Credit,16.98
ORD-10996,2024-12-16,,PROD-31,3,0.15,,12.76
ORD-10997,2024-12-04,CUST-1160,PROD-43,5,0.15,Debit Card,16.89
ORD-10998,2024-09-08,CUST-1495,PROD-18,5,0.05,Store Credit,19.55
ORD-10999,2025-02-18,CUST-1821,PROD-17,2,0.15,PayPal,17.5
ORD-11000,12-08-2024,CUST-1927,PROD-10,5,0.15,Debit Card,10.59
ORD-11001,2025-02-13,CUST-1084,PROD-16,4,0.2,Credit Card,16.39
ORD-11002,2024-02-28,CUST-1158,PROD-27,1,0.05,Debit Card,5.88
ORD-11003,2024-08-29,CUST-9999,PROD-26,4,0.1,PayPal,8.57
ORD-11004,09/17/2025,CUST-1613,PROD-21,1,0.0,Credit Card,5.31
ORD-11005,2024-01-09,CUST-1919,PROD-06,2,0.0,Credit Card,11.53
ORD-11006,2024-02-03,CUST-9999,PROD-24,3,0.2,,5.39
ORD-11007,18-06-2024,CUST-1040,PROD-38,1,0.15,Credit Card,17.13
ORD-11008,07/15/2024,CUST-1844,PROD-32,5,0.05,,17.38
ORD-11009,03/14/2024,CUST-1067,PROD-30,3,0.0,,5.53
ORD-11010,2025-09-13,CUST-1403,PROD-22,4,0.1,Debit Card,19.22
ORD-11011,2024-11-09,CUST-1411,PROD-27,2,0.05,Debit Card,7.36
ORD-11012,2025-04-17,CUST-1082,PROD-04,1,0.0,Credit Card,19.96
ORD-11013,2024-05-09,CUST-1789,PROD-22,5,0.0,Store Credit,10.96
ORD-11014,05-05-2024,CUST-1688,PROD-36,3,0.2,PayPal,18.32
ORD-11015,2025-11-02,CUST-1197,PROD-23,1,0.05,Store Credit,6.97
ORD-11016,2025-05-24,,PROD-46,4,0.0,Debit Card,15.91
ORD-11017,2025-12-25,CUST-1938,PROD-49,2,0.0,PayPal,19.26
ORD-11018,2025-03-01,CUST-1343,PROD-10,2,0.0,,13.65
ORD-11019,11-10-2024,CUST-1428,PROD-03,3,0.2,Debit Card,16.79
ORD-11020,2025-01-16,CUST-1791,PROD-33,2,0.05,,8.37
ORD-11021,04-02-2025,CUST-9999,PROD-40,2,0.1,Credit Card,11.27
ORD-11022,2025-08-28,CUST-1774,PROD-30,3,0.0,Store Credit,13.42
ORD-11023,2024-03-05,CUST-1952,PROD-30,5,0.15,PayPal,18.76
ORD-11024,2025-08-28,CUST-1913,PROD-42,2,0.2,,8.06
ORD-11025,2024-09-28,CUST-1228,PROD-29,1,0.1,Credit Card,19.33
ORD-11026,2024-10-07,CUST-1963,PROD-27,3,0.15,Credit Card,11.94
ORD-11027,2025-08-17,CUST-1295,PROD-50,2,0.1,,15.6
ORD-11028,2024-06-30,CUST-1702,PROD-28,2,0.1,Credit Card,5.58
ORD-11029,2024-09-21,CUST-1264,PROD-27,4,0.0,PayPal,9.77
ORD-11030,2024-10-22,CUST-1562,PROD-41,2,0.0,Credit Card,19.25
ORD-11031,03/08/2024,CUST-1968,PROD-18,1,0.1,Debit Card,5.93
ORD-11032,2025-07-01,CUST-1685,PROD-40,1,0.05,Credit Card,9.64
ORD-11033,02/01/2025,CUST-1257,PROD-47,5,0.0,Credit Card,6.59
ORD-11034,2024-12-16,CUST-1548,PROD-13,3,0.0,Debit Card,17.65
ORD-11035,2025-03-18,CUST-1832,PROD-26,2,0.15,Store Credit,16.37
ORD-11036,2025-12-15,CUST-9999,PROD-15,4,0.15,Store Credit,10.19
ORD-11037,2025-10-19,CUST-1038,PROD-29,5,0.05,Credit Card,19.79
ORD-11038,2025-01-16,CUST-1858,PROD-01,4,0.0,PayPal,17.48
ORD-11039,2025-08-31,CUST-1608,PROD-09,5,0.15,Debit Card,5.91
ORD-11040,02/03/2024,CUST-1252,PROD-20,4,0.05,Credit Card,17.73
ORD-11041,26-02-2024,CUST-1141,PROD-45,4,0.0,Debit Card,9.43
ORD-11042,25-02-2025,,PROD-24,3,0.2,Debit Card,10.5
ORD-11043,27-01-2024,CUST-1729,PROD-06,5,0.15,,17.62
ORD-11044,2025-01-06,,PROD-50,1,0.0,,7.39
ORD-11045,2024-03-21,CUST-1862,PROD-49,5,0.0,,18.95
ORD-11046,2025-12-08,CUST-1674,PROD-20,4,0.0,Debit Card,18.69
ORD-11047,2025-03-06,CUST-1759,PROD-04,1,0.15,Credit Card,5.7
ORD-11048,2025-05-03,CUST-1416,PROD-35,2,0.15,,18.31
ORD-11049,2024-09-10,CUST-1665,PROD-37,1,0.2,Credit Card,11.52
ORD-11050,2025-12-26,CUST-1842,PROD-44,4,0.0,,17.99
ORD-11051,08/13/2025,CUST-1193,PROD-32,1,0.1,PayPal,13.8
ORD-11052,2025-02-01,CUST-1353,PROD-09,5,0.1,,8.59
ORD-11053,2024-09-12,CUST-1724,PROD-27,5,0.1,Credit Card,19.64
ORD-11054,2025-02-19,CUST-1708,PROD-09,5,0.0,PayPal,6.11
ORD-11055,2024-02-11,CUST-1048,PROD-47,4,0.0,PayPal,8.41
ORD-11056,2024-04-25,CUST-1735,PROD-08,1,0.1,Credit Card,9.45
ORD-11057,2025-04-02,CUST-1805,PROD-08,3,0.1,Store Credit,14.54
ORD-11058,2025-11-27,CUST-1879,PROD-41,4,0.05,PayPal,17.91
ORD-11059,2025-11-09,CUST-1281,PROD-28,1,0.1,Store Credit,6.53
ORD-11060,03/02/2024,CUST-1209,PROD-27,3,0.0,Debit Card,8.46
ORD-11061,03/12/2025,CUST-1781,PROD-34,4,0.05,Debit Card,14.3
ORD-11062,2025-04-05,CUST-1860,PROD-31,3,0.0,Store Credit,7.52
ORD-11063,2024-05-16,CUST-1498,PROD-25,5,0.15,PayPal,5.75
ORD-11064,2025-01-14,CUST-1279,PROD-43,3,0.2,Store Credit,4.31
ORD-11065,03-08-2025,CUST-1921,PROD-19,2,0.2,,17.68
ORD-11066,08/11/2025,CUST-1188,PROD-41,5,0.0,PayPal,19.33
ORD-11067,12/01/2024,CUST-1430,PROD-37,4,0.0,PayPal,5.73
ORD-11068,11/09/2024,CUST-1713,PROD-18,4,0.2,,13.03
ORD-11069,2024-12-31,CUST-1201,PROD-16,3,0.05,Store Credit,16.13
ORD-11070,2025-06-29,CUST-1981,PROD-36,1,0.0,,18.32
ORD-11071,2024-08-24,CUST-1479,PROD-27,1,0.0,,11.05
ORD-11072,2024-05-18,CUST-1380,PROD-07,1,0.15,Store Credit,5.91
ORD-11073,2024-10-14,CUST-1915,PROD-14,2,0.15,Credit Card,5.49
ORD-11074,09/13/2024,CUST-1645,PROD-49,4,0.2,Debit Card,12.65
ORD-11075,11/04/2025,CUST-1949,PROD-32,2,0.1,Debit Card,5.59
ORD-11076,2025-05-30,CUST-1285,PROD-01,3,0.05,Store Credit,12.89
ORD-11077,2024-06-17,CUST-1643,PROD-37,3,0.0,PayPal,17.15
ORD-11078,08/27/2024,CUST-1201,PROD-14,3,0.1,Credit Card,14.58
ORD-11079,2024-08-19,CUST-1744,PROD-47,3,0.2,Store Credit,6.45
ORD-11080,03/05/2024,CUST-1388,PROD-01,1,0.15,PayPal,14.94
ORD-11081,2025-03-06,CUST-1217,PROD-05,1,0.1,PayPal,15.19
ORD-11082,2024-06-19,CUST-1569,PROD-44,5,0.15,Debit Card,18.17
ORD-11083,06/10/2024,CUST-1677,PROD-37,4,0.1,PayPal,13.77
ORD-11084,2025-03-31,CUST-1220,PROD-47,1,0.0,Store Credit,8.72
ORD-11085,2025-07-02,CUST-1596,PROD-08,2,0.0,PayPal,15.78
ORD-11086,30-06-2025,CUST-1491,PROD-26,5,0.2,PayPal,4.84
ORD-11087,2024-07-03,CUST-1130,PROD-16,5,0.15,,18.14
ORD-11088,2024-09-04,CUST-1538,PROD-35,3,0.05,,6.17
ORD-11089,2024-07-01,CUST-1859,PROD-14,2,0.2,Credit Card,12.28
ORD-11090,2025-10-01,CUST-1650,PROD-35,3,0.1,PayPal,14.89
ORD-11091,2024-12-11,CUST-1799,PROD-02,1,0.2,Credit Card,5.33
ORD-11092,06/17/2024,CUST-1600,PROD-06,2,0.1,Credit Card,11.01
ORD-11093,2025-07-05,CUST-1646,PROD-48,1,0.2,PayPal,19.8
ORD-11094,2024-11-16,CUST-1937,PROD-33,3,0.05,PayPal,5.35
ORD-11095,2024-05-31,CUST-1489,PROD-19,1,0.0,PayPal,17.18
ORD-11096,2024-10-22,CUST-1322,PROD-25,5,0.1,Store Credit,4.41
ORD-11097,2025-09-05,CUST-1908,PROD-16,3,0.0,Debit Card,15.57
ORD-11098,2024-10-08,CUST-1577,PROD-08,2,0.05,,7.64
ORD-11099,2024-11-25,CUST-1318,PROD-11,4,0.2,Credit Card,12.83
ORD-11100,2024-02-10,CUST-1213,PROD-16,5,0.15,Store Credit,13.88
ORD-11101,01/18/2024,CUST-1976,PROD-34,1,0.0,Debit Card,16.82
ORD-11102,05/05/2024,CUST-1542,PROD-08,5,0.2,Credit Card,8.18
ORD-11103,21-09-2024,CUST-1561,PROD-31,2,0.15,PayPal,10.04
ORD-11104,2024-07-11,CUST-1275,PROD-16,1,0.0,Store Credit,13.9
ORD-11105,10/29/2024,CUST-1661,PROD-43,3,0.1,Debit Card,6.53
ORD-11106,09/05/2024,CUST-1134,PROD-24,5,0.1,PayPal,5.66
ORD-11107,2024-09-14,CUST-1842,PROD-25,4,0.0,Debit Card,19.13
ORD-11108,01/17/2025,CUST-1044,PROD-12,2,0.2,Debit Card,9.43
ORD-11109,2025-11-30,CUST-1887,PROD-47,1,0.1,Store Credit,8.91
ORD-11110,10/13/2024,CUST-1984,PROD-34,1,0.0,Credit Card,9.88
ORD-11111,2025-07-23,CUST-1851,PROD-18,2,0.1,,17.3
ORD-11112,2024-03-04,CUST-1297,PROD-44,3,0.0,PayPal,18.65
ORD-11113,01-08-2024,CUST-1199,PROD-34,3,0.2,Credit Card,10.31
ORD-11114,08/15/2024,CUST-1093,PROD-07,4,0.15,Store Credit,15.53
ORD-11115,2024-05-06,CUST-1204,PROD-16,2,0.1,PayPal,6.15
ORD-11116,2025-10-21,CUST-1904,PROD-27,1,0.0,,16.17
ORD-11117,05/23/2025,CUST-1399,PROD-07,5,0.1,,15.51
ORD-11118,21-06-2025,CUST-1190,PROD-14,1,0.15,Credit Card,9.34
ORD-11119,2025-02-28,CUST-1612,PROD-34,2,0.2,Store Credit,9.33
ORD-11120,10/14/2025,CUST-1291,PROD-39,4,0.0,,14.87
ORD-11121,2025-02-05,CUST-1138,PROD-04,5,0.0,Credit Card,17.92
ORD-11122,10/16/2025,CUST-1553,PROD-19,4,0.15,Store Credit,9.48
ORD-11123,2024-01-28,CUST-1418,PROD-13,2,0.0,,13.62
ORD-11124,2024-05-31,CUST-1344,PROD-22,1,0.05,Credit Card,15.12
ORD-11125,2024-10-28,CUST-1964,PROD-48,3,0.2,Credit Card,16.44
ORD-11126,2024-12-11,CUST-1439,PROD-28,1,0.15,Credit Card,5.85
ORD-11127,2024-05-11,CUST-1962,PROD-03,1,0.15,PayPal,9.77
ORD-11128,11-02-2025,CUST-1893,PROD-49,2,0.2,Store Credit,5.15
ORD-11129,2024-08-05,CUST-1224,PROD-17,3,0.0,Store Credit,12.14
ORD-11130,2024-07-06,CUST-1642,PROD-32,5,0.2,PayPal,13.93
ORD-11131,06/21/2025,CUST-1987,PROD-03,3,0.15,Credit Card,16.69
ORD-11132,04/03/2025,CUST-1244,PROD-31,5,0.2,,6.17
ORD-11133,2024-02-17,CUST-1630,PROD-47,1,0.2,Debit Card,11.21
ORD-11134,2025-12-11,CUST-1520,PROD-24,5,0.2,Credit Card,16.84
ORD-11135,2024-10-19,CUST-1732,PROD-29,5,0.0,Store Credit,16.09
ORD-11136,2025-12-24,CUST-1431,PROD-50,4,0.2,Debit Card,17.27
ORD-11137,2025-10-19,CUST-1748,PROD-44,4,0.0,,8.72
ORD-11138,07/02/2025,CUST-1653,PROD-37,3,0.15,Credit Card,8.7
ORD-11139,27-05-2025,CUST-1812,PROD-13,2,0.0,PayPal,17.42
ORD-11140,2024-08-16,CUST-1993,PROD-28,5,0.0,Store Credit,13.95
ORD-11141,24-01-2024,CUST-1408,PROD-41,4,0.0,Store Credit,6.77
ORD-11142,2024-08-09,CUST-1742,PROD-15,2,0.05,,18.52
ORD-11143,2025-10-27,CUST-1142,PROD-43,1,0.05,Credit Card,18.35
ORD-11144,21-02-2025,CUST-1146,PROD-45,4,0.05,Credit Card,12.78
ORD-11145,2024-05-30,CUST-1558,PROD-44,3,0.0,,10.11
ORD-11146,2025-01-22,CUST-1946,PROD-14,500,0.1,Store Credit,5.56
ORD-11147,03-12-2025,CUST-1827,PROD-34,3,0.0,Debit Card,17.48
ORD-11148,2024-09-30,CUST-1602,PROD-50,5,0.05,Credit Card,17.66
ORD-11149,2024-06-17,CUST-1007,PROD-43,4,0.15,Store Credit,18.51
ORD-11150,2025-02-02,CUST-1854,PROD-49,2,0.0,Credit Card,14.68
ORD-11151,2025-09-18,,PROD-02,1,0.1,,4.89
ORD-11152,2025-10-25,CUST-1622,PROD-05,3,0.0,Store Credit,10.51
ORD-11153,06/30/2024,CUST-1893,PROD-38,4,0.2,PayPal,4.79
ORD-11154,2025-01-12,CUST-1018,PROD-32,5,0.05,Store Credit,6.59
ORD-11155,04-04-2025,CUST-1782,PROD-27,5,0.0,Debit Card,4.3
ORD-11156,04/04/2024,CUST-1641,PROD-31,1,0.0,,15.18
ORD-11157,2025-09-08,CUST-1024,PROD-26,5,0.05,Credit Card,19.51
ORD-11158,2024-07-22,CUST-1960,PROD-09,3,0.05,PayPal,7.23
ORD-11159,2025-02-14,CUST-1082,PROD-30,500,0.0,Credit Card,5.25
ORD-11160,2024-06-16,CUST-1769,PROD-28,5,0.2,Debit Card,6.11
ORD-11161,2025-05-22,,PROD-25,2,0.1,Credit Card,18.25
ORD-11162,2025-07-12,CUST-1051,PROD-47,5,0.05,Credit Card,6.24
ORD-11163,2025-02-09,CUST-1838,PROD-07,3,0.0,PayPal,11.22
ORD-11164,2025-11-29,CUST-1482,PROD-35,2,0.1,Store Credit,14.67
ORD-11165,23-06-2024,CUST-1854,PROD-11,4,0.15,,17.23
ORD-11166,2024-04-14,CUST-1953,PROD-27,5,0.05,Store Credit,16.54
ORD-11167,2025-12-04,CUST-1437,PROD-15,5,0.0,Credit Card,17.56
ORD-11168,2024-06-30,CUST-9999,PROD-27,2,0.15,Store Credit,19.35
ORD-11169,2024-01-24,CUST-1558,PROD-47,4,0.2,Credit Card,11.25
ORD-11170,2025-12-17,CUST-1509,PROD-16,5,0.0,Credit Card,9.83
ORD-11171,2024-01-03,CUST-1675,PROD-11,3,0.05,PayPal,5.37
ORD-11172,2025-02-06,CUST-1016,PROD-50,4,0.0,Debit Card,10.47
ORD-11173,06/02/2024,CUST-1789,PROD-12,5,0.0,Debit Card,13.08
ORD-11174,04/12/2025,CUST-1571,PROD-38,3,0.0,Store Credit,13.96
ORD-11175,2025-07-08,CUST-1017,PROD-11,1,0.05,Credit Card,19.21
ORD-11176,12/09/2025,CUST-1556,PROD-28,5,0.2,Debit Card,12.11
ORD-11177,2024-10-25,CUST-1621,PROD-22,5,0.15,,14.06
ORD-11178,2025-10-24,CUST-1642,PROD-35,1,0.2,Store Credit,5.46
ORD-11179,2024-07-02,CUST-1459,PROD-25,5,0.2,PayPal,4.41
ORD-11180,2025-09-22,CUST-1080,PROD-40,4,0.1,,12.51
ORD-11181,2025-01-28,CUST-1589,PROD-28,2,0.0,Debit Card,12.25
ORD-11182,2024-07-19,CUST-1810,PROD-42,5,0.0,Store Credit,14.29
ORD-11183,2025-11-29,CUST-1054,PROD-45,1,0.2,Debit Card,16.08
ORD-11184,2025-02-03,CUST-1703,PROD-30,1,0.2,Credit Card,6.68
ORD-11185,2025-07-08,CUST-1873,PROD-24,2,0.15,Store Credit,11.36
ORD-11186,2025-02-07,CUST-1835,PROD-40,2,0.2,PayPal,14.93
ORD-11187,08/12/2025,CUST-1851,PROD-15,2,0.15,,18.94
ORD-11188,2024-12-14,CUST-1701,PROD-44,2,0.15,Debit Card,15.55
ORD-11189,2025-05-09,CUST-1399,PROD-11,2,0.1,,7.54
ORD-11190,2025-12-12,CUST-1801,PROD-44,2,0.15,Credit Card,12.95
ORD-11191,2025-02-04,CUST-1662,PROD-32,4,0.15,Debit Card,4.24
ORD-11192,11/24/2024,CUST-1295,PROD-17,2,0.05,,5.91
ORD-11193,22-11-2025,CUST-1077,PROD-08,5,0.1,PayPal,4.74
ORD-11194,06/18/2025,CUST-1242,PROD-18,1,0.05,PayPal,10.3
ORD-11195,2024-03-31,CUST-1335,PROD-21,2,0.2,PayPal,9.85
ORD-11196,08/07/2024,CUST-1867,PROD-34,4,0.1,Debit Card,4.72
ORD-11197,2025-09-27,CUST-1714,PROD-42,3,0.0,Credit Card,16.41
ORD-11198,2024-06-30,CUST-1971,PROD-08,5,0.1,,4.95
ORD-11199,05/14/2024,CUST-1370,PROD-09,5,0.15,,17.69
ORD-11200,2024-12-22,CUST-1958,PROD-22,4,0.1,Credit Card,19.28
ORD-11201,2025-08-20,CUST-1461,PROD-35,3,0.0,PayPal,11.87
ORD-11202,2024-12-11,CUST-9999,PROD-43,3,0.2,,10.74
ORD-11203,01/07/2025,CUST-1730,PROD-40,5,0.0,Debit Card,19.32
ORD-11204,01-05-2024,CUST-1439,PROD-22,1,0.0,Credit Card,6.49
ORD-11205,2024-11-10,CUST-1663,PROD-15,2,0.0,Credit Card,16.78
ORD-11206,2024-11-20,CUST-1349,PROD-31,2,0.2,Store Credit,12.88
ORD-11207,2024-07-05,CUST-1292,PROD-34,4,0.1,,13.91
ORD-11208,2025-05-17,,PROD-45,2,0.1,Store Credit,18.37
ORD-11209,03/27/2025,CUST-1424,PROD-10,2,0.05,,19.75
ORD-11210,2025-12-21,CUST-1215,PROD-05,2,0.2,,16.91
ORD-11211,04/18/2024,CUST-1065,PROD-09,2,0.2,Credit Card,14.02
ORD-11212,2025-10-01,CUST-1009,PROD-06,4,0.05,Store Credit,6.55
ORD-11213,2025-07-20,CUST-1170,PROD-50,5,0.2,Credit Card,14.63
ORD-11214,06/30/2024,CUST-1492,PROD-30,3,0.15,Debit Card,11.73
ORD-11215,2025-01-23,CUST-1034,PROD-21,1,0.15,Store Credit,10.11
ORD-11216,2025-11-04,CUST-1402,PROD-04,2,0.2,Store Credit,19.36
ORD-11217,2025-10-22,CUST-1704,PROD-14,2,0.15,,19.46
ORD-11218,2024-01-30,CUST-1591,PROD-37,2,0.2,Store Credit,18.09
ORD-11219,04/13/2024,CUST-1674,PROD-38,3,0.0,,12.8
ORD-11220,30-08-2024,CUST-1373,PROD-45,5,0.15,PayPal,9.11
ORD-11221,2024-11-11,CUST-1743,PROD-42,4,0.0,PayPal,16.92
ORD-11222,2024-10-23,CUST-1341,PROD-17,5,0.1,,15.44
ORD-11223,2024-04-29,CUST-1845,PROD-38,2,0.15,PayPal,11.03
ORD-11224,2024-06-14,CUST-1923,PROD-39,5,0.1,Credit Card,7.42
ORD-11225,25-12-2025,CUST-1594,PROD-36,5,0.0,PayPal,6.38
ORD-11226,11/22/2025,CUST-1813,PROD-24,1,0.15,PayPal,6.76
ORD-11227,2024-02-15,CUST-1622,PROD-44,5,0.15,,17.81
ORD-11228,2025-03-24,CUST-1758,PROD-47,3,0.2,,9.71
ORD-11229,2024-08-30,CUST-1063,PROD-49,1,0.0,Credit Card,8.44
ORD-11230,2024-11-05,CUST-1084,PROD-37,5,0.05,Credit Card,11.35
ORD-11231,12/21/2024,CUST-1216,PROD-47,1,0.0,PayPal,14.28
ORD-11232,06/20/2024,CUST-1601,PROD-48,1,0.0,Debit Card,7.17
ORD-11233,2024-10-10,CUST-1198,PROD-04,2,0.0,,10.64
ORD-11234,2025-04-26,CUST-1512,PROD-06,1,0.0,Store Credit,4.76
ORD-11235,06/03/2024,CUST-1162,PROD-08,4,0.1,Store Credit,16.03
ORD-11236,2024-05-22,CUST-1764,PROD-44,1,0.1,Store Credit,5.66
ORD-11237,2024-07-04,CUST-1033,PROD-29,3,0.2,,16.15
ORD-11238,2024-09-11,CUST-1748,PROD-14,5,0.0,Store Credit,10.07
ORD-11239,2024-08-01,CUST-1467,PROD-42,3,0.15,Credit Card,6.38
ORD-11240,2024-10-15,CUST-1024,PROD-36,5,0.0,Debit Card,17.75
ORD-11241,2025-08-13,CUST-9999,PROD-10,4,0.0,Credit Card,17.43
ORD-11242,2025-08-28,CUST-1991,PROD-23,1,0.2,Credit Card,16.88
ORD-11243,08/07/2024,CUST-1354,PROD-09,5,0.1,Credit Card,16.41
ORD-11244,22-08-2024,CUST-1283,PROD-13,3,0.15,Debit Card,12.62
ORD-11245,2025-01-31,CUST-1218,PROD-02,1,0.2,PayPal,4.4
ORD-11246,08-05-2025,CUST-1371,PROD-40,2,0.15,Store Credit,8.44
ORD-11247,2024-06-19,CUST-1737,PROD-47,4,0.1,,4.35
ORD-11248,2024-08-21,CUST-1544,PROD-42,1,0.05,Debit Card,8.17
ORD-11249,06/11/2024,CUST-1658,PROD-01,3,0.0,PayPal,4.93
ORD-11250,2024-01-18,CUST-1416,PROD-32,4,0.05,Store Credit,18.28
ORD-11251,2024-11-11,CUST-1605,PROD-44,3,0.05,Debit Card,10.79
ORD-11252,25-06-2024,CUST-1862,PROD-07,3,0.1,Store Credit,4.03
ORD-11253,2024-02-15,CUST-1817,PROD-33,2,0.0,Store Credit,12.85
ORD-11254,2024-04-12,CUST-1966,PROD-06,4,0.15,Credit Card,12.7
ORD-11255,2025-06-13,CUST-1376,PROD-29,5,0.0,Credit Card,19.58
ORD-11256,2025-12-22,CUST-1521,PROD-03,1,0.0,Credit Card,11.38
ORD-11257,2024-08-22,,PROD-19,5,0.05,Store Credit,8.79
ORD-11258,2025-02-14,CUST-1026,PROD-02,2,0.05,,17.74
ORD-11259,2025-11-23,CUST-1440,PROD-39,1,0.0,Credit Card,12.97
ORD-11260,2024-12-07,CUST-1894,PROD-50,4,0.0,Store Credit,18.74
ORD-11261,23-03-2025,CUST-1153,PROD-06,1,0.15,PayPal,17.28
ORD-11262,12/17/2025,CUST-1059,PROD-18,4,0.0,Debit Card,19.43
ORD-11263,2025-10-03,CUST-1815,PROD-08,5,0.1,Store Credit,5.98
ORD-11264,2024-09-15,CUST-1269,PROD-38,5,0.0,,16.11
ORD-11265,2025-12-25,CUST-1004,PROD-21,1,0.05,PayPal,4.67
ORD-11266,2025-09-17,CUST-1604,PROD-20,5,0.1,Store Credit,16.52
ORD-11267,25-06-2025,CUST-1664,PROD-05,5,0.1,Credit Card,17.01
ORD-11268,2025-01-26,CUST-1105,PROD-27,1,0.0,PayPal,11.75
ORD-11269,2024-02-20,CUST-1255,PROD-15,3,0.1,PayPal,7.36
ORD-11270,06-12-2025,CUST-1610,PROD-19,1,0.15,Store Credit,16.9
ORD-11271,03/09/2024,CUST-1170,PROD-28,2,0.0,PayPal,11.47
ORD-11272,2025-06-11,CUST-1865,PROD-11,4,0.0,PayPal,14.56
ORD-11273,2025-11-06,CUST-1643,PROD-17,5,0.0,PayPal,9.9
ORD-11274,12/19/2025,CUST-1610,PROD-33,5,0.1,PayPal,18.35
ORD-11275,26-03-2024,,PROD-47,5,0.2,,19.42
ORD-11276,2025-11-08,CUST-1872,PROD-05,4,0.05,Debit Card,12.55
ORD-11277,06/13/2024,CUST-1902,PROD-23,2,0.15,Store Credit,19.55
ORD-11278,2025-01-17,CUST-1177,PROD-04,3,0.15,Credit Card,10.69
ORD-11279,2024-11-23,CUST-1863,PROD-12,4,0.15,Credit Card,8.78
ORD-11280,2025-02-16,CUST-1087,PROD-11,4,0.2,,8.32
ORD-11281,2024-06-18,CUST-1926,PROD-33,4,0.15,Store Credit,14.62
ORD-11282,2024-02-21,CUST-1235,PROD-46,1,0.15,Store Credit,5.79
ORD-11283,2025-03-13,CUST-1658,PROD-16,3,0.2,,12.92
ORD-11284,12/07/2024,CUST-1798,PROD-30,4,0.0,Debit Card,14.23
ORD-11285,11-09-2025,CUST-1290,PROD-40,5,0.0,Debit Card,18.96
ORD-11286,2025-03-15,CUST-1320,PROD-10,1,0.0,,9.4
ORD-11287,2025-01-30,CUST-9999,PROD-23,2,0.2,Store Credit,8.39
ORD-11288,2025-07-13,CUST-1588,PROD-50,5,0.1,,15.14
ORD-11289,2024-08-21,CUST-1141,PROD-17,2,0.15,Store Credit,13.62
ORD-11290,2024-03-10,CUST-1065,PROD-06,2,0.0,,18.33
ORD-11291,2024-09-11,CUST-1615,PROD-41,2,0.2,Store Credit,5.72
ORD-11292,2024-08-06,CUST-1001,PROD-22,2,0.0,Debit Card,9.13
ORD-11293,2025-06-07,CUST-1850,PROD-45,2,0.05,Debit Card,16.0
ORD-11294,2025-05-22,CUST-1100,PROD-28,1,0.0,Debit Card,8.37
ORD-11295,2025-08-03,CUST-1482,PROD-49,1,0.15,PayPal,15.19
ORD-11296,2025-08-31,CUST-1646,PROD-03,1,0.1,Store Credit,17.32
ORD-11297,2024-05-28,CUST-1278,PROD-27,1,0.0,Debit Card,13.95
ORD-11298,2025-02-07,CUST-1560,PROD-28,5,0.15,PayPal,15.17
ORD-11299,2025-08-18,CUST-1451,PROD-20,4,0.15,Debit Card,15.01
ORD-11300,2024-04-02,CUST-1322,PROD-43,1,0.15,PayPal,15.55
ORD-11301,2025-11-26,CUST-1800,PROD-31,2,0.2,Store Credit,18.22
ORD-11302,2024-02-15,CUST-1081,PROD-28,1,0.0,,12.6
ORD-11303,07/22/2025,CUST-1322,PROD-16,2,0.0,,13.26
ORD-11304,2024-12-01,CUST-1498,PROD-01,5,0.2,,8.81
ORD-11305,2024-05-19,,PROD-17,3,0.1,Store Credit,14.91
ORD-11306,10/07/2024,CUST-1571,PROD-40,4,0.1,Credit Card,9.22
ORD-11307,2025-03-22,CUST-1810,PROD-20,3,0.1,Store Credit,9.43
ORD-11308,2024-01-30,CUST-1316,PROD-50,2,0.0,,16.87
ORD-11309,2024-01-30,CUST-1802,PROD-24,4,0.1,PayPal,17.66
ORD-11310,07/07/2024,CUST-1297,PROD-04,3,0.15,,9.54
ORD-11311,2024-02-24,CUST-1436,PROD-11,1,0.0,PayPal,8.7
ORD-11312,2025-04-07,CUST-1711,PROD-43,4,0.0,Debit Card,13.8
ORD-11313,2025-02-03,CUST-1288,PROD-46,1,0.05,,17.03
ORD-11314,2024-09-14,CUST-1398,PROD-04,-2,0.15,Credit Card,5.72
ORD-11315,2025-08-25,CUST-1729,PROD-32,2,0.0,Credit Card,6.76
ORD-11316,01-09-2025,CUST-1954,PROD-01,3,0.1,PayPal,19.9
ORD-11317,02/22/2025,CUST-1654,PROD-28,1,0.0,Credit Card,7.25
ORD-11318,2024-09-14,CUST-1491,PROD-22,3,0.2,,15.66
ORD-11319,2025-06-29,CUST-1998,PROD-41,3,0.15,PayPal,8.95
ORD-11320,2024-05-06,CUST-1239,PROD-33,3,0.05,Debit Card,4.74
ORD-11321,23-11-2025,CUST-1669,PROD-24,4,0.05,PayPal,17.91
ORD-11322,2024-03-19,CUST-1158,PROD-46,3,0.15,,16.24
ORD-11323,2025-05-18,CUST-1836,PROD-06,4,0.0,PayPal,14.62
ORD-11324,2025-10-22,CUST-1502,PROD-11,5,0.15,Store Credit,14.95
ORD-11325,15-03-2024,CUST-1013,PROD-42,1,0.15,Store Credit,19.39
ORD-11326,2024-02-12,CUST-1200,PROD-03,2,0.05,,12.04
ORD-11327,2024-05-28,CUST-1339,PROD-15,1,0.0,Credit Card,12.23
ORD-11328,2025-02-09,CUST-1527,PROD-05,3,0.0,Debit Card,8.06
ORD-11329,17-11-2025,CUST-1438,PROD-04,2,0.15,Debit Card,15.0
ORD-11330,2025-05-01,CUST-1722,PROD-36,3,0.0,,5.96
ORD-11331,2025-07-03,CUST-1677,PROD-17,4,0.15,,13.26
ORD-11332,2025-08-23,CUST-1907,PROD-49,1,0.05,Debit Card,11.69
ORD-11333,2025-12-20,CUST-1281,PROD-29,3,0.1,PayPal,4.57
ORD-11334,04/01/2024,CUST-9999,PROD-35,4,0.2,Debit Card,6.79
ORD-11335,15-05-2024,CUST-1665,PROD-15,2,0.15,PayPal,7.8
ORD-11336,2024-04-15,CUST-1662,PROD-43,1,0.1,PayPal,19.09
ORD-11337,2025-08-03,CUST-1888,PROD-33,5,0.15,PayPal,6.67
ORD-11338,2024-05-04,CUST-1190,PROD-15,1,0.0,Credit Card,15.06
ORD-11339,2025-01-30,CUST-1047,PROD-02,5,0.2,,18.7
ORD-11340,2025-11-23,CUST-1012,PROD-36,3,0.0,Debit Card,10.13
ORD-11341,2024-04-05,CUST-1241,PROD-36,3,0.2,PayPal,14.25
ORD-11342,2024-03-28,CUST-1806,PROD-31,5,0.2,PayPal,7.11
ORD-11343,2024-11-12,CUST-9999,PROD-21,1,0.0,Credit Card,7.17
ORD-11344,2024-01-18,CUST-1938,PROD-12,-2,0.05,Debit Card,19.23
ORD-11345,2025-08-25,CUST-1340,PROD-02,1,0.1,Store Credit,19.55
ORD-11346,2025-11-15,CUST-1076,PROD-01,4,0.05,Debit Card,17.87
ORD-11347,2025-12-26,CUST-1966,PROD-15,1,0.1,,9.17
ORD-11348,2025-02-12,CUST-1606,PROD-18,4,0.0,,13.83
ORD-11349,01/11/2025,CUST-1441,PROD-27,3,0.15,PayPal,10.04
ORD-11350,2025-08-04,CUST-1398,PROD-39,1,0.15,PayPal,12.63
ORD-11351,2025-07-25,CUST-1580,PROD-08,4,0.15,Credit Card,9.82
ORD-11352,01/14/2025,CUST-1372,PROD-30,5,0.1,Store Credit,4.36
ORD-11353,2025-08-31,CUST-1090,PROD-09,3,0.1,,13.23
ORD-11354,2024-07-10,CUST-1081,PROD-36,5,0.05,PayPal,19.04
ORD-11355,2025-04-17,CUST-1995,PROD-08,4,0.05,Credit Card,14.73
ORD-11356,2024-05-21,CUST-1190,PROD-05,5,0.0,Debit Card,5.46
ORD-11357,2025-12-30,CUST-1447,PROD-18,2,0.15,Store Credit,9.34
ORD-11358,2025-08-24,CUST-1725,PROD-17,3,0.05,PayPal,5.67
ORD-11359,2025-07-20,CUST-1498,PROD-03,5,0.0,Credit Card,17.51
ORD-11360,2024-05-24,CUST-1509,PROD-01,1,0.2,Credit Card,5.0
ORD-11361,2025-02-12,CUST-1351,PROD-27,1,0.1,PayPal,7.37
ORD-11362,2024-05-19,CUST-1182,PROD-33,5,0.15,Debit Card,18.19
ORD-11363,2024-10-13,CUST-1533,PROD-42,5,0.0,PayPal,15.01
ORD-11364,2025-04-08,CUST-1430,PROD-05,5,0.05,Credit Card,11.69
ORD-11365,03/01/2024,CUST-1657,PROD-45,1,0.0,Credit Card,13.18
ORD-11366,2024-01-02,CUST-1908,PROD-07,1,0.05,PayPal,10.83
ORD-11367,02/14/2024,CUST-1837,PROD-29,5,0.0,PayPal,4.69
ORD-11368,2025-04-18,CUST-1322,PROD-44,500,0.1,Debit Card,18.49
ORD-11369,2025-10-31,CUST-1805,PROD-20,3,0.2,Debit Card,7.62
ORD-11370,2025-10-23,CUST-1480,PROD-27,5,0.0,Store Credit,9.5
ORD-11371,2025-09-01,CUST-1785,PROD-08,1,0.15,,18.8
ORD-11372,2025-04-30,CUST-1552,PROD-06,1,0.0,Debit Card,9.31
ORD-11373,2024-06-06,CUST-1626,PROD-26,2,0.0,Store Credit,18.27
ORD-11374,06-08-2024,CUST-1746,PROD-24,5,0.0,Debit Card,17.93
ORD-11375,2024-06-04,CUST-1883,PROD-18,4,0.0,Store Credit,11.15
ORD-11376,2025-08-25,CUST-9999,PROD-17,5,0.15,PayPal,12.74
ORD-11377,2024-06-30,CUST-1944,PROD-41,3,0.1,PayPal,12.63
ORD-11378,2024-12-04,CUST-1455,PROD-18,4,0.05,Store Credit,13.91
ORD-11379,2024-12-26,,PROD-11,2,0.2,Credit Card,13.5
ORD-11380,07-07-2025,CUST-1333,PROD-07,3,0.2,Credit Card,14.65
ORD-11381,2025-09-06,CUST-1974,PROD-06,4,0.15,Store Credit,5.51
ORD-11382,2025-12-04,CUST-1303,PROD-46,4,0.0,PayPal,6.68
ORD-11383,2024-01-25,CUST-1942,PROD-15,3,0.2,Credit Card,14.91
ORD-11384,01-01-2024,CUST-1187,PROD-29,5,0.05,Credit Card,4.16
ORD-11385,03/03/2025,CUST-1052,PROD-06,3,0.0,PayPal,18.49
ORD-11386,21-12-2024,CUST-1703,PROD-38,5,0.05,Credit Card,11.0
ORD-11387,14-02-2024,CUST-1784,PROD-29,2,0.1,,12.8
ORD-11388,12/28/2024,CUST-1375,PROD-42,2,0.2,Credit Card,4.76
ORD-11389,2025-02-06,CUST-1222,PROD-20,1,0.0,,5.89
ORD-11390,2024-10-11,CUST-1900,PROD-14,5,0.15,Debit Card,5.02
ORD-11391,2025-07-09,CUST-1097,PROD-15,3,0.15,,18.26
ORD-11392,2025-07-12,CUST-1250,PROD-24,3,0.0,Credit Card,9.77
ORD-11393,2024-03-13,CUST-1499,PROD-37,1,0.2,Credit Card,10.35
ORD-11394,14-03-2025,CUST-1561,PROD-04,4,0.2,Store Credit,11.63
ORD-11395,02/15/2024,CUST-1491,PROD-33,2,0.2,PayPal,14.59
ORD-11396,08/06/2025,CUST-1716,PROD-24,1,0.0,Store Credit,11.84
ORD-11397,01/21/2025,CUST-1343,PROD-21,-2,0.0,Debit Card,17.25
ORD-11398,2024-03-15,CUST-9999,PROD-21,4,0.0,Debit Card,5.68
ORD-11399,2025-07-04,CUST-1643,PROD-12,5,0.2,PayPal,7.49
ORD-11400,2024-08-14,CUST-1072,PROD-01,1,0.15,Credit Card,14.28
ORD-11401,03/07/2025,CUST-1251,PROD-01,5,0.15,Store Credit,12.16
ORD-11402,2024-09-05,CUST-1120,PROD-06,4,0.0,PayPal,13.85
ORD-11403,2024-01-07,CUST-1981,PROD-30,5,0.15,,11.21
ORD-11404,08/02/2025,CUST-1608,PROD-48,4,0.05,PayPal,10.31
ORD-11405,24-08-2024,CUST-1688,PROD-12,2,0.1,Debit Card,9.65
ORD-11406,2024-07-10,CUST-1475,PROD-02,2,0.0,Store Credit,5.82
ORD-11407,12/18/2024,CUST-1770,PROD-36,-2,0.0,Store Credit,15.2
ORD-11408,2024-06-21,CUST-1743,PROD-43,3,0.15,Credit Card,12.35
ORD-11409,05/15/2025,CUST-1580,PROD-07,1,0.15,Store Credit,7.37
ORD-11410,2025-01-15,CUST-1748,PROD-38,5,0.2,Store Credit,15.03
ORD-11411,2025-04-26,CUST-1391,PROD-36,1,0.05,PayPal,11.65
ORD-11412,2025-12-17,CUST-1561,PROD-25,2,0.15,,11.66
ORD-11413,06/25/2024,CUST-1985,PROD-20,1,0.15,PayPal,6.68
ORD-11414,2025-05-03,CUST-1565,PROD-14,5,0.0,PayPal,6.15
ORD-11415,2024-06-08,CUST-1286,PROD-32,2,0.2,PayPal,18.78
ORD-11416,06/21/2025,CUST-1998,PROD-24,2,0.2,Credit Card,14.76
ORD-11417,10/04/2025,CUST-1650,PROD-14,3,0.2,PayPal,7.49
ORD-11418,2024-05-14,CUST-1368,PROD-09,1,0.0,Debit Card,15.48
ORD-11419,12-02-2024,CUST-1516,PROD-06,1,0.1,Debit Card,10.32
ORD-11420,2024-01-03,CUST-1353,PROD-46,2,0.1,Store Credit,11.34
ORD-11421,11-02-2025,CUST-1551,PROD-15,1,0.2,Credit Card,14.42
ORD-11422,2025-09-04,CUST-1833,PROD-44,1,0.1,Debit Card,10.04
ORD-11423,2025-09-14,CUST-1597,PROD-48,2,0.0,Credit Card,8.21
ORD-11424,07/08/2025,CUST-1397,PROD-26,5,0.0,PayPal,19.01
ORD-11425,2025-03-05,CUST-1376,PROD-26,3,0.1,Store Credit,11.36
ORD-11426,2024-02-11,CUST-1953,PROD-10,5,0.1,Debit Card,9.78
ORD-11427,2024-11-06,CUST-1803,PROD-17,1,0.1,Store Credit,10.25
ORD-11428,2024-07-20,CUST-1194,PROD-46,4,0.05,Credit Card,8.83
ORD-11429,2025-09-11,CUST-1133,PROD-11,4,0.0,Credit Card,8.72
ORD-11430,2024-05-30,CUST-1682,PROD-09,3,0.2,,15.12
ORD-11431,2024-09-29,CUST-1528,PROD-33,1,0.15,Store Credit,19.18
ORD-11432,31-08-2025,CUST-1758,PROD-40,2,0.2,PayPal,15.58
ORD-11433,2025-12-29,CUST-1700,PROD-25,2,0.15,Debit Card,16.87
ORD-11434,05/17/2024,,PROD-19,2,0.05,Credit Card,9.82
ORD-11435,2024-08-29,CUST-1208,PROD-03,2,0.0,Credit Card,15.29
ORD-11436,01/09/2025,CUST-1416,PROD-02,3,0.05,Store Credit,16.44
ORD-11437,03-02-2025,CUST-1276,PROD-32,4,0.1,,15.38
ORD-11438,10/01/2024,CUST-1939,PROD-41,2,0.05,PayPal,10.98
ORD-11439,2025-07-31,CUST-1403,PROD-25,5,0.15,Store Credit,19.39
ORD-11440,2024-03-06,CUST-1130,PROD-06,3,0.05,Credit Card,12.56
ORD-11441,2024-01-09,CUST-1960,PROD-40,3,0.15,Credit Card,17.03
ORD-11442,07/08/2024,CUST-1331,PROD-24,4,0.05,Store Credit,6.9
ORD-11443,2024-09-02,CUST-1283,PROD-09,5,0.0,Debit Card,6.9
ORD-11444,05-05-2024,CUST-1684,PROD-17,5,0.0,PayPal,16.67
ORD-11445,10-06-2024,CUST-1309,PROD-50,3,0.0,Credit Card,11.23
ORD-11446,2025-02-26,CUST-1232,PROD-07,1,0.0,,14.32
ORD-11447,2024-05-04,CUST-1365,PROD-11,1,0.0,Debit Card,15.67
ORD-11448,2025-04-02,CUST-1288,PROD-21,3,0.2,Debit Card,15.82
ORD-11449,2024-06-29,CUST-1817,PROD-30,4,0.0,Credit Card,11.95
ORD-11450,20-10-2025,CUST-1957,PROD-44,5,0.1,Debit Card,17.99
ORD-11451,2024-05-31,CUST-1464,PROD-09,4,0.2,Debit Card,10.5
ORD-11452,2024-07-18,CUST-1933,PROD-04,1,0.2,Debit Card,17.03
ORD-11453,25-03-2025,CUST-1950,PROD-24,5,0.2,Credit Card,4.57
ORD-11454,2024-06-04,CUST-1747,PROD-09,2,0.05,Store Credit,14.59
ORD-11455,2024-07-18,CUST-1309,PROD-15,1,0.0,Store Credit,12.46
ORD-11456,2025-10-04,CUST-1169,PROD-03,2,0.1,,9.52
ORD-11457,2025-12-27,CUST-1181,PROD-47,2,0.15,Store Credit,16.54
ORD-11458,2024-12-18,CUST-1631,PROD-23,2,0.0,PayPal,6.69
ORD-11459,2025-10-17,CUST-1233,PROD-45,5,0.15,,6.78
ORD-11460,2024-10-21,CUST-1711,PROD-15,2,0.0,PayPal,10.76
ORD-11461,2024-03-30,,PROD-31,1,0.15,Store Credit,4.72
ORD-11462,2024-07-10,CUST-1983,PROD-08,2,0.0,Store Credit,4.61
ORD-11463,2024-01-15,CUST-1103,PROD-23,5,0.0,,14.83
ORD-11464,09-10-2025,CUST-1987,PROD-32,4,0.2,Debit Card,12.54
ORD-11465,09/21/2024,CUST-1333,PROD-29,2,0.0,PayPal,19.66
ORD-11466,09-08-2024,CUST-9999,PROD-10,5,0.0,Credit Card,16.06
ORD-11467,2024-10-26,CUST-1574,PROD-43,5,0.0,PayPal,6.85
ORD-11468,2024-12-28,CUST-1841,PROD-40,3,0.0,Debit Card,14.49
ORD-11469,2025-02-02,CUST-1810,PROD-47,2,0.0,Credit Card,12.5
ORD-11470,2024-10-05,CUST-1283,PROD-07,1,0.1,Debit Card,7.66
ORD-11471,26-07-2025,CUST-1669,PROD-36,1,0.2,Credit Card,7.51
ORD-11472,2025-01-29,CUST-1521,PROD-19,2,0.15,Store Credit,14.5
ORD-11473,2025-01-30,CUST-1810,PROD-31,3,0.05,,5.15
ORD-11474,27-06-2024,CUST-1378,PROD-06,3,0.0,Credit Card,13.05
ORD-11475,2025-11-20,CUST-1018,PROD-37,1,0.15,Store Credit,13.47
ORD-11476,2024-08-04,CUST-1509,PROD-23,1,0.1,Credit Card,16.97
ORD-11477,2024-01-19,CUST-1163,PROD-43,500,0.15,Store Credit,5.53
ORD-11478,2025-11-08,CUST-1964,PROD-13,4,0.15,Store Credit,11.39
ORD-11479,2025-08-03,CUST-1580,PROD-34,1,0.0,Store Credit,11.84
ORD-11480,2025-05-10,CUST-1789,PROD-12,4,0.2,Credit Card,11.36
ORD-11481,2024-12-13,,PROD-35,5,0.1,Debit Card,7.79
ORD-11482,14-10-2025,CUST-1702,PROD-37,3,0.0,Credit Card,13.63
ORD-11483,10/07/2025,CUST-1193,PROD-02,5,0.2,Debit Card,6.9
ORD-11484,2024-05-07,CUST-1601,PROD-05,1,0.05,Store Credit,16.91
ORD-11485,05-10-2024,CUST-1468,PROD-19,1,0.0,PayPal,10.72
ORD-11486,2025-07-28,CUST-1558,PROD-43,4,0.1,Debit Card,13.15
ORD-11487,2025-08-30,CUST-1964,PROD-06,2,0.1,Debit Card,10.82
ORD-11488,2024-02-04,CUST-1024,PROD-27,3,0.2,PayPal,11.51
ORD-11489,2024-02-08,CUST-1279,PROD-37,2,0.1,Store Credit,5.26
ORD-11490,2025-10-12,CUST-1583,PROD-45,3,0.0,Credit Card,15.11
ORD-11491,2025-08-30,CUST-1377,PROD-23,5,0.0,Store Credit,10.61
ORD-11492,2024-07-30,CUST-1081,PROD-21,5,0.15,,17.44
ORD-11493,2024-12-09,CUST-1289,PROD-27,2,0.05,Debit Card,16.05
ORD-11494,10/26/2024,CUST-1264,PROD-05,3,0.15,Credit Card,10.32
ORD-11495,2025-09-09,CUST-1249,PROD-46,3,0.05,,11.2
ORD-11496,2024-08-19,CUST-1420,PROD-17,5,0.0,PayPal,7.58
ORD-11497,2025-08-30,CUST-1620,PROD-47,2,0.15,,14.27
ORD-11498,2025-06-18,CUST-1103,PROD-16,1,0.15,Store Credit,6.06
ORD-11499,2025-12-08,CUST-1780,PROD-03,3,0.15,Debit Card,7.07
ORD-11500,10/07/2025,CUST-1345,PROD-31,2,0.0,Credit Card,7.9
ORD-11501,2024-02-13,CUST-1869,PROD-20,1,0.0,,7.57
ORD-11502,02/25/2024,CUST-1755,PROD-23,1,0.0,Store Credit,9.32
ORD-11503,02/06/2025,CUST-1610,PROD-26,5,0.05,Store Credit,19.41
ORD-11504,22-07-2025,,PROD-06,5,0.0,Credit Card,8.17
ORD-11505,2025-01-04,CUST-1713,PROD-21,2,0.0,Credit Card,7.56
ORD-11506,2025-07-09,CUST-1210,PROD-19,2,0.1,PayPal,18.91
ORD-11507,2024-05-18,CUST-1318,PROD-30,3,0.1,PayPal,14.49
ORD-11508,2024-01-20,CUST-1732,PROD-38,4,0.15,Credit Card,4.51
ORD-11509,2025-10-28,CUST-1145,PROD-37,4,0.15,Credit Card,6.44
ORD-11510,2025-10-31,CUST-1499,PROD-29,1,0.1,Debit Card,7.0
ORD-11511,2024-02-08,CUST-1060,PROD-10,3,0.0,PayPal,6.58
ORD-11512,2025-07-26,CUST-1401,PROD-22,3,0.2,PayPal,7.17
ORD-11513,2024-05-16,CUST-1813,PROD-15,-2,0.0,PayPal,9.27
ORD-11514,10-08-2025,CUST-1899,PROD-01,2,0.0,Debit Card,10.52
ORD-11515,2025-03-27,CUST-1687,PROD-28,3,0.0,Store Credit,17.68
ORD-11516,05/25/2024,CUST-1356,PROD-49,2,0.2,Credit Card,6.77
ORD-11517,2025-10-19,CUST-1965,PROD-12,5,0.15,Debit Card,17.05
ORD-11518,2024-06-23,CUST-1734,PROD-09,5,0.05,Store Credit,5.08
ORD-11519,08/18/2025,CUST-1940,PROD-50,4,0.2,PayPal,19.31
ORD-11520,11/08/2025,CUST-1903,PROD-24,4,0.05,,11.39
ORD-11521,04/14/2024,CUST-1652,PROD-45,3,0.1,Credit Card,13.95
ORD-11522,07-09-2025,CUST-1271,PROD-04,5,0.0,,17.95
ORD-11523,2025-03-27,CUST-1645,PROD-10,1,0.0,PayPal,9.06
ORD-11524,02/11/2024,CUST-1705,PROD-22,5,0.05,Debit Card,18.63
ORD-11525,30-05-2024,CUST-1643,PROD-13,1,0.0,Credit Card,6.07
ORD-11526,29-03-2024,CUST-1469,PROD-33,3,0.2,,10.64
ORD-11527,2025-09-20,CUST-2000,PROD-05,1,0.1,Debit Card,15.09
ORD-11528,06-10-2025,CUST-1361,PROD-07,5,0.15,Debit Card,15.1
ORD-11529,2024-07-01,CUST-1919,PROD-49,1,0.0,PayPal,6.26
ORD-11530,19-05-2025,CUST-1256,PROD-15,2,0.0,Credit Card,9.76
ORD-11531,2024-10-23,CUST-1181,PROD-25,3,0.15,Store Credit,17.59
ORD-11532,15-07-2024,CUST-1002,PROD-45,2,0.0,Debit Card,8.7
ORD-11533,03/29/2025,CUST-1313,PROD-33,4,0.15,,13.27
ORD-11534,2024-12-04,CUST-1824,PROD-11,500,0.05,,14.92
ORD-11535,2025-06-03,CUST-1785,PROD-21,4,0.1,Debit Card,13.97
ORD-11536,2024-07-05,CUST-1215,PROD-11,5,0.2,Debit Card,10.62
ORD-11537,2024-10-01,CUST-1486,PROD-21,2,0.05,,6.45
ORD-11538,2025-03-04,CUST-1556,PROD-06,5,0.0,Credit Card,14.46
ORD-11539,08/09/2025,CUST-1607,PROD-19,3,0.1,PayPal,4.66
ORD-11540,2025-08-28,CUST-1718,PROD-38,4,0.0,Store Credit,14.68
ORD-11541,2024-06-06,CUST-1638,PROD-47,2,0.0,Store Credit,10.02
ORD-11542,2024-12-09,CUST-1028,PROD-42,3,0.0,PayPal,7.27
ORD-11543,2024-04-19,CUST-1872,PROD-03,5,0.15,PayPal,15.26
ORD-11544,2024-06-09,CUST-1182,PROD-10,2,0.0,Debit Card,15.98
ORD-11545,2025-06-07,CUST-1729,PROD-24,4,0.15,Store Credit,12.56
ORD-11546,2025-02-15,CUST-1782,PROD-38,3,0.05,,12.59
ORD-11547,2025-02-02,CUST-1137,PROD-44,-2,0.1,PayPal,13.11
ORD-11548,29-05-2025,CUST-1654,PROD-34,3,0.15,Debit Card,16.41
ORD-11549,2025-02-01,CUST-1892,PROD-26,1,0.15,Store Credit,15.58
ORD-11550,2024-08-10,CUST-1626,PROD-10,4,0.0,PayPal,5.19
ORD-11551,2024-07-06,CUST-1047,PROD-19,3,0.15,PayPal,16.72
ORD-11552,2024-04-25,CUST-1524,PROD-37,1,0.0,Store Credit,17.79
ORD-11553,2025-04-02,CUST-1603,PROD-40,5,0.05,,15.04
ORD-11554,2024-04-08,CUST-1204,PROD-08,1,0.0,PayPal,17.99
ORD-11555,2025-03-08,CUST-1764,PROD-11,1,0.0,Debit Card,18.97
ORD-11556,2024-06-14,CUST-1406,PROD-13,1,0.05,Credit Card,9.22
ORD-11557,2024-07-02,CUST-1921,PROD-16,1,0.05,,15.02
ORD-11558,03/03/2025,CUST-1676,PROD-50,5,0.0,Credit Card,11.21
ORD-11559,2025-06-30,CUST-1469,PROD-49,2,0.0,PayPal,17.49
ORD-11560,30-07-2024,CUST-1915,PROD-25,2,0.0,Store Credit,10.51
ORD-11561,2024-03-26,CUST-1905,PROD-41,4,0.0,Store Credit,11.27
ORD-11562,2024-09-10,CUST-1796,PROD-07,-2,0.0,PayPal,6.47
ORD-11563,06/01/2025,CUST-1232,PROD-46,1,0.2,,17.58
ORD-11564,2024-08-17,CUST-1755,PROD-39,1,0.15,Store Credit,9.2
ORD-11565,2025-12-18,CUST-1494,PROD-32,1,0.1,Debit Card,17.2
ORD-11566,2024-06-20,CUST-1552,PROD-34,3,0.0,Credit Card,13.93
ORD-11567,2025-04-23,CUST-1120,PROD-30,1,0.05,,10.69
ORD-11568,2025-06-30,CUST-1307,PROD-23,2,0.2,Credit Card,19.84
ORD-11569,06/03/2024,CUST-1713,PROD-26,2,0.15,Debit Card,13.19
ORD-11570,2024-04-06,CUST-1316,PROD-40,5,0.0,Debit Card,9.21
ORD-11571,2025-09-08,CUST-1652,PROD-01,3,0.0,,17.78
ORD-11572,2024-01-24,CUST-1147,PROD-49,4,0.15,Debit Card,5.0
ORD-11573,2025-03-24,CUST-1023,PROD-36,-2,0.15,Store Credit,8.9
ORD-11574,2025-11-27,CUST-1703,PROD-40,3,0.1,Debit Card,5.19
ORD-11575,2025-06-05,CUST-1517,PROD-20,4,0.0,Debit Card,17.41
ORD-11576,15-06-2025,CUST-1409,PROD-47,5,0.0,Store Credit,8.68
ORD-11577,2025-08-21,CUST-1324,PROD-01,2,0.2,,16.89
ORD-11578,2024-01-11,CUST-1856,PROD-03,2,0.1,Credit Card,10.34
ORD-11579,2024-10-23,CUST-1019,PROD-35,5,0.05,Debit Card,12.31
ORD-11580,2024-08-14,CUST-1587,PROD-36,1,0.05,Store Credit,8.87
ORD-11581,2025-07-07,CUST-1755,PROD-31,1,0.15,Debit Card,10.65
ORD-11582,2024-08-30,CUST-1458,PROD-24,1,0.0,PayPal,4.72
ORD-11583,12/19/2024,CUST-1413,PROD-07,5,0.05,PayPal,4.27
ORD-11584,2025-01-01,CUST-1268,PROD-50,4,0.15,Debit Card,10.9
ORD-11585,2025-08-06,CUST-1936,PROD-47,1,0.15,Store Credit,6.58
ORD-11586,10/20/2025,CUST-1647,PROD-49,3,0.2,Credit Card,4.75
ORD-11587,04-10-2024,CUST-1993,PROD-17,5,0.0,Store Credit,11.73
ORD-11588,2025-11-12,CUST-1925,PROD-26,3,0.0,Debit Card,19.03
ORD-11589,2025-01-21,CUST-1120,PROD-21,5,0.15,Store Credit,17.95
ORD-11590,2024-05-20,CUST-1183,PROD-12,2,0.0,,4.12
ORD-11591,2024-08-29,CUST-1676,PROD-19,1,0.05,Store Credit,8.91
ORD-11592,2025-02-02,CUST-1805,PROD-21,2,0.15,Store Credit,9.21
ORD-11593,04/08/2024,CUST-1548,PROD-15,4,0.0,PayPal,8.59
ORD-11594,2024-12-22,CUST-1849,PROD-39,2,0.1,PayPal,14.52
ORD-11595,03-04-2024,CUST-1735,PROD-50,2,0.2,Store Credit,11.9
ORD-11596,03/11/2025,CUST-1559,PROD-47,3,0.15,Debit Card,15.39
ORD-11597,2024-11-24,CUST-1599,PROD-43,3,0.0,Debit Card,5.61
ORD-11598,28-04-2024,CUST-1378,PROD-40,1,0.0,Debit Card,18.65
ORD-11599,06/25/2025,CUST-1316,PROD-39,4,0.1,Debit Card,8.3
ORD-11600,08/23/2024,CUST-1366,PROD-50,4,0.15,Debit Card,5.78
ORD-11601,2025-04-17,CUST-1720,PROD-37,3,0.05,,7.24
ORD-11602,2024-12-07,CUST-1032,PROD-15,5,0.0,Store Credit,5.32
ORD-11603,2024-03-11,CUST-1660,PROD-34,2,0.1,Credit Card,12.2
ORD-11604,2025-06-02,CUST-1936,PROD-36,2,0.1,,11.59
ORD-11605,2024-01-10,CUST-1189,PROD-21,3,0.0,Credit Card,11.11
ORD-11606,2024-11-09,CUST-1218,PROD-21,4,0.15,Credit Card,5.61
ORD-11607,08/01/2025,CUST-1703,PROD-31,3,0.1,Store Credit,5.39
ORD-11608,2025-05-05,CUST-1167,PROD-38,5,0.0,Debit Card,7.58
ORD-11609,2025-02-09,CUST-1264,PROD-25,4,0.05,Debit Card,4.83
ORD-11610,2025-08-24,CUST-1707,PROD-03,5,0.15,,9.43
ORD-11611,2024-08-21,CUST-1240,PROD-44,2,0.0,Credit Card,12.63
ORD-11612,2025-02-23,CUST-1295,PROD-11,4,0.05,,16.41
ORD-11613,2024-10-31,CUST-1860,PROD-43,4,0.15,Debit Card,11.0
ORD-11614,28-07-2025,CUST-1794,PROD-32,5,0.05,,6.01
ORD-11615,06/14/2025,CUST-1053,PROD-12,4,0.2,,11.39
ORD-11616,2025-07-05,CUST-1867,PROD-41,2,0.05,,12.64
ORD-11617,2025-10-16,CUST-1921,PROD-06,3,0.15,,8.78
ORD-11618,25-09-2024,CUST-1809,PROD-18,2,0.1,Store Credit,16.16
ORD-11619,2024-06-12,CUST-1536,PROD-07,2,0.2,Credit Card,7.35
ORD-11620,2025-05-29,CUST-1550,PROD-08,5,0.0,,19.77
ORD-11621,05/18/2025,CUST-1968,PROD-22,1,0.2,,14.5
ORD-11622,2025-08-09,CUST-1108,PROD-29,1,0.05,Debit Card,6.35
ORD-11623,11-03-2025,CUST-1227,PROD-24,3,0.2,,12.61
ORD-11624,01/22/2024,CUST-1767,PROD-01,3,0.0,PayPal,14.76
ORD-11625,01/21/2024,CUST-1590,PROD-16,1,0.0,PayPal,19.33
ORD-11626,2025-06-29,CUST-1486,PROD-20,3,0.05,Credit Card,7.88
ORD-11627,2025-03-12,CUST-1544,PROD-21,1,0.15,Credit Card,4.67
ORD-11628,2024-12-01,CUST-1218,PROD-46,4,0.0,Debit Card,18.91
ORD-11629,2025-06-27,CUST-1412,PROD-09,1,0.0,Debit Card,12.14
ORD-11630,2025-09-05,CUST-1362,PROD-16,1,0.2,Credit Card,14.02
ORD-11631,2025-07-11,CUST-1770,PROD-28,3,0.1,PayPal,5.37
ORD-11632,12/08/2024,CUST-1246,PROD-38,2,0.05,Debit Card,16.63
ORD-11633,2024-04-28,CUST-1403,PROD-44,2,0.15,PayPal,11.53
ORD-11634,2024-07-05,CUST-1558,PROD-39,4,0.1,Credit Card,9.48
ORD-11635,2024-09-12,CUST-1387,PROD-17,4,0.0,Credit Card,18.28
ORD-11636,30-09-2025,CUST-1972,PROD-21,2,0.05,,17.95
ORD-11637,12-10-2025,CUST-1272,PROD-03,1,0.0,PayPal,14.7
ORD-11638,2025-07-13,CUST-1220,PROD-01,4,0.1,PayPal,10.75
ORD-11639,06/05/2025,CUST-1266,PROD-44,1,0.15,,7.67
ORD-11640,11/20/2024,CUST-1590,PROD-27,1,0.1,Store Credit,10.42
ORD-11641,12/12/2025,CUST-1881,PROD-39,1,0.15,PayPal,6.76
ORD-11642,07/03/2025,CUST-1629,PROD-33,3,0.05,Debit Card,5.78
ORD-11643,2025-12-24,CUST-1337,PROD-35,4,0.0,Store Credit,5.96
ORD-11644,29-09-2024,CUST-1992,PROD-28,5,0.0,Credit Card,16.11
ORD-11645,10/04/2024,CUST-1036,PROD-13,2,0.15,,16.15
ORD-11646,2024-03-07,CUST-1482,PROD-29,3,0.15,PayPal,15.71
ORD-11647,2024-08-07,CUST-1461,PROD-01,1,0.0,Credit Card,13.67
ORD-11648,29-09-2025,CUST-1358,PROD-13,4,0.0,PayPal,12.71
ORD-11649,2025-02-09,CUST-1171,PROD-03,1,0.2,PayPal,17.79
ORD-11650,26-08-2024,CUST-1742,PROD-42,4,0.0,Credit Card,8.29
ORD-11651,2024-10-13,CUST-1707,PROD-32,3,0.0,,7.43
ORD-11652,2024-10-04,CUST-1861,PROD-36,1,0.15,Store Credit,15.42
ORD-11653,2024-11-12,CUST-1148,PROD-10,5,0.1,Credit Card,13.39
ORD-11654,2025-07-25,CUST-1262,PROD-37,2,0.0,Debit Card,5.24
ORD-11655,05/22/2025,CUST-1190,PROD-19,500,0.2,PayPal,6.75
ORD-11656,2024-04-12,CUST-1053,PROD-03,4,0.15,Store Credit,5.58
ORD-11657,2025-01-25,CUST-1153,PROD-35,2,0.0,PayPal,16.45
ORD-11658,2024-02-02,CUST-1243,PROD-26,4,0.2,PayPal,5.11
ORD-11659,2025-01-04,CUST-1598,PROD-02,-2,0.1,Store Credit,13.67
ORD-11660,2024-01-31,CUST-1140,PROD-22,5,0.0,Credit Card,16.77
ORD-11661,2024-08-09,CUST-1771,PROD-50,4,0.0,PayPal,5.49
ORD-11662,2024-07-28,CUST-1043,PROD-48,1,0.2,Store Credit,11.92
ORD-11663,2024-07-09,CUST-1260,PROD-21,3,0.2,Store Credit,16.67
ORD-11664,2025-05-22,CUST-1828,PROD-05,1,0.1,Debit Card,8.89
ORD-11665,2025-02-20,,PROD-15,3,0.0,PayPal,9.76
ORD-11666,2024-04-05,CUST-1351,PROD-12,5,0.05,Credit Card,6.26
ORD-11667,11/11/2025,CUST-1313,PROD-48,4,0.0,Store Credit,13.86
ORD-11668,2024-08-01,CUST-1641,PROD-23,2,0.0,Store Credit,10.53
ORD-11669,2025-10-29,CUST-1738,PROD-36,2,0.05,Debit Card,17.22
ORD-11670,2025-01-02,CUST-1392,PROD-03,1,0.15,Credit Card,9.1
ORD-11671,2025-07-03,CUST-1175,PROD-28,4,0.2,Debit Card,15.71
ORD-11672,02-07-2025,CUST-1570,PROD-28,5,0.2,Store Credit,6.02
ORD-11673,2025-04-19,CUST-1010,PROD-33,3,0.1,Debit Card,4.37
ORD-11674,2024-08-24,CUST-2000,PROD-06,1,0.15,Credit Card,11.84
ORD-11675,09/26/2025,CUST-1448,PROD-20,4,0.15,,18.92
ORD-11676,2024-07-25,,PROD-41,2,0.05,PayPal,8.45
ORD-11677,2024-10-02,CUST-1968,PROD-03,1,0.0,,19.44
ORD-11678,2025-02-24,CUST-1152,PROD-46,2,0.0,PayPal,7.18
ORD-11679,2025-05-18,CUST-1888,PROD-01,3,0.0,PayPal,16.17
ORD-11680,2024-01-03,CUST-1532,PROD-25,3,0.2,Store Credit,11.24
ORD-11681,2025-08-30,CUST-1529,PROD-34,5,0.0,Credit Card,8.02
ORD-11682,02/19/2025,CUST-1978,PROD-06,2,0.0,PayPal,14.96
ORD-11683,25-07-2024,CUST-1596,PROD-44,5,0.2,Store Credit,15.83
ORD-11684,2025-09-24,CUST-1815,PROD-47,5,0.0,,10.79
ORD-11685,2024-09-21,CUST-1024,PROD-39,5,0.15,Debit Card,14.94
ORD-11686,2024-09-12,CUST-1741,PROD-16,1,0.0,,18.11
ORD-11687,2024-11-21,CUST-1662,PROD-24,3,0.15,PayPal,16.14
ORD-11688,2024-11-12,CUST-1652,PROD-17,1,0.0,Debit Card,7.25
ORD-11689,2024-09-01,CUST-1458,PROD-21,5,0.15,,8.0
ORD-11690,18-08-2025,CUST-1415,PROD-28,1,0.0,Credit Card,12.8
ORD-11691,30-09-2024,CUST-1830,PROD-09,5,0.0,,6.43
ORD-11692,2024-05-21,CUST-1611,PROD-50,1,0.0,Store Credit,6.24
ORD-11693,2025-06-27,CUST-1509,PROD-17,2,0.1,PayPal,16.62
ORD-11694,2025-01-02,CUST-1320,PROD-11,2,0.05,Store Credit,4.27
ORD-11695,2024-10-28,CUST-1791,PROD-36,5,0.2,Debit Card,5.7
ORD-11696,2024-04-28,CUST-1644,PROD-12,3,0.05,,4.28
ORD-11697,11/12/2025,CUST-1905,PROD-03,5,0.0,PayPal,4.88
ORD-11698,2025-03-12,CUST-1131,PROD-36,2,0.1,Credit Card,4.46
ORD-11699,2024-06-28,CUST-1582,PROD-48,4,0.0,Debit Card,5.42
ORD-11700,2024-01-31,CUST-1546,PROD-46,4,0.2,Store Credit,10.95
ORD-11701,2024-11-28,CUST-1913,PROD-47,3,0.05,Store Credit,15.6
ORD-11702,2024-11-08,CUST-1451,PROD-27,3,0.1,Credit Card,5.7
ORD-11703,2024-03-31,CUST-1512,PROD-47,2,0.2,Debit Card,11.86
ORD-11704,2024-06-01,CUST-1985,PROD-27,4,0.15,PayPal,6.6
ORD-11705,11/21/2024,CUST-1130,PROD-30,2,0.1,Store Credit,19.78
ORD-11706,2025-06-05,CUST-1829,PROD-25,4,0.0,PayPal,8.41
ORD-11707,19-03-2024,CUST-1453,PROD-27,4,0.15,Debit Card,16.63
ORD-11708,2024-10-27,CUST-1679,PROD-11,2,0.05,Credit Card,4.57
ORD-11709,04/21/2024,CUST-1580,PROD-31,2,0.0,PayPal,9.0
ORD-11710,10/05/2024,CUST-1315,PROD-47,4,0.15,PayPal,19.15
ORD-11711,2024-06-03,CUST-1444,PROD-17,3,0.0,Debit Card,8.1
ORD-11712,2024-06-25,CUST-1708,PROD-18,1,0.0,Credit Card,14.72
ORD-11713,2025-09-19,CUST-1564,PROD-06,4,0.0,Credit Card,17.7
ORD-11714,2025-03-15,CUST-1694,PROD-38,5,0.15,PayPal,15.57
ORD-11715,2025-06-24,CUST-1430,PROD-35,4,0.1,Debit Card,17.85
ORD-11716,2024-01-19,CUST-1104,PROD-03,2,0.05,Debit Card,7.13
ORD-11717,2024-10-12,CUST-1254,PROD-02,4,0.0,Debit Card,13.77
ORD-11718,2025-06-24,CUST-1246,PROD-32,5,0.1,Credit Card,19.79
ORD-11719,2024-07-26,CUST-9999,PROD-13,4,0.15,,13.96
ORD-11720,2024-02-20,CUST-1034,PROD-01,4,0.0,PayPal,5.7
ORD-11721,2025-12-07,CUST-1843,PROD-30,5,0.1,Credit Card,16.48
ORD-11722,17-04-2024,CUST-1906,PROD-10,3,0.2,,19.63
ORD-11723,02/22/2024,CUST-1596,PROD-42,4,0.15,Debit Card,17.87
ORD-11724,2024-01-10,CUST-1982,PROD-29,3,0.15,PayPal,15.29
ORD-11725,2024-01-24,CUST-1542,PROD-44,4,0.15,Credit Card,11.54
ORD-11726,2025-04-24,CUST-1233,PROD-30,4,0.0,Store Credit,4.43
ORD-11727,2025-12-07,CUST-1482,PROD-10,2,0.2,,18.06
ORD-11728,2025-08-25,CUST-1493,PROD-32,5,0.0,Store Credit,9.41
ORD-11729,2024-08-20,CUST-1574,PROD-07,1,0.0,Debit Card,12.74
ORD-11730,11/20/2025,CUST-1804,PROD-23,5,0.0,Credit Card,6.71
ORD-11731,2024-09-20,CUST-1818,PROD-50,4,0.0,PayPal,19.51
ORD-11732,2024-05-04,CUST-1394,PROD-39,4,0.15,Debit Card,17.54
ORD-11733,2024-09-22,CUST-1399,PROD-29,3,0.0,Store Credit,13.91
ORD-11734,2024-05-01,CUST-1937,PROD-24,2,0.0,Debit Card,4.87
ORD-11735,04/28/2024,CUST-1844,PROD-10,1,0.1,Credit Card,7.47
ORD-11736,2025-01-07,CUST-1833,PROD-42,3,0.0,Debit Card,17.57
ORD-11737,12/20/2025,CUST-1552,PROD-15,3,0.15,Debit Card,12.04
ORD-11738,2024-08-13,CUST-1110,PROD-48,1,0.0,Debit Card,17.72
ORD-11739,2024-02-17,CUST-1073,PROD-25,3,0.2,,19.82
ORD-11740,2025-12-16,CUST-1251,PROD-15,5,0.05,PayPal,8.95
ORD-11741,2024-04-02,CUST-1840,PROD-08,3,0.1,Store Credit,8.14
ORD-11742,2024-06-08,CUST-1600,PROD-28,1,0.05,Store Credit,7.94
ORD-11743,2024-12-11,CUST-1885,PROD-08,1,0.1,Store Credit,9.26
ORD-11744,2024-04-10,CUST-1784,PROD-37,1,0.05,Debit Card,8.14
ORD-11745,01/20/2025,CUST-1781,PROD-43,4,0.0,PayPal,15.74
ORD-11746,2024-01-20,CUST-1446,PROD-49,3,0.05,Store Credit,16.36
ORD-11747,2025-04-24,CUST-1453,PROD-07,2,0.0,,11.41
ORD-11748,2025-01-05,CUST-1668,PROD-31,2,0.1,Credit Card,7.45
ORD-11749,2025-05-13,,PROD-34,2,0.1,Debit Card,17.13
ORD-11750,2024-11-04,CUST-1471,PROD-43,1,0.0,,6.75
ORD-11751,09/22/2024,CUST-1541,PROD-26,4,0.0,,12.25
ORD-11752,03-11-2024,CUST-1439,PROD-17,4,0.2,Store Credit,14.92
ORD-11753,2024-05-27,CUST-1855,PROD-46,3,0.0,,19.46
ORD-11754,2025-02-14,CUST-1367,PROD-39,5,0.1,,17.36
ORD-11755,2025-09-13,CUST-1711,PROD-02,5,0.15,Store Credit,13.45
ORD-11756,2024-08-27,CUST-1799,PROD-24,3,0.0,Debit Card,16.6
ORD-11757,2025-12-04,CUST-1791,PROD-10,5,0.1,Credit Card,19.3
ORD-11758,2024-12-01,CUST-1975,PROD-17,3,0.0,Debit Card,10.57
ORD-11759,02/29/2024,CUST-1903,PROD-30,3,0.05,Debit Card,6.53
ORD-11760,2024-03-19,CUST-1248,PROD-34,2,0.1,PayPal,17.76
ORD-11761,2024-05-13,CUST-1062,PROD-46,2,0.1,Credit Card,5.69
ORD-11762,03/17/2024,CUST-1667,PROD-32,1,0.1,Credit Card,10.76
ORD-11763,02/28/2024,CUST-1905,PROD-35,3,0.05,,10.46
ORD-11764,2025-07-20,CUST-1963,PROD-07,5,0.0,PayPal,13.34
ORD-11765,2024-07-02,CUST-1765,PROD-27,5,0.15,Credit Card,5.52
ORD-11766,2024-09-29,CUST-1508,PROD-05,5,0.0,Credit Card,11.2
ORD-11767,20-01-2024,CUST-1083,PROD-26,4,0.0,Debit Card,14.95
ORD-11768,2024-02-03,CUST-1190,PROD-27,2,0.05,Debit Card,10.02
ORD-11769,08/17/2024,CUST-1452,PROD-11,4,0.1,PayPal,18.64
ORD-11770,2024-01-06,CUST-1034,PROD-48,3,0.05,Credit Card,6.49
ORD-11771,2024-12-24,CUST-1564,PROD-21,5,0.0,,7.59
ORD-11772,04/18/2025,CUST-9999,PROD-32,1,0.0,,5.88
ORD-11773,2025-01-31,CUST-1306,PROD-50,4,0.0,PayPal,17.28
ORD-11774,2025-03-05,CUST-1844,PROD-11,2,0.15,Debit Card,9.68
ORD-11775,2024-07-29,CUST-1767,PROD-41,1,0.1,Credit Card,12.08
ORD-11776,2025-07-13,CUST-1429,PROD-48,3,0.1,Credit Card,6.7
ORD-11777,2025-07-12,CUST-1106,PROD-37,2,0.15,Credit Card,6.64
ORD-11778,20-03-2024,CUST-1968,PROD-20,2,0.15,Credit Card,8.46
ORD-11779,2025-07-09,CUST-1231,PROD-12,3,0.0,PayPal,7.29
ORD-11780,07-01-2024,CUST-1069,PROD-03,3,0.2,Debit Card,9.49
ORD-11781,2024-03-01,CUST-1232,PROD-22,1,0.0,Store Credit,13.28
ORD-11782,07/21/2025,CUST-1803,PROD-14,2,0.0,PayPal,8.7
ORD-11783,2024-09-09,CUST-1437,PROD-09,-2,0.15,Credit Card,9.54
ORD-11784,05-07-2025,CUST-1130,PROD-18,1,0.0,,4.91
ORD-11785,12/07/2024,CUST-1930,PROD-40,2,0.0,Credit Card,6.27
ORD-11786,2025-05-23,CUST-1471,PROD-20,3,0.0,Credit Card,18.49
ORD-11787,2025-01-28,CUST-1275,PROD-42,2,0.1,Debit Card,13.94
ORD-11788,2024-04-10,CUST-1458,PROD-05,1,0.1,Debit Card,7.7
ORD-11789,2025-02-14,CUST-1974,PROD-18,2,0.2,,14.06
ORD-11790,2025-02-12,CUST-1928,PROD-10,5,0.1,Credit Card,11.17
ORD-11791,2024-08-22,CUST-1163,PROD-43,5,0.05,Debit Card,17.98
ORD-11792,2024-10-03,CUST-1109,PROD-05,2,0.05,Debit Card,4.15
ORD-11793,2024-04-06,CUST-1143,PROD-07,1,0.05,PayPal,14.65
ORD-11794,2024-02-20,CUST-1940,PROD-38,2,0.05,Store Credit,13.68
ORD-11795,2024-05-09,CUST-1881,PROD-09,1,0.15,,7.77
ORD-11796,2024-09-17,CUST-1718,PROD-35,5,0.0,Credit Card,8.83
ORD-11797,2025-07-09,CUST-1505,PROD-41,5,0.0,PayPal,18.08
ORD-11798,2024-06-23,CUST-9999,PROD-28,3,0.15,Credit Card,6.64
ORD-11799,04/23/2025,CUST-1984,PROD-28,5,0.05,,16.56
ORD-11800,01/02/2025,CUST-1850,PROD-48,3,0.2,Store Credit,15.36
ORD-11801,2025-05-04,CUST-1019,PROD-48,4,0.1,PayPal,14.53
ORD-11802,2024-06-21,CUST-1883,PROD-50,3,0.2,Debit Card,5.27
ORD-11803,2025-08-22,CUST-1177,PROD-12,1,0.0,,6.92
ORD-11804,10-11-2025,CUST-1776,PROD-20,5,0.1,PayPal,13.41
ORD-11805,14-09-2024,CUST-1093,PROD-11,2,0.05,Credit Card,8.59
ORD-11806,2025-08-10,CUST-1014,PROD-39,4,0.1,PayPal,17.29
ORD-11807,2025-03-30,CUST-1001,PROD-17,3,0.0,,9.77
ORD-11808,2024-07-17,CUST-1292,PROD-42,2,0.15,Credit Card,4.79
ORD-11809,2024-03-27,CUST-1782,PROD-13,2,0.0,PayPal,8.76
ORD-11810,2025-04-19,CUST-1228,PROD-25,1,0.1,Credit Card,18.9
ORD-11811,2024-05-27,CUST-1329,PROD-26,1,0.2,Store Credit,17.29
ORD-11812,2024-02-26,CUST-1133,PROD-26,5,0.2,Debit Card,4.16
ORD-11813,2025-08-09,CUST-1205,PROD-18,4,0.1,PayPal,17.71
ORD-11814,2025-11-20,CUST-9999,PROD-13,1,0.0,,8.13
ORD-11815,2025-12-30,CUST-1141,PROD-13,4,0.05,Debit Card,18.39
ORD-11816,2024-10-21,CUST-1471,PROD-12,4,0.15,Debit Card,11.62
ORD-11817,06-03-2025,CUST-1433,PROD-45,3,0.15,Debit Card,6.87
ORD-11818,02/16/2024,CUST-1829,PROD-05,3,0.0,,12.8
ORD-11819,21-01-2024,CUST-1507,PROD-40,2,0.0,Debit Card,15.15
ORD-11820,12-02-2024,CUST-1225,PROD-29,3,0.0,Store Credit,6.68
ORD-11821,2024-10-02,CUST-1816,PROD-13,4,0.15,Debit Card,11.17
ORD-11822,2024-01-12,CUST-1792,PROD-35,2,0.1,PayPal,10.68
ORD-11823,2025-08-04,CUST-1178,PROD-13,3,0.0,Credit Card,19.66
ORD-11824,2024-01-04,CUST-1896,PROD-22,3,0.1,Debit Card,6.78
ORD-11825,02/04/2025,CUST-1799,PROD-38,1,0.15,PayPal,11.62
ORD-11826,2024-03-20,CUST-1313,PROD-32,4,0.2,Credit Card,8.69
ORD-11827,2025-04-11,CUST-1269,PROD-18,1,0.1,Store Credit,5.31
ORD-11828,04/07/2025,,PROD-23,3,0.1,Store Credit,6.09
ORD-11829,02/01/2025,CUST-1947,PROD-05,3,0.2,Credit Card,12.3
ORD-11830,06/13/2025,CUST-1961,PROD-04,4,0.2,PayPal,13.22
ORD-11831,2024-04-22,CUST-1343,PROD-03,5,0.1,Credit Card,8.63
ORD-11832,2024-08-29,CUST-1439,PROD-03,1,0.0,PayPal,11.1
ORD-11833,2025-03-11,CUST-1028,PROD-26,4,0.2,PayPal,4.35
ORD-11834,2025-02-18,CUST-1927,PROD-08,2,0.0,PayPal,10.72
ORD-11835,01-05-2025,CUST-1795,PROD-06,5,0.1,,14.34
ORD-11836,2025-03-17,CUST-1338,PROD-44,1,0.1,Store Credit,16.01
ORD-11837,2025-08-09,CUST-1833,PROD-11,5,0.15,Store Credit,19.79
ORD-11838,01/25/2024,CUST-1653,PROD-21,3,0.15,PayPal,6.21
ORD-11839,2024-04-30,CUST-1664,PROD-36,1,0.15,Store Credit,14.91
ORD-11840,2025-03-29,CUST-1192,PROD-04,4,0.0,,18.88
ORD-11841,23-11-2025,CUST-1197,PROD-38,5,0.15,Credit Card,14.76
ORD-11842,08/03/2025,CUST-1503,PROD-08,4,0.2,Debit Card,19.44
ORD-11843,07/27/2024,CUST-1093,PROD-30,1,0.15,Store Credit,17.15
ORD-11844,2024-11-11,CUST-1602,PROD-19,2,0.2,,12.56
ORD-11845,2025-11-11,CUST-1691,PROD-50,3,0.05,,15.07
ORD-11846,2024-04-25,CUST-1626,PROD-27,4,0.15,PayPal,5.01
ORD-11847,12/14/2024,CUST-1003,PROD-24,5,0.15,PayPal,19.33
ORD-11848,2024-10-05,CUST-1761,PROD-50,2,0.0,PayPal,16.51
ORD-11849,2025-12-11,CUST-1478,PROD-47,4,0.1,,17.75
ORD-11850,2024-01-06,CUST-1657,PROD-18,1,0.05,,13.27
ORD-11851,2024-02-23,CUST-1259,PROD-50,2,0.2,,5.48
ORD-11852,2024-01-02,CUST-1048,PROD-08,5,0.0,Store Credit,14.08
ORD-11853,2024-02-13,CUST-1032,PROD-33,1,0.15,Credit Card,11.26
ORD-11854,2025-02-15,CUST-1969,PROD-27,3,0.05,,9.21
ORD-11855,2024-01-31,CUST-1151,PROD-34,5,0.05,,6.93
ORD-11856,2025-10-24,CUST-1078,PROD-27,4,0.15,Credit Card,15.5
ORD-11857,01/29/2025,CUST-1484,PROD-26,1,0.15,Credit Card,12.48
ORD-11858,2024-01-18,CUST-1059,PROD-41,2,0.1,PayPal,14.75
ORD-11859,2024-09-27,CUST-1823,PROD-39,2,0.2,Debit Card,9.33
ORD-11860,2025-06-18,CUST-1922,PROD-01,1,0.2,Debit Card,16.96
ORD-11861,2025-11-04,CUST-1898,PROD-24,5,0.0,,5.43
ORD-11862,08-06-2024,CUST-1255,PROD-01,3,0.15,Store Credit,10.47
ORD-11863,2025-12-22,CUST-1665,PROD-49,2,0.05,PayPal,10.0
ORD-11864,05/16/2024,CUST-1316,PROD-03,2,0.2,Store Credit,8.08
ORD-11865,2024-03-22,CUST-1809,PROD-24,3,0.2,Credit Card,19.52
ORD-11866,02/13/2025,CUST-1899,PROD-33,1,0.05,,11.22
ORD-11867,2025-05-25,CUST-1962,PROD-46,2,0.0,PayPal,7.68
ORD-11868,2024-02-09,CUST-1619,PROD-50,5,0.1,Debit Card,13.35
ORD-11869,2024-05-12,CUST-1837,PROD-32,2,0.0,Credit Card,19.21
ORD-11870,2024-07-09,CUST-1170,PROD-27,2,0.0,Store Credit,10.66
ORD-11871,15-03-2024,CUST-1583,PROD-38,2,0.05,Store Credit,13.75
ORD-11872,27-08-2025,CUST-1674,PROD-10,5,0.2,,7.96
ORD-11873,11/24/2024,CUST-1886,PROD-26,4,0.2,Store Credit,11.21
ORD-11874,2024-07-10,CUST-1013,PROD-20,3,0.15,PayPal,4.77
ORD-11875,14-09-2024,CUST-1098,PROD-21,5,0.2,PayPal,19.61
ORD-11876,2025-09-05,CUST-9999,PROD-26,-2,0.0,Credit Card,8.62
ORD-11877,2024-02-20,CUST-1478,PROD-26,5,0.2,Credit Card,19.3
ORD-11878,11/08/2024,CUST-1874,PROD-03,5,0.0,PayPal,8.8
ORD-11879,2024-01-18,CUST-1508,PROD-21,5,0.1,PayPal,4.52
ORD-11880,2025-09-19,CUST-1853,PROD-43,2,0.2,PayPal,8.74
ORD-11881,2024-01-12,,PROD-42,5,0.0,PayPal,9.38
ORD-11882,2024-08-25,CUST-1437,PROD-28,1,0.15,Debit Card,12.93
ORD-11883,2025-09-27,CUST-1583,PROD-50,1,0.2,Debit Card,10.43
ORD-11884,05/14/2024,CUST-1675,PROD-24,1,0.1,,10.53
ORD-11885,12-04-2024,CUST-1342,PROD-31,3,0.0,Debit Card,7.96
ORD-11886,2024-11-10,CUST-1168,PROD-21,1,0.2,PayPal,11.7
ORD-11887,2025-09-25,CUST-1014,PROD-04,4,0.0,PayPal,5.16
ORD-11888,2024-12-24,CUST-1776,PROD-37,2,0.0,PayPal,15.11
ORD-11889,09/28/2025,CUST-1740,PROD-05,5,0.1,PayPal,7.35
ORD-11890,2024-02-11,CUST-1830,PROD-19,3,0.05,Store Credit,8.58
ORD-11891,2025-09-15,CUST-1442,PROD-02,5,0.1,PayPal,16.38
ORD-11892,18-11-2024,CUST-1907,PROD-01,4,0.1,Debit Card,5.21
ORD-11893,2025-09-14,CUST-1035,PROD-45,3,0.0,Store Credit,15.11
ORD-11894,2025-11-04,CUST-1356,PROD-06,4,0.0,Debit Card,4.58
ORD-11895,2024-03-16,CUST-1002,PROD-23,1,0.2,Credit Card,9.13
ORD-11896,2025-04-07,CUST-1635,PROD-26,2,0.15,Credit Card,18.74
ORD-11897,2024-02-18,CUST-1003,PROD-04,5,0.0,Credit Card,15.46
ORD-11898,22-11-2024,CUST-1283,PROD-02,2,0.15,,6.38
ORD-11899,03/24/2024,CUST-1215,PROD-38,2,0.2,Credit Card,7.81
ORD-11900,15-01-2025,CUST-1409,PROD-44,1,0.2,Store Credit,12.54
ORD-11901,2024-01-13,CUST-1623,PROD-45,4,0.05,Store Credit,15.34
ORD-11902,07/30/2024,CUST-1351,PROD-47,2,0.0,PayPal,13.67
ORD-11903,2025-04-24,CUST-1516,PROD-33,4,0.1,Credit Card,12.08
ORD-11904,2025-09-11,CUST-9999,PROD-03,1,0.2,Credit Card,13.58
ORD-11905,2025-09-21,CUST-1843,PROD-45,3,0.0,Credit Card,5.46
ORD-11906,11/28/2025,CUST-1400,PROD-25,3,0.15,Debit Card,12.85
ORD-11907,2025-07-28,CUST-1409,PROD-16,1,0.0,,14.49
ORD-11908,2024-02-03,CUST-1701,PROD-44,2,0.0,Debit Card,7.6
ORD-11909,2025-04-26,CUST-1975,PROD-18,3,0.05,Store Credit,15.61
ORD-11910,02/28/2024,CUST-1696,PROD-50,2,0.0,Store Credit,16.0
ORD-11911,2024-10-23,CUST-1633,PROD-37,2,0.15,Debit Card,10.73
ORD-11912,05/12/2025,CUST-9999,PROD-09,2,0.0,Debit Card,15.24
ORD-11913,2025-08-13,CUST-1238,PROD-01,4,0.0,,8.81
ORD-11914,2024-05-12,CUST-1929,PROD-29,-2,0.1,,10.41
ORD-11915,04-12-2024,CUST-1243,PROD-03,2,0.1,Credit Card,9.93
ORD-11916,05/12/2024,CUST-1090,PROD-42,3,0.0,,12.71
ORD-11917,2024-05-03,CUST-1045,PROD-38,2,0.0,PayPal,14.22
ORD-11918,2024-05-26,CUST-1269,PROD-22,2,0.1,Debit Card,13.08
ORD-11919,2025-12-13,CUST-1115,PROD-37,2,0.1,Credit Card,4.78
ORD-11920,2025-06-30,CUST-1991,PROD-30,4,0.05,Debit Card,8.11
ORD-11921,06-10-2024,CUST-1141,PROD-03,5,0.15,Debit Card,15.09
ORD-11922,2024-12-03,CUST-1571,PROD-02,1,0.2,,13.51
ORD-11923,2024-12-22,CUST-1291,PROD-19,4,0.1,PayPal,17.86
ORD-11924,09/03/2025,CUST-1127,PROD-32,1,0.05,Store Credit,10.07
ORD-11925,28-08-2024,CUST-1831,PROD-27,3,0.15,Store Credit,4.48
ORD-11926,2024-01-11,CUST-1158,PROD-49,4,0.0,PayPal,7.14
ORD-11927,2024-03-05,CUST-1073,PROD-24,1,0.0,Store Credit,7.68
ORD-11928,12-10-2025,CUST-1829,PROD-07,1,0.05,,11.03
ORD-11929,2024-03-04,CUST-1310,PROD-05,5,0.05,Debit Card,11.07
ORD-11930,2024-09-28,CUST-1271,PROD-47,2,0.0,Debit Card,15.1
ORD-11931,2025-04-23,CUST-1472,PROD-08,1,0.2,,14.19
ORD-11932,2025-06-28,,PROD-20,4,0.15,PayPal,10.86
ORD-11933,01-02-2025,CUST-1200,PROD-21,4,0.05,,11.35
ORD-11934,14-07-2025,CUST-1480,PROD-04,2,0.2,Store Credit,17.55
ORD-11935,2024-03-31,CUST-1007,PROD-42,2,0.0,Credit Card,13.65
ORD-11936,2025-03-18,CUST-1871,PROD-10,5,0.2,Store Credit,7.39
ORD-11937,2025-11-29,CUST-1882,PROD-26,1,0.0,,18.73
ORD-11938,2024-11-25,CUST-1405,PROD-30,5,0.2,PayPal,8.12
ORD-11939,2025-03-25,CUST-1956,PROD-46,5,0.05,PayPal,4.74
ORD-11940,2024-09-01,CUST-1097,PROD-17,1,0.0,Store Credit,13.86
ORD-11941,08/21/2024,CUST-1286,PROD-19,3,0.1,Credit Card,13.66
ORD-11942,2025-06-21,CUST-1819,PROD-44,3,0.0,Debit Card,17.47
ORD-11943,2025-12-07,CUST-1059,PROD-29,5,0.2,,13.95
ORD-11944,2024-07-25,CUST-1031,PROD-01,4,0.05,PayPal,7.41
ORD-11945,2024-06-07,CUST-1641,PROD-47,2,0.1,Store Credit,11.47
ORD-11946,2024-08-11,CUST-1908,PROD-47,1,0.1,Store Credit,18.85
ORD-11947,2025-05-04,CUST-1004,PROD-14,1,0.0,Store Credit,16.75
ORD-11948,2024-12-09,CUST-1516,PROD-20,3,0.0,Credit Card,14.24
ORD-11949,2025-12-26,CUST-1920,PROD-32,4,0.1,Debit Card,12.09
ORD-11950,2025-03-14,CUST-1583,PROD-01,4,0.0,Credit Card,17.47
ORD-11951,09/07/2024,CUST-1521,PROD-43,4,0.05,Store Credit,15.65
ORD-11952,2024-10-16,CUST-1610,PROD-32,2,0.0,,18.79
ORD-11953,2025-08-24,CUST-1497,PROD-48,5,0.2,Debit Card,17.46
ORD-11954,09/04/2025,CUST-1936,PROD-46,1,0.15,,18.21
ORD-11955,2024-11-17,CUST-1720,PROD-43,4,0.1,Debit Card,7.45
ORD-11956,05/14/2024,,PROD-17,1,0.0,Credit Card,6.5
ORD-11957,2025-07-15,CUST-1547,PROD-42,1,0.05,,8.6
ORD-11958,2024-12-13,CUST-1717,PROD-05,4,0.1,PayPal,6.19
ORD-11959,07/16/2024,,PROD-46,4,0.05,PayPal,17.22
ORD-11960,2025-10-14,CUST-1473,PROD-48,4,0.0,,16.38
ORD-11961,2025-06-22,,PROD-14,5,0.2,Store Credit,4.91
ORD-11962,2025-11-04,CUST-1070,PROD-25,4,0.2,Credit Card,19.79
ORD-11963,2024-07-23,CUST-1658,PROD-24,4,0.2,,13.58
ORD-11964,2024-10-04,CUST-1333,PROD-33,4,0.15,Debit Card,13.07
ORD-11965,2025-01-31,CUST-1248,PROD-01,4,0.0,PayPal,10.31
ORD-11966,2024-05-02,CUST-1588,PROD-10,4,0.1,PayPal,4.11
ORD-11967,2025-03-04,CUST-1751,PROD-29,4,0.05,Debit Card,11.98
ORD-11968,19-06-2025,CUST-1770,PROD-49,4,0.05,Credit Card,19.85
ORD-11969,2024-06-25,CUST-1006,PROD-01,5,0.1,Debit Card,12.33
ORD-11970,02/28/2025,CUST-1299,PROD-44,1,0.1,Store Credit,9.64
ORD-11971,2024-11-28,CUST-1263,PROD-20,5,0.15,,11.55
ORD-11972,2024-10-30,CUST-1854,PROD-13,4,0.15,Store Credit,4.26
ORD-11973,08/26/2024,CUST-1889,PROD-03,4,0.0,PayPal,10.52
ORD-11974,16-02-2024,CUST-1960,PROD-18,2,0.15,Store Credit,4.96
ORD-11975,02/16/2024,CUST-1050,PROD-35,5,0.0,Credit Card,19.72
ORD-11976,10/11/2024,CUST-1685,PROD-38,500,0.1,Credit Card,17.17
ORD-11977,2025-05-02,CUST-1942,PROD-37,2,0.05,Debit Card,19.83
ORD-11978,2025-07-22,CUST-1399,PROD-40,1,0.05,Debit Card,18.62
ORD-11979,2025-04-20,CUST-1387,PROD-49,3,0.15,Credit Card,13.16
ORD-11980,2025-05-25,CUST-1587,PROD-17,3,0.15,,4.71
ORD-11981,04-11-2025,CUST-1735,PROD-40,2,0.2,Credit Card,16.81
ORD-11982,2024-04-02,CUST-1999,PROD-49,5,0.05,,17.45
ORD-11983,2024-01-18,CUST-1158,PROD-03,5,0.2,Store Credit,14.63
ORD-11984,2025-04-27,CUST-1372,PROD-40,1,0.2,Debit Card,5.06
ORD-11985,03/11/2025,CUST-9999,PROD-44,2,0.0,Credit Card,12.0
ORD-11986,05/12/2024,CUST-1657,PROD-34,5,0.05,Credit Card,13.12
ORD-11987,2024-06-11,CUST-1173,PROD-28,3,0.2,,10.02
ORD-11988,09/29/2025,CUST-1431,PROD-31,5,0.0,Credit Card,17.58
ORD-11989,2025-03-30,CUST-1413,PROD-12,2,0.2,Credit Card,9.93
ORD-11990,26-06-2025,CUST-1093,PROD-30,2,0.05,PayPal,18.17
ORD-11991,01/05/2025,CUST-1425,PROD-40,1,0.1,PayPal,7.76
ORD-11992,04/16/2025,CUST-1486,PROD-08,5,0.15,Credit Card,19.68
ORD-11993,2024-06-24,CUST-1587,PROD-04,4,0.05,Debit Card,17.96
ORD-11994,2025-07-09,CUST-1688,PROD-36,4,0.1,,9.16
ORD-11995,2024-09-22,CUST-1431,PROD-32,2,0.15,,5.23
ORD-11996,2025-07-11,CUST-1864,PROD-29,4,0.15,Credit Card,9.63
ORD-11997,2024-03-07,CUST-1572,PROD-38,5,0.15,Store Credit,6.67
ORD-11998,2025-07-17,CUST-1525,PROD-29,5,0.0,PayPal,19.34
ORD-11999,2025-12-02,CUST-1244,PROD-38,1,0.0,Credit Card,18.96
ORD-12000,2025-11-14,CUST-1342,PROD-48,5,0.0,PayPal,18.84
ORD-12001,10/24/2025,CUST-1397,PROD-42,1,0.15,PayPal,17.04
ORD-12002,2024-01-28,CUST-1938,PROD-26,5,0.0,Credit Card,4.74
ORD-12003,2025-08-23,CUST-1151,PROD-38,4,0.15,,18.29
ORD-12004,2024-08-17,CUST-1679,PROD-28,5,0.1,Credit Card,7.87
ORD-12005,2024-11-19,CUST-1472,PROD-33,5,0.2,PayPal,19.93
ORD-12006,2024-07-14,CUST-1014,PROD-32,1,0.0,PayPal,5.59
ORD-12007,2024-12-03,CUST-1865,PROD-50,1,0.05,PayPal,14.29
ORD-12008,2025-06-21,CUST-1899,PROD-48,3,0.2,Debit Card,8.2
ORD-12009,2024-11-14,CUST-1215,PROD-07,3,0.0,Debit Card,18.19
ORD-12010,2024-02-22,CUST-1771,PROD-10,3,0.0,PayPal,10.4
ORD-12011,2025-03-30,CUST-1403,PROD-50,1,0.2,Credit Card,13.31
ORD-12012,03/24/2025,CUST-1458,PROD-35,2,0.0,Debit Card,16.86
ORD-12013,2025-10-04,CUST-1299,PROD-17,4,0.15,Debit Card,4.39
ORD-12014,08/25/2024,CUST-1877,PROD-28,1,0.0,Store Credit,7.48
ORD-12015,2024-05-17,CUST-1777,PROD-32,2,0.0,Debit Card,13.31
ORD-12016,2025-05-25,CUST-1165,PROD-39,2,0.2,Store Credit,7.73
ORD-12017,2025-06-05,CUST-1761,PROD-14,2,0.15,Credit Card,9.29
ORD-12018,12-01-2025,CUST-1658,PROD-11,2,0.0,PayPal,8.79
ORD-12019,01/19/2025,CUST-1071,PROD-36,3,0.15,PayPal,13.32
ORD-12020,2025-02-02,CUST-1213,PROD-20,4,0.1,Debit Card,10.21
ORD-12021,2024-05-05,CUST-1366,PROD-35,1,0.2,Store Credit,8.27
ORD-12022,2025-09-16,CUST-1004,PROD-22,500,0.0,PayPal,5.22
ORD-12023,2025-11-11,CUST-1074,PROD-42,3,0.0,PayPal,16.59
ORD-12024,11/03/2024,CUST-1396,PROD-45,5,0.05,,7.24
ORD-12025,05/13/2025,CUST-1754,PROD-09,2,0.15,Store Credit,8.61
ORD-12026,14-10-2025,,PROD-50,2,0.1,Debit Card,19.5
ORD-12027,2024-01-31,CUST-1394,PROD-46,1,0.15,PayPal,10.64
ORD-12028,2025-04-08,CUST-1387,PROD-27,1,0.0,PayPal,19.95
ORD-12029,07-02-2025,CUST-1831,PROD-03,2,0.0,PayPal,8.29
ORD-12030,2025-08-25,CUST-1214,PROD-47,4,0.15,PayPal,18.25
ORD-12031,2025-05-14,CUST-1097,PROD-31,5,0.0,Debit Card,6.39
ORD-12032,2024-11-07,CUST-1281,PROD-19,2,0.0,PayPal,16.42
ORD-12033,2024-12-24,CUST-1405,PROD-24,3,0.0,Store Credit,17.01
ORD-12034,2024-04-22,CUST-1770,PROD-09,1,0.15,,16.51
ORD-12035,12/31/2024,CUST-1916,PROD-40,3,0.15,PayPal,14.22
ORD-12036,2025-05-12,CUST-1902,PROD-17,3,0.15,Credit Card,4.41
ORD-12037,2025-07-14,,PROD-48,3,0.0,PayPal,17.3
ORD-12038,10/04/2024,CUST-1262,PROD-36,2,0.0,,18.56
ORD-12039,2024-08-22,CUST-1774,PROD-16,1,0.05,Debit Card,8.41
ORD-12040,2025-12-13,CUST-1300,PROD-38,2,0.05,Credit Card,5.82
ORD-12041,12/14/2025,CUST-1530,PROD-30,3,0.0,Credit Card,6.13
ORD-12042,2025-12-05,CUST-1330,PROD-19,4,0.2,Store Credit,10.79
ORD-12043,2025-06-10,CUST-1824,PROD-24,1,0.0,,11.68
ORD-12044,2024-09-06,CUST-1087,PROD-21,1,0.05,PayPal,10.92
ORD-12045,2025-07-01,CUST-1968,PROD-01,5,0.0,,11.29
ORD-12046,2024-02-16,CUST-1538,PROD-21,2,0.05,Store Credit,17.41
ORD-12047,2025-02-20,CUST-1003,PROD-10,5,0.2,PayPal,7.9
ORD-12048,2024-03-14,CUST-1724,PROD-48,4,0.0,Credit Card,6.94
ORD-12049,2024-02-25,CUST-1896,PROD-22,3,0.2,Credit Card,14.79
ORD-12050,2024-05-21,CUST-1099,PROD-19,1,0.1,Store Credit,11.68
ORD-12051,2024-04-15,CUST-1757,PROD-38,1,0.0,Store Credit,10.78
ORD-12052,2024-09-12,CUST-1145,PROD-09,2,0.05,Credit Card,4.49
ORD-12053,2024-11-23,,PROD-09,2,0.0,Debit Card,10.03
ORD-12054,2025-11-01,,PROD-48,1,0.0,Credit Card,16.12
ORD-12055,2024-09-19,CUST-1590,PROD-07,2,0.05,PayPal,12.26
ORD-12056,04/29/2024,CUST-1751,PROD-39,4,0.2,Debit Card,9.32
ORD-12057,2024-08-09,CUST-1306,PROD-50,5,0.1,Store Credit,16.68
ORD-12058,2024-06-26,CUST-1440,PROD-13,1,0.2,,19.2
ORD-12059,2024-09-10,CUST-1687,PROD-31,2,0.05,,12.79
ORD-12060,2025-10-02,CUST-1851,PROD-15,1,0.05,PayPal,19.95
ORD-12061,2025-02-17,CUST-1868,PROD-05,4,0.0,Debit Card,16.59
ORD-12062,2025-10-16,CUST-1427,PROD-27,3,0.1,Debit Card,7.5
ORD-12063,02/18/2025,CUST-1164,PROD-19,3,0.1,Store Credit,15.5
ORD-12064,2025-11-13,CUST-1595,PROD-45,4,0.0,,12.81
ORD-12065,12/13/2024,CUST-1208,PROD-46,4,0.1,,6.4
ORD-12066,2024-04-15,CUST-1657,PROD-30,4,0.0,,18.89
ORD-12067,2024-11-27,CUST-1294,PROD-27,5,0.2,Store Credit,7.93
ORD-12068,2025-08-14,CUST-1403,PROD-47,3,0.15,Store Credit,13.43
ORD-12069,2024-08-30,CUST-1778,PROD-35,1,0.1,Credit Card,9.66
ORD-12070,2024-08-17,CUST-1104,PROD-26,5,0.2,PayPal,15.1
ORD-12071,2024-03-31,CUST-1826,PROD-14,4,0.0,Store Credit,15.05
ORD-12072,05-01-2024,CUST-1629,PROD-28,5,0.2,Credit Card,12.88
ORD-12073,2024-05-23,CUST-1213,PROD-08,1,0.05,Store Credit,16.53
ORD-12074,08/29/2025,CUST-1453,PROD-26,3,0.0,,19.85
ORD-12075,2025-10-10,CUST-1304,PROD-23,2,0.0,,5.73
ORD-12076,05/22/2024,CUST-1826,PROD-38,3,0.0,PayPal,10.32
ORD-12077,2025-08-09,CUST-1082,PROD-43,4,0.2,Store Credit,15.49
ORD-12078,2025-08-03,CUST-1463,PROD-44,5,0.0,PayPal,9.25
ORD-12079,2025-09-06,CUST-1399,PROD-07,5,0.0,Credit Card,10.41
ORD-12080,2024-09-09,CUST-1600,PROD-03,1,0.0,PayPal,7.7
ORD-12081,2024-10-05,CUST-1430,PROD-31,2,0.2,Debit Card,12.53
ORD-12082,2024-04-12,CUST-1559,PROD-45,1,0.0,Store Credit,11.89
ORD-12083,2024-08-09,CUST-9999,PROD-35,4,0.0,Debit Card,13.24
ORD-12084,2025-12-28,CUST-1791,PROD-02,3,0.2,PayPal,18.29
ORD-12085,2024-02-09,CUST-1903,PROD-27,1,0.1,,19.98
ORD-12086,03/15/2024,CUST-1253,PROD-19,2,0.05,,18.32
ORD-12087,2024-12-03,CUST-1160,PROD-04,2,0.0,Store Credit,4.97
ORD-12088,2025-05-04,CUST-1498,PROD-38,5,0.1,Credit Card,5.27
ORD-12089,2025-05-07,CUST-1089,PROD-32,2,0.2,Credit Card,13.32
ORD-12090,12-11-2024,CUST-1139,PROD-20,1,0.0,,12.88
ORD-12091,2025-11-01,CUST-1136,PROD-35,3,0.05,PayPal,18.53
ORD-12092,2025-12-14,CUST-1219,PROD-28,5,0.05,Store Credit,10.08
ORD-12093,2025-03-14,CUST-1568,PROD-06,4,0.05,,19.52
ORD-12094,04-11-2025,CUST-1592,PROD-19,2,0.0,Debit Card,8.53
ORD-12095,2024-02-19,CUST-1943,PROD-22,1,0.1,,14.61
ORD-12096,2025-11-08,CUST-1562,PROD-17,3,0.0,Debit Card,6.8
ORD-12097,2025-11-02,CUST-1077,PROD-01,3,0.05,Store Credit,15.52
ORD-12098,07-03-2024,CUST-1556,PROD-39,3,0.15,,18.63
ORD-12099,2025-01-02,CUST-1519,PROD-37,5,0.0,Credit Card,4.48
ORD-12100,2024-04-18,CUST-1749,PROD-22,3,0.2,Store Credit,7.32
ORD-12101,01/07/2025,CUST-1150,PROD-12,1,0.1,PayPal,10.23
ORD-12102,05/16/2024,CUST-1376,PROD-02,1,0.1,Credit Card,14.6
ORD-12103,2024-03-25,CUST-9999,PROD-18,2,0.0,Store Credit,12.14
ORD-12104,03/07/2025,CUST-1807,PROD-45,1,0.0,Credit Card,19.48
ORD-12105,2025-02-25,CUST-1689,PROD-18,1,0.1,PayPal,12.57
ORD-12106,2024-01-08,CUST-1514,PROD-47,3,0.2,PayPal,6.23
ORD-12107,2024-05-26,CUST-1570,PROD-10,5,0.05,Store Credit,9.22
ORD-12108,2024-06-08,CUST-1621,PROD-38,1,0.0,Debit Card,5.47
ORD-12109,2025-07-21,CUST-1119,PROD-15,1,0.2,Credit Card,18.97
ORD-12110,2024-12-21,CUST-1969,PROD-50,3,0.1,PayPal,6.63
ORD-12111,2025-10-20,CUST-1846,PROD-01,4,0.05,Credit Card,14.22
ORD-12112,2025-11-11,CUST-1042,PROD-39,5,0.0,Credit Card,6.03
ORD-12113,2025-07-07,CUST-1917,PROD-20,3,0.2,Debit Card,7.87
ORD-12114,2024-03-20,CUST-1130,PROD-49,1,0.2,Debit Card,8.6
ORD-12115,2025-07-23,CUST-1751,PROD-41,1,0.0,Credit Card,14.25
ORD-12116,2025-11-21,CUST-1024,PROD-25,3,0.1,,14.27
ORD-12117,2024-01-26,CUST-1572,PROD-38,2,0.0,PayPal,17.17
ORD-12118,09/27/2025,CUST-1257,PROD-16,4,0.15,,4.21
ORD-12119,2024-12-05,CUST-1937,PROD-32,5,0.15,Debit Card,15.16
ORD-12120,2024-01-22,CUST-1590,PROD-48,-2,0.1,,19.43
ORD-12121,2025-08-03,CUST-1368,PROD-10,5,0.1,Credit Card,10.03
ORD-12122,2024-02-19,CUST-1247,PROD-15,3,0.05,Store Credit,18.29
ORD-12123,2024-03-25,CUST-1425,PROD-06,4,0.2,,5.1
ORD-12124,24-08-2025,CUST-1367,PROD-15,5,0.05,PayPal,11.65
ORD-12125,2025-02-12,CUST-1628,PROD-26,3,0.1,Store Credit,17.74
ORD-12126,2024-07-03,CUST-1010,PROD-35,2,0.0,PayPal,18.41
ORD-12127,2024-06-27,CUST-1786,PROD-03,4,0.2,PayPal,8.92
ORD-12128,2024-12-04,CUST-1408,PROD-39,5,0.05,Debit Card,11.33
ORD-12129,21-08-2025,CUST-1855,PROD-32,4,0.0,PayPal,8.43
ORD-12130,2025-01-12,CUST-1782,PROD-14,2,0.15,Debit Card,14.8
ORD-12131,2024-10-25,CUST-1869,PROD-06,5,0.0,,10.18
ORD-12132,2024-02-17,CUST-1144,PROD-39,2,0.2,,13.59
ORD-12133,2025-03-29,CUST-1975,PROD-11,2,0.0,Debit Card,5.38
ORD-12134,2025-04-20,CUST-1927,PROD-08,2,0.15,PayPal,18.39
ORD-12135,2025-01-26,CUST-1855,PROD-01,2,0.05,Credit Card,19.53
ORD-12136,05/04/2024,CUST-1513,PROD-03,3,0.0,PayPal,6.41
ORD-12137,2025-03-04,CUST-1109,PROD-37,2,0.0,Debit Card,13.89
ORD-12138,2025-05-16,CUST-1064,PROD-01,1,0.0,,14.36
ORD-12139,2025-03-16,CUST-1862,PROD-22,3,0.2,Store Credit,5.01
ORD-12140,2025-01-12,CUST-1003,PROD-47,5,0.0,PayPal,4.0
ORD-12141,12/18/2024,,PROD-09,1,0.1,Store Credit,11.44
ORD-12142,07/01/2025,CUST-1386,PROD-19,3,0.0,Store Credit,4.2
ORD-12143,2024-05-01,CUST-1362,PROD-13,1,0.0,Store Credit,19.57
ORD-12144,14-03-2025,CUST-1349,PROD-04,4,0.2,Store Credit,5.06
ORD-12145,01/28/2024,CUST-1089,PROD-45,4,0.15,Credit Card,10.5
ORD-12146,03/16/2024,CUST-1160,PROD-09,1,0.1,Store Credit,14.01
ORD-12147,27-11-2025,CUST-1645,PROD-31,2,0.05,PayPal,6.16
ORD-12148,2024-07-22,CUST-1365,PROD-38,2,0.1,,15.52
ORD-12149,2025-10-24,CUST-1934,PROD-32,3,0.0,,8.98
ORD-12150,2024-01-23,CUST-1251,PROD-30,2,0.15,,13.02
ORD-12151,2025-12-14,CUST-1715,PROD-05,3,0.1,Debit Card,13.58
ORD-12152,2025-10-03,CUST-1628,PROD-14,4,0.15,Debit Card,5.64
ORD-12153,2025-11-05,CUST-1509,PROD-27,1,0.05,PayPal,18.7
ORD-12154,2024-05-22,CUST-1282,PROD-43,4,0.05,PayPal,15.2
ORD-12155,2025-02-06,CUST-1887,PROD-15,3,0.0,PayPal,11.8
ORD-12156,2024-10-13,CUST-1986,PROD-16,3,0.2,Store Credit,9.01
ORD-12157,2025-01-30,,PROD-17,5,0.05,,10.8
ORD-12158,2024-06-17,CUST-1295,PROD-46,1,0.0,Debit Card,10.5
ORD-12159,2024-05-21,CUST-1593,PROD-09,4,0.05,Store Credit,12.53
ORD-12160,12/07/2024,CUST-1689,PROD-04,2,0.1,Store Credit,15.37
ORD-12161,2024-07-02,CUST-1328,PROD-45,4,0.15,PayPal,8.11
ORD-12162,10/02/2024,CUST-1590,PROD-08,3,0.0,PayPal,6.35
ORD-12163,2024-07-19,CUST-1564,PROD-45,1,0.05,Debit Card,19.55
ORD-12164,2025-08-03,CUST-1383,PROD-08,3,0.2,Credit Card,11.33
ORD-12165,2024-07-27,CUST-1138,PROD-06,5,0.2,PayPal,16.38
ORD-12166,2024-07-16,CUST-1160,PROD-45,5,0.2,Debit Card,9.06
ORD-12167,2025-02-08,CUST-1456,PROD-01,4,0.2,PayPal,14.72
ORD-12168,2025-06-16,CUST-1069,PROD-09,2,0.0,Credit Card,18.25
ORD-12169,2025-11-23,CUST-1275,PROD-09,3,0.15,PayPal,7.26
ORD-12170,2024-08-05,CUST-1591,PROD-25,5,0.0,,13.67
ORD-12171,05/25/2025,CUST-1715,PROD-14,3,0.2,Debit Card,13.7
ORD-12172,19-10-2024,CUST-1614,PROD-09,3,0.1,Debit Card,13.08
ORD-12173,2024-02-23,CUST-1268,PROD-40,1,0.15,PayPal,9.98
ORD-12174,30-10-2025,CUST-1080,PROD-07,3,0.1,Credit Card,11.59
ORD-12175,06/27/2025,CUST-1658,PROD-04,1,0.0,,15.73
ORD-12176,2025-08-13,CUST-1037,PROD-19,1,0.0,Debit Card,4.97
ORD-12177,2024-09-04,CUST-1916,PROD-33,2,0.05,PayPal,12.35
ORD-12178,2025-11-01,CUST-1223,PROD-31,3,0.05,,4.79
ORD-12179,2024-02-13,CUST-1945,PROD-26,3,0.1,Debit Card,11.15
ORD-12180,05/13/2025,CUST-1269,PROD-03,5,0.0,PayPal,18.21
ORD-12181,2025-11-03,CUST-1540,PROD-45,2,0.1,Credit Card,10.96
ORD-12182,2024-04-19,CUST-1435,PROD-34,1,0.0,,13.13
ORD-12183,2025-01-29,CUST-1730,PROD-34,2,0.0,Store Credit,5.04
ORD-12184,02/12/2024,CUST-1341,PROD-35,2,0.05,Debit Card,14.29
ORD-12185,2024-03-09,CUST-1451,PROD-46,3,0.0,Debit Card,19.22
ORD-12186,2024-09-10,CUST-1780,PROD-33,2,0.1,Store Credit,14.54
ORD-12187,2024-04-06,CUST-1494,PROD-22,1,0.2,Debit Card,12.62
ORD-12188,01-10-2024,CUST-1497,PROD-39,1,0.0,Credit Card,6.42
ORD-12189,2025-06-11,CUST-1846,PROD-30,4,0.1,,12.95
ORD-12190,2025-10-24,CUST-1654,PROD-24,1,0.0,Debit Card,6.0
ORD-12191,2025-06-14,CUST-1110,PROD-16,-2,0.15,Store Credit,17.08
ORD-12192,2024-01-08,CUST-1484,PROD-09,1,0.2,Store Credit,16.24
ORD-12193,2024-08-17,CUST-1171,PROD-31,4,0.1,Credit Card,5.92
ORD-12194,2025-05-28,CUST-1710,PROD-47,5,0.1,PayPal,4.01
ORD-12195,2025-09-09,CUST-1085,PROD-10,2,0.2,Debit Card,6.24
ORD-12196,2024-10-29,CUST-1910,PROD-44,3,0.2,Store Credit,17.57
ORD-12197,2025-12-09,CUST-9999,PROD-07,4,0.0,,13.31
ORD-12198,2025-05-01,CUST-1625,PROD-28,4,0.1,Store Credit,10.5
ORD-12199,2024-02-11,CUST-1387,PROD-34,2,0.05,Debit Card,4.25
ORD-12200,09/21/2025,CUST-1959,PROD-19,4,0.2,Debit Card,7.13
ORD-12201,2025-04-14,CUST-1187,PROD-09,5,0.0,Debit Card,7.89
ORD-12202,09/30/2025,CUST-1371,PROD-45,2,0.1,Credit Card,16.19
ORD-12203,2024-12-08,CUST-1118,PROD-06,3,0.0,Credit Card,4.69
ORD-12204,02/10/2025,CUST-1430,PROD-01,1,0.0,Store Credit,9.57
ORD-12205,08/08/2025,CUST-1865,PROD-30,5,0.1,,18.69
ORD-12206,2024-07-27,CUST-1513,PROD-46,4,0.0,,6.98
ORD-12207,2024-10-17,CUST-1094,PROD-17,5,0.1,Store Credit,17.64
ORD-12208,11/26/2025,CUST-1024,PROD-14,4,0.2,PayPal,17.07
ORD-12209,2025-02-21,CUST-1531,PROD-10,5,0.05,Debit Card,17.72
ORD-12210,29-08-2025,CUST-9999,PROD-32,3,0.0,Credit Card,16.96
ORD-12211,06-12-2025,CUST-1145,PROD-02,1,0.0,Debit Card,14.65
ORD-12212,01/21/2025,CUST-1604,PROD-02,3,0.05,PayPal,17.17
ORD-12213,05/22/2025,CUST-1668,PROD-13,2,0.0,Debit Card,18.37
ORD-12214,02-11-2025,CUST-1730,PROD-49,2,0.0,Credit Card,18.5
ORD-12215,02/28/2024,CUST-1539,PROD-39,1,0.15,Store Credit,12.33
ORD-12216,01/04/2024,CUST-1844,PROD-35,2,0.15,PayPal,9.36
ORD-12217,2024-10-12,CUST-1966,PROD-39,5,0.2,Credit Card,13.94
ORD-12218,2024-08-23,CUST-1226,PROD-41,4,0.0,PayPal,16.32
ORD-12219,2025-02-07,CUST-1026,PROD-33,1,0.0,PayPal,14.78
ORD-12220,2025-03-15,CUST-1886,PROD-49,4,0.2,Debit Card,16.3
ORD-12221,01/04/2024,CUST-1226,PROD-05,1,0.0,Debit Card,14.88
ORD-12222,2024-08-05,CUST-1009,PROD-40,2,0.15,Store Credit,13.89
ORD-12223,24-10-2024,CUST-1599,PROD-08,2,0.2,Store Credit,13.69
ORD-12224,30-04-2025,CUST-1365,PROD-42,1,0.1,Store Credit,10.82
ORD-12225,12/07/2025,CUST-1491,PROD-26,2,0.2,,12.67
ORD-12226,2024-08-09,CUST-1558,PROD-34,3,0.0,Credit Card,15.65
ORD-12227,02/10/2025,CUST-1166,PROD-30,2,0.15,PayPal,6.94
ORD-12228,2025-03-18,CUST-1708,PROD-33,500,0.2,PayPal,11.15
ORD-12229,2025-02-10,CUST-1837,PROD-21,5,0.2,,14.81
ORD-12230,04-07-2025,CUST-1299,PROD-38,3,0.15,,5.69
ORD-12231,2024-11-27,CUST-1477,PROD-10,5,0.1,Store Credit,8.73
ORD-12232,07/16/2025,CUST-1379,PROD-48,3,0.0,Credit Card,18.69
ORD-12233,2024-10-24,CUST-1914,PROD-50,4,0.15,,7.01
ORD-12234,12-03-2024,CUST-1981,PROD-23,3,0.0,,12.52
ORD-12235,2024-03-23,CUST-1316,PROD-34,1,0.2,Debit Card,16.37
ORD-12236,01/05/2024,CUST-1277,PROD-39,2,0.15,Store Credit,12.97
ORD-12237,2025-05-18,CUST-1051,PROD-41,1,0.0,,7.13
ORD-12238,2024-05-06,CUST-1349,PROD-41,500,0.2,,10.25
ORD-12239,2025-10-02,CUST-1586,PROD-49,4,0.2,,9.5
ORD-12240,2024-07-04,CUST-1418,PROD-39,1,0.2,,4.24
ORD-12241,21-06-2024,CUST-1976,PROD-32,1,0.0,Debit Card,16.56
ORD-12242,2025-01-29,CUST-1266,PROD-45,4,0.05,PayPal,11.5
ORD-12243,2025-10-12,CUST-1829,PROD-21,1,0.2,Debit Card,8.87
ORD-12244,10-11-2025,CUST-1418,PROD-44,4,0.05,Credit Card,15.52
ORD-12245,09-07-2025,CUST-1371,PROD-42,3,0.0,Debit Card,9.27
ORD-12246,2024-03-08,CUST-1918,PROD-36,4,0.05,,7.17
ORD-12247,2024-10-01,CUST-1576,PROD-48,3,0.2,,19.11
ORD-12248,2025-10-07,CUST-1507,PROD-14,4,0.05,,9.0
ORD-12249,2024-06-06,CUST-1472,PROD-31,4,0.0,,18.41
ORD-12250,2024-10-24,CUST-1667,PROD-27,5,0.15,PayPal,14.5
ORD-12251,2025-10-26,CUST-1999,PROD-47,5,0.2,Debit Card,17.85
ORD-12252,2024-02-02,CUST-1810,PROD-20,1,0.05,Credit Card,13.52
ORD-12253,2025-06-28,CUST-1751,PROD-01,2,0.05,PayPal,18.67
ORD-12254,09/09/2025,CUST-1714,PROD-30,4,0.0,,9.03
ORD-12255,10/12/2025,CUST-1644,PROD-44,-2,0.15,Credit Card,5.0
ORD-12256,2024-05-21,CUST-9999,PROD-08,2,0.2,Credit Card,8.79
ORD-12257,2024-12-17,CUST-1576,PROD-07,3,0.0,Credit Card,6.22
ORD-12258,2025-04-20,CUST-1704,PROD-44,2,0.1,,17.73
ORD-12259,2024-12-04,CUST-1743,PROD-07,2,0.2,Debit Card,13.21
ORD-12260,08-10-2024,CUST-1367,PROD-12,3,0.0,,10.94
ORD-12261,2025-11-22,CUST-1684,PROD-23,1,0.15,Debit Card,11.92
ORD-12262,2025-06-25,CUST-1359,PROD-23,1,0.05,Store Credit,19.62
ORD-12263,09/10/2025,CUST-1599,PROD-15,1,0.1,Debit Card,9.49
ORD-12264,2025-01-01,CUST-1706,PROD-30,4,0.0,Store Credit,6.97
ORD-12265,2024-04-20,CUST-1453,PROD-17,2,0.0,Debit Card,17.28
ORD-12266,18-01-2025,CUST-1781,PROD-48,4,0.05,Credit Card,6.77
ORD-12267,2025-03-10,CUST-1122,PROD-33,4,0.1,PayPal,4.22
ORD-12268,28-09-2025,CUST-1240,PROD-06,4,0.0,Credit Card,16.63
ORD-12269,28-08-2024,CUST-1973,PROD-05,4,0.0,Debit Card,9.36
ORD-12270,2025-12-30,CUST-1605,PROD-35,2,0.2,Store Credit,11.04
ORD-12271,11/23/2025,CUST-1976,PROD-49,2,0.15,,12.48
ORD-12272,2024-02-09,CUST-1959,PROD-06,2,0.0,PayPal,9.9
ORD-12273,2024-09-05,CUST-1880,PROD-44,2,0.2,PayPal,5.7
ORD-12274,2024-09-18,CUST-1380,PROD-29,2,0.15,,5.01
ORD-12275,2024-12-05,CUST-1293,PROD-41,1,0.15,PayPal,14.34
ORD-12276,2024-09-11,CUST-1231,PROD-06,2,0.2,,11.73
ORD-12277,2024-05-01,CUST-1017,PROD-27,5,0.0,Store Credit,13.67
ORD-12278,03-02-2025,CUST-1829,PROD-05,2,0.0,,5.77
ORD-12279,2025-03-13,CUST-1762,PROD-04,4,0.0,,6.48
ORD-12280,2024-04-10,CUST-1581,PROD-05,4,0.0,Store Credit,10.95
ORD-12281,2025-05-10,CUST-1141,PROD-37,4,0.1,Credit Card,11.06
ORD-12282,2024-10-26,CUST-1634,PROD-47,2,0.0,Debit Card,8.38
ORD-12283,2024-02-22,CUST-9999,PROD-01,4,0.2,,7.89
ORD-12284,2025-05-21,CUST-1219,PROD-48,3,0.0,PayPal,13.5
ORD-12285,2025-05-30,CUST-1049,PROD-16,1,0.05,Credit Card,13.66
ORD-12286,2024-07-29,CUST-1471,PROD-44,1,0.15,PayPal,7.83
ORD-12287,2025-03-10,CUST-1078,PROD-16,2,0.1,PayPal,5.14
ORD-12288,2024-11-17,CUST-1385,PROD-04,3,0.0,PayPal,4.04
ORD-12289,2024-08-28,CUST-1371,PROD-16,5,0.2,PayPal,14.95
ORD-12290,19-03-2024,CUST-1536,PROD-08,4,0.0,Store Credit,17.45
ORD-12291,2024-08-31,CUST-1697,PROD-06,4,0.0,Store Credit,13.59
ORD-12292,04/22/2025,CUST-1314,PROD-42,4,0.0,Credit Card,4.67
ORD-12293,2024-12-28,CUST-1735,PROD-07,4,0.0,Store Credit,5.82
ORD-12294,2024-09-04,CUST-1814,PROD-02,5,0.15,Debit Card,5.66
ORD-12295,2024-08-09,CUST-1083,PROD-49,5,0.0,,8.23
ORD-12296,2025-10-20,CUST-1373,PROD-27,2,0.15,Store Credit,9.5
ORD-12297,02/02/2025,CUST-1465,PROD-28,2,0.1,Store Credit,15.74
ORD-12298,2024-04-29,CUST-1513,PROD-27,4,0.0,,9.66
ORD-12299,2024-04-19,CUST-1850,PROD-25,4,0.15,PayPal,19.03
ORD-12300,2025-01-16,CUST-1101,PROD-13,5,0.1,Debit Card,17.16
ORD-12301,2024-02-17,CUST-1704,PROD-42,3,0.2,Store Credit,19.37
ORD-12302,2024-11-05,CUST-1391,PROD-12,2,0.2,PayPal,4.0
ORD-12303,2025-11-27,CUST-1427,PROD-50,3,0.0,Credit Card,9.98
ORD-12304,2024-10-29,CUST-1407,PROD-35,2,0.1,Debit Card,11.66
ORD-12305,2024-09-13,CUST-1579,PROD-25,4,0.0,PayPal,10.03
ORD-12306,07/26/2025,CUST-1029,PROD-18,4,0.2,,18.72
ORD-12307,2024-08-21,CUST-1864,PROD-06,5,0.0,PayPal,16.46
ORD-12308,24-12-2025,CUST-1678,PROD-42,1,0.1,Debit Card,13.56
ORD-12309,2024-10-13,CUST-1052,PROD-25,2,0.15,Credit Card,5.3
ORD-12310,2025-04-07,CUST-1288,PROD-31,2,0.0,Credit Card,12.57
ORD-12311,2025-04-02,CUST-1969,PROD-26,4,0.05,Store Credit,12.4
ORD-12312,2025-06-17,CUST-1489,PROD-19,4,0.15,,4.9
ORD-12313,14-06-2024,CUST-1503,PROD-08,5,0.1,Debit Card,19.8
ORD-12314,2024-12-30,CUST-1635,PROD-35,1,0.1,Credit Card,11.87
ORD-12315,10/09/2025,CUST-1887,PROD-46,2,0.0,Store Credit,7.19
ORD-12316,2024-04-06,CUST-1979,PROD-24,4,0.0,Store Credit,5.64
ORD-12317,2025-09-03,CUST-1500,PROD-36,1,0.15,PayPal,12.4
ORD-12318,12/07/2025,CUST-1909,PROD-38,5,0.0,Credit Card,5.81
ORD-12319,2024-07-31,CUST-1079,PROD-28,3,0.0,PayPal,5.83
ORD-12320,08/15/2024,CUST-1432,PROD-08,2,0.0,Store Credit,13.81
ORD-12321,2025-06-23,CUST-1773,PROD-03,5,0.0,PayPal,11.61
ORD-12322,2024-06-16,CUST-1381,PROD-34,5,0.0,Debit Card,15.11
ORD-12323,2024-08-28,CUST-1562,PROD-49,2,0.1,Debit Card,19.98
ORD-12324,2024-08-11,CUST-1933,PROD-21,3,0.0,Store Credit,16.93
ORD-12325,03/12/2024,CUST-1189,PROD-21,1,0.2,Debit Card,17.3
ORD-12326,07-03-2025,CUST-1109,PROD-46,2,0.1,Credit Card,5.93
ORD-12327,2025-07-09,CUST-1268,PROD-23,2,0.2,,8.02
ORD-12328,2024-08-27,CUST-1795,PROD-04,1,0.1,,10.39
ORD-12329,11/08/2025,CUST-1637,PROD-03,4,0.2,Debit Card,9.79
ORD-12330,2025-08-16,CUST-1285,PROD-47,5,0.15,PayPal,15.23
ORD-12331,2025-04-16,CUST-1193,PROD-22,1,0.1,Store Credit,12.12
ORD-12332,03/09/2024,CUST-1637,PROD-31,4,0.1,Credit Card,11.64
ORD-12333,2024-05-19,CUST-1724,PROD-19,2,0.05,PayPal,14.4
ORD-12334,2025-10-23,CUST-1277,PROD-07,5,0.2,PayPal,16.96
ORD-12335,2024-03-03,CUST-1190,PROD-47,3,0.05,Credit Card,5.5
ORD-12336,2025-07-11,CUST-1298,PROD-18,5,0.05,PayPal,14.7
ORD-12337,2025-11-15,CUST-1251,PROD-49,5,0.05,Store Credit,10.57
ORD-12338,19-12-2025,CUST-1685,PROD-48,1,0.05,Store Credit,19.83
ORD-12339,2024-01-09,CUST-1106,PROD-20,2,0.15,,13.91
ORD-12340,07-03-2024,CUST-1328,PROD-20,2,0.05,Debit Card,19.83
ORD-12341,2025-12-01,CUST-1932,PROD-12,1,0.2,Credit Card,4.42
ORD-12342,2024-07-23,CUST-1274,PROD-12,5,0.0,Credit Card,14.14
ORD-12343,2024-06-27,CUST-1391,PROD-28,4,0.15,PayPal,16.4
ORD-12344,2025-08-06,CUST-1393,PROD-06,1,0.0,,16.51
ORD-12345,2024-07-15,CUST-1637,PROD-15,3,0.0,Debit Card,14.45
ORD-12346,2024-06-01,CUST-1690,PROD-12,2,0.05,Store Credit,7.05
ORD-12347,2024-11-03,CUST-1236,PROD-16,4,0.05,Credit Card,19.02
ORD-12348,2025-06-23,CUST-1261,PROD-47,4,0.05,Debit Card,6.8
ORD-12349,09/12/2024,CUST-1967,PROD-40,5,0.05,Debit Card,4.32
ORD-12350,2024-10-02,CUST-1023,PROD-37,2,0.15,,16.9
ORD-12351,2025-01-17,CUST-1944,PROD-31,1,0.0,,10.82
ORD-12352,09/11/2025,CUST-1335,PROD-14,1,0.1,Store Credit,9.24
ORD-12353,2024-09-21,CUST-1536,PROD-13,-2,0.15,,9.43
ORD-12354,2024-05-19,CUST-1218,PROD-18,5,0.2,Store Credit,14.66
ORD-12355,12-06-2025,CUST-1604,PROD-35,3,0.1,Credit Card,10.53
ORD-12356,2024-04-19,CUST-1658,PROD-02,4,0.15,Credit Card,5.35
ORD-12357,2024-09-24,CUST-1083,PROD-02,2,0.15,Debit Card,16.73
ORD-12358,2025-04-03,CUST-1850,PROD-23,3,0.0,Debit Card,5.22
ORD-12359,2025-06-01,CUST-1099,PROD-25,3,0.05,,18.18
ORD-12360,2025-11-30,CUST-1213,PROD-24,4,0.15,,9.23
ORD-12361,2024-10-11,CUST-1662,PROD-22,4,0.2,,16.65
ORD-12362,2024-08-22,CUST-1139,PROD-46,3,0.0,,10.94
ORD-12363,04/27/2025,CUST-1172,PROD-22,1,0.05,Credit Card,17.5
ORD-12364,2024-12-04,CUST-1880,PROD-16,4,0.1,PayPal,16.08
ORD-12365,2024-11-04,CUST-1645,PROD-27,2,0.15,Debit Card,13.16
ORD-12366,02/20/2025,CUST-1688,PROD-25,5,0.05,PayPal,4.29
ORD-12367,2024-03-27,CUST-1783,PROD-10,5,0.1,,9.33
ORD-12368,2025-09-17,CUST-1302,PROD-42,3,0.0,Store Credit,11.34
ORD-12369,2025-06-20,CUST-1913,PROD-14,4,0.0,Credit Card,19.12
ORD-12370,2025-03-08,CUST-1289,PROD-14,3,0.1,,16.48
ORD-12371,01/21/2025,CUST-1239,PROD-07,2,0.0,PayPal,9.92
ORD-12372,2025-11-26,CUST-1863,PROD-48,4,0.0,Credit Card,18.16
ORD-12373,2024-11-04,CUST-1473,PROD-28,4,0.0,Store Credit,7.91
ORD-12374,2025-02-05,CUST-1043,PROD-33,5,0.15,Store Credit,17.01
ORD-12375,09/28/2024,,PROD-24,3,0.2,PayPal,19.05
ORD-12376,05/29/2025,CUST-1363,PROD-13,4,0.05,Credit Card,19.39
ORD-12377,2024-09-02,CUST-1571,PROD-31,3,0.0,Credit Card,19.32
ORD-12378,2025-05-06,CUST-1316,PROD-39,2,0.05,Credit Card,5.21
ORD-12379,04/27/2025,CUST-1213,PROD-04,1,0.0,Credit Card,13.13
ORD-12380,10/11/2024,CUST-1382,PROD-26,5,0.0,PayPal,15.91
ORD-12381,2024-09-26,CUST-1982,PROD-22,4,0.05,PayPal,9.46
ORD-12382,03-07-2024,CUST-1134,PROD-27,1,0.2,Credit Card,17.78
ORD-12383,2024-02-07,CUST-1585,PROD-48,1,0.2,PayPal,17.03
ORD-12384,21-08-2025,CUST-1845,PROD-27,5,0.2,,12.02
ORD-12385,08/28/2025,CUST-1083,PROD-06,3,0.15,PayPal,15.97
ORD-12386,04/03/2025,CUST-1437,PROD-05,3,0.1,Store Credit,10.79
ORD-12387,2024-04-05,CUST-1419,PROD-33,1,0.05,Store Credit,15.72
ORD-12388,2025-02-25,CUST-1801,PROD-25,2,0.2,,4.24
ORD-12389,01/16/2025,CUST-1352,PROD-39,1,0.15,,5.07
ORD-12390,06/17/2024,CUST-1004,PROD-47,2,0.1,Store Credit,18.52
ORD-12391,2024-01-18,CUST-1697,PROD-16,4,0.0,PayPal,5.06
ORD-12392,2024-02-26,CUST-1091,PROD-35,1,0.05,Store Credit,8.91
ORD-12393,2024-09-06,CUST-1093,PROD-17,5,0.05,PayPal,8.17
ORD-12394,11/02/2024,CUST-1003,PROD-13,3,0.05,Credit Card,4.26
ORD-12395,2025-11-19,CUST-1802,PROD-33,2,0.05,Credit Card,12.59
ORD-12396,2025-11-29,CUST-1424,PROD-20,4,0.1,Debit Card,5.52
ORD-12397,02-04-2024,CUST-1079,PROD-33,1,0.0,Debit Card,12.22
ORD-12398,2024-07-19,CUST-1429,PROD-50,1,0.05,PayPal,19.2
ORD-12399,06/23/2025,CUST-1172,PROD-45,5,0.15,Debit Card,9.49
ORD-12400,09/29/2025,CUST-1592,PROD-34,1,0.0,,19.66
ORD-12401,2024-12-04,CUST-1909,PROD-08,3,0.15,PayPal,7.43
ORD-12402,29-07-2024,CUST-1226,PROD-20,5,0.0,,18.25
ORD-12403,02/12/2024,CUST-9999,PROD-35,3,0.1,PayPal,8.14
ORD-12404,2025-12-21,CUST-1320,PROD-11,5,0.05,,11.4
ORD-12405,04-09-2024,CUST-1861,PROD-38,1,0.0,Credit Card,12.23
ORD-12406,2024-06-07,CUST-1093,PROD-06,4,0.0,PayPal,7.98
ORD-12407,06-12-2024,CUST-1201,PROD-04,3,0.0,Credit Card,7.03
ORD-12408,2024-11-10,CUST-1546,PROD-06,1,0.0,,19.99
ORD-12409,2025-02-21,CUST-1680,PROD-50,4,0.1,Store Credit,7.79
ORD-12410,2024-11-08,CUST-1123,PROD-36,2,0.15,,5.56
ORD-12411,20-02-2025,CUST-1613,PROD-18,1,0.1,Debit Card,14.94
ORD-12412,24-09-2025,CUST-1024,PROD-27,4,0.2,Store Credit,15.03
ORD-12413,2024-04-05,CUST-1910,PROD-45,2,0.0,Debit Card,6.13
ORD-12414,2024-05-06,CUST-1845,PROD-33,2,0.2,Credit Card,14.12
ORD-12415,2025-05-26,CUST-1175,PROD-42,5,0.15,Store Credit,19.26
ORD-12416,2024-02-01,CUST-1509,PROD-37,1,0.2,Credit Card,4.17
ORD-12417,2025-08-05,CUST-1650,PROD-41,3,0.1,PayPal,16.15
ORD-12418,2025-07-18,CUST-1207,PROD-11,1,0.2,Store Credit,18.6
ORD-12419,2024-09-30,CUST-1753,PROD-09,2,0.15,Store Credit,19.02
ORD-12420,2024-05-28,CUST-1343,PROD-12,1,0.05,,18.14
ORD-12421,2025-10-19,CUST-1936,PROD-41,4,0.0,Store Credit,4.69
ORD-12422,2025-07-19,CUST-1852,PROD-12,4,0.05,Debit Card,18.17
ORD-12423,2024-09-26,CUST-1710,PROD-39,1,0.2,,4.36
ORD-12424,2024-03-26,,PROD-38,4,0.1,Debit Card,7.26
ORD-12425,06-04-2024,CUST-1862,PROD-23,2,0.0,,12.93
ORD-12426,2025-06-27,CUST-1746,PROD-25,5,0.15,PayPal,5.18
ORD-12427,2025-02-02,CUST-1663,PROD-09,2,0.15,Credit Card,18.15
ORD-12428,04/10/2024,CUST-1570,PROD-25,-2,0.05,Store Credit,17.28
ORD-12429,2024-10-10,CUST-1904,PROD-06,5,0.0,PayPal,12.13
ORD-12430,2024-07-31,CUST-1748,PROD-17,5,0.15,Debit Card,15.67
ORD-12431,2025-07-27,CUST-1297,PROD-20,1,0.05,Store Credit,16.93
ORD-12432,18-02-2024,CUST-1452,PROD-09,5,0.05,Credit Card,19.31
ORD-12433,2025-02-22,CUST-1840,PROD-37,2,0.0,Store Credit,11.88
ORD-12434,2025-07-23,CUST-1530,PROD-26,5,0.2,Store Credit,17.35
ORD-12435,2024-12-05,CUST-1608,PROD-11,5,0.2,PayPal,17.95
ORD-12436,2024-06-11,CUST-1550,PROD-01,1,0.15,PayPal,6.46
ORD-12437,2025-01-17,CUST-1523,PROD-33,5,0.2,Debit Card,14.89
ORD-12438,2025-03-08,CUST-1508,PROD-33,4,0.05,Debit Card,16.82
ORD-12439,2024-08-12,CUST-1288,PROD-37,5,0.1,Debit Card,6.33
ORD-12440,2024-08-24,CUST-1961,PROD-31,3,0.2,Debit Card,13.59
ORD-12441,11-06-2024,CUST-1501,PROD-18,4,0.05,Credit Card,19.46
ORD-12442,03/06/2024,CUST-1540,PROD-25,2,0.1,Store Credit,9.16
ORD-12443,05/03/2024,CUST-1809,PROD-40,4,0.05,Debit Card,7.57
ORD-12444,2025-09-19,CUST-1074,PROD-50,4,0.05,Credit Card,13.77
ORD-12445,2025-03-27,CUST-1958,PROD-47,-2,0.0,,19.28
ORD-12446,12/25/2024,CUST-1063,PROD-08,2,0.0,Credit Card,16.13
ORD-12447,2024-12-01,CUST-1159,PROD-12,2,0.0,,8.48
ORD-12448,07/08/2025,CUST-1791,PROD-43,4,0.1,Store Credit,12.84
ORD-12449,2025-08-04,CUST-1447,PROD-42,1,0.2,,19.52
ORD-12450,2024-10-08,CUST-1932,PROD-20,1,0.05,PayPal,11.01
ORD-12451,2024-09-04,CUST-1409,PROD-26,4,0.0,Debit Card,9.21
ORD-12452,2024-10-06,CUST-1251,PROD-38,4,0.0,,18.24
ORD-12453,05/11/2025,CUST-1845,PROD-26,2,0.1,PayPal,4.76
ORD-12454,12/06/2024,CUST-1714,PROD-20,1,0.0,,15.04
ORD-12455,2025-12-28,CUST-9999,PROD-27,2,0.15,Debit Card,15.8
ORD-12456,23-06-2024,CUST-1973,PROD-23,2,0.15,PayPal,17.76
ORD-12457,2025-11-20,CUST-1328,PROD-36,2,0.1,PayPal,10.66
ORD-12458,10-08-2024,CUST-1490,PROD-42,3,0.2,Store Credit,4.03
ORD-12459,2025-07-28,CUST-1852,PROD-31,1,0.2,,15.14
ORD-12460,2024-04-12,CUST-1495,PROD-24,2,0.15,Debit Card,8.77
ORD-12461,2024-11-10,CUST-1211,PROD-44,3,0.15,,6.84
ORD-12462,11/20/2025,CUST-1660,PROD-22,4,0.05,Store Credit,11.11
ORD-12463,2024-12-24,CUST-1920,PROD-03,3,0.05,Debit Card,15.59
ORD-12464,2024-09-26,CUST-1654,PROD-20,4,0.15,Store Credit,14.51
ORD-12465,2024-04-14,CUST-1578,PROD-12,1,0.15,Debit Card,16.27
ORD-12466,2024-02-25,CUST-1711,PROD-16,1,0.05,PayPal,9.75
ORD-12467,2025-04-19,CUST-9999,PROD-43,1,0.05,Debit Card,11.39
ORD-12468,08/22/2024,CUST-1270,PROD-16,3,0.2,,11.73
ORD-12469,2024-06-26,CUST-1986,PROD-33,3,0.0,PayPal,9.47
ORD-12470,25-10-2025,CUST-1317,PROD-07,3,0.2,Debit Card,11.47
ORD-12471,2025-09-26,CUST-1882,PROD-10,3,0.05,,4.27
ORD-12472,11/21/2025,CUST-1857,PROD-23,5,0.05,Store Credit,9.78
ORD-12473,2025-05-28,CUST-1046,PROD-10,5,0.05,Credit Card,16.42
ORD-12474,2025-02-24,CUST-1754,PROD-42,3,0.1,Credit Card,8.8
ORD-12475,2025-04-21,CUST-1608,PROD-29,1,0.05,Store Credit,14.7
ORD-12476,05/15/2025,CUST-1711,PROD-16,1,0.15,Debit Card,15.41
ORD-12477,2025-08-08,CUST-1730,PROD-14,3,0.05,Store Credit,4.58
ORD-12478,2025-04-17,CUST-1398,PROD-07,4,0.05,,14.83
ORD-12479,11/05/2025,CUST-1449,PROD-48,4,0.1,,16.64
ORD-12480,2024-10-03,CUST-1443,PROD-45,5,0.05,Debit Card,14.87
ORD-12481,11-02-2025,CUST-1768,PROD-24,2,0.2,,16.32
ORD-12482,2025-08-22,CUST-1256,PROD-23,4,0.1,PayPal,9.88
ORD-12483,11/20/2025,CUST-1609,PROD-27,1,0.1,PayPal,6.12
ORD-12484,2025-07-05,CUST-1991,PROD-14,3,0.0,PayPal,13.78
ORD-12485,2024-03-17,CUST-1480,PROD-20,3,0.15,PayPal,10.91
ORD-12486,19-11-2025,CUST-1730,PROD-50,4,0.1,Credit Card,19.2
ORD-12487,2024-10-01,CUST-1721,PROD-50,1,0.2,Credit Card,18.62
ORD-12488,11/20/2025,CUST-1793,PROD-41,3,0.15,PayPal,10.23
ORD-12489,2024-01-26,,PROD-22,4,0.0,Store Credit,16.95
ORD-12490,09/27/2024,CUST-1145,PROD-33,5,0.1,Store Credit,19.01
ORD-12491,2024-04-16,CUST-1132,PROD-13,2,0.0,Debit Card,14.02
ORD-12492,2024-06-19,CUST-1387,PROD-06,5,0.1,,13.07
ORD-12493,05/30/2024,CUST-1886,PROD-20,3,0.1,Debit Card,14.06
ORD-12494,2024-10-06,CUST-1220,PROD-12,3,0.05,Debit Card,18.78
ORD-12495,2024-04-22,CUST-1705,PROD-35,3,0.0,PayPal,10.1
ORD-12496,2025-04-05,,PROD-44,1,0.0,,17.2
ORD-12497,2025-10-20,CUST-1222,PROD-29,4,0.15,Debit Card,16.48
ORD-12498,07/03/2025,CUST-1509,PROD-06,2,0.0,Credit Card,19.13
ORD-12499,2024-09-24,CUST-1249,PROD-21,1,0.0,Credit Card,6.94
ORD-12500,2024-06-22,CUST-1012,PROD-13,-2,0.1,Store Credit,18.71
ORD-12501,24-04-2025,CUST-1587,PROD-01,4,0.1,Credit Card,19.53
ORD-12502,08/30/2024,CUST-1759,PROD-39,4,0.1,Store Credit,15.01
ORD-12503,2024-03-08,CUST-1097,PROD-32,3,0.15,,17.52
ORD-12504,2025-02-08,CUST-1106,PROD-33,5,0.0,Credit Card,7.61
ORD-12505,2025-11-18,CUST-1671,PROD-22,3,0.15,Store Credit,11.47
ORD-12506,2024-04-21,CUST-1038,PROD-21,2,0.15,Credit Card,10.18
ORD-12507,09/13/2024,CUST-1989,PROD-37,4,0.2,Credit Card,7.66
ORD-12508,2024-05-13,CUST-1118,PROD-46,4,0.2,Credit Card,5.96
ORD-12509,03/11/2024,CUST-1588,PROD-07,5,0.0,,10.25
ORD-12510,2024-01-12,CUST-1984,PROD-22,1,0.15,PayPal,14.19
ORD-12511,02/11/2025,CUST-1350,PROD-11,1,0.0,PayPal,5.8
ORD-12512,08/08/2025,CUST-1564,PROD-46,3,0.05,,4.16
ORD-12513,2025-09-09,CUST-1377,PROD-35,5,0.05,PayPal,14.91
ORD-12514,2025-09-28,CUST-1371,PROD-29,3,0.0,Store Credit,8.97
ORD-12515,2024-09-16,CUST-1707,PROD-46,1,0.0,Credit Card,8.86
ORD-12516,2024-03-31,CUST-1194,PROD-06,3,0.15,,15.29
ORD-12517,2025-08-02,CUST-1348,PROD-49,4,0.0,Store Credit,18.85
ORD-12518,03/24/2024,CUST-1197,PROD-03,5,0.1,Credit Card,18.28
ORD-12519,2024-11-06,CUST-1956,PROD-45,3,0.0,Store Credit,8.04
ORD-12520,08/25/2024,CUST-1605,PROD-21,4,0.1,,8.13
ORD-12521,2025-07-24,CUST-1469,PROD-30,4,0.0,Credit Card,10.19
ORD-12522,2024-08-17,CUST-1672,PROD-46,4,0.2,PayPal,17.47
ORD-12523,10/16/2025,CUST-1046,PROD-15,3,0.15,Store Credit,15.96
ORD-12524,2025-04-07,CUST-1512,PROD-17,3,0.0,Credit Card,8.83
ORD-12525,14-10-2024,CUST-1601,PROD-20,4,0.2,PayPal,17.49
ORD-12526,2025-07-08,CUST-1021,PROD-22,2,0.1,Credit Card,11.27
ORD-12527,20-08-2025,CUST-1594,PROD-46,4,0.1,Credit Card,5.67
ORD-12528,2024-02-22,CUST-9999,PROD-31,4,0.05,Debit Card,14.77
ORD-12529,2024-12-25,CUST-1525,PROD-37,2,0.0,Store Credit,14.92
ORD-12530,2024-08-03,CUST-1966,PROD-44,2,0.15,Credit Card,13.73
ORD-12531,21-09-2024,CUST-1879,PROD-23,1,0.1,Store Credit,15.57
ORD-12532,2025-09-03,CUST-1666,PROD-46,1,0.0,,6.11
ORD-12533,02/23/2025,CUST-1640,PROD-50,4,0.1,Store Credit,13.53
ORD-12534,2025-04-24,CUST-1584,PROD-37,4,0.0,Store Credit,7.56
ORD-12535,2025-04-24,CUST-1828,PROD-49,1,0.2,Credit Card,4.87
ORD-12536,03/24/2025,CUST-9999,PROD-08,5,0.1,PayPal,6.99
ORD-12537,2024-02-03,,PROD-42,3,0.0,PayPal,7.7
ORD-12538,01-12-2025,CUST-1807,PROD-10,5,0.0,Debit Card,8.47
ORD-12539,01/24/2024,CUST-1911,PROD-02,4,0.15,Debit Card,15.31
ORD-12540,27-11-2025,CUST-1353,PROD-42,3,0.1,,18.07
ORD-12541,11/26/2024,CUST-1093,PROD-09,2,0.1,Credit Card,4.52
ORD-12542,01/26/2025,CUST-1544,PROD-36,5,0.1,Debit Card,7.92
ORD-12543,29-04-2024,CUST-1784,PROD-34,3,0.0,Debit Card,9.59
ORD-12544,14-11-2024,CUST-1007,PROD-21,4,0.1,Debit Card,19.52
ORD-12545,2025-01-08,CUST-1571,PROD-28,4,0.15,Store Credit,4.43
ORD-12546,2024-07-03,CUST-1974,PROD-09,2,0.0,Store Credit,4.54
ORD-12547,2024-04-05,CUST-1334,PROD-36,4,0.0,,16.4
ORD-12548,2025-11-08,CUST-1580,PROD-34,2,0.15,Store Credit,7.24
ORD-12549,2025-12-17,CUST-1825,PROD-20,4,0.0,,17.07
ORD-12550,30-04-2025,CUST-1318,PROD-20,1,0.0,PayPal,16.15
ORD-12551,2025-07-08,CUST-1005,PROD-02,1,0.0,,11.79
ORD-12552,2024-12-12,CUST-1022,PROD-10,1,0.0,Store Credit,9.76
ORD-12553,10-01-2025,CUST-1283,PROD-34,2,0.2,Credit Card,4.88
ORD-12554,2024-10-02,CUST-1478,PROD-21,1,0.0,Debit Card,6.73
ORD-12555,2025-11-28,CUST-1283,PROD-11,2,0.2,Store Credit,4.88
ORD-12556,01-07-2025,CUST-1753,PROD-35,2,0.0,Credit Card,13.16
ORD-12557,2025-01-16,CUST-1924,PROD-16,2,0.1,,15.31
ORD-12558,2024-01-11,CUST-1886,PROD-17,5,0.0,PayPal,6.14
ORD-12559,2025-05-12,CUST-1545,PROD-22,1,0.15,Store Credit,4.1
ORD-12560,2025-01-08,CUST-1443,PROD-32,4,0.2,PayPal,4.43
ORD-12561,2024-05-12,CUST-1048,PROD-08,2,0.15,Debit Card,6.01
ORD-12562,08/20/2024,,PROD-29,3,0.15,PayPal,16.05
ORD-12563,2025-08-22,CUST-1932,PROD-07,3,0.05,Credit Card,5.23
ORD-12564,08/04/2024,CUST-1086,PROD-19,1,0.1,Debit Card,17.28
ORD-12565,2025-04-15,CUST-1811,PROD-20,3,0.15,Store Credit,17.22
ORD-12566,2025-08-19,CUST-1355,PROD-39,5,0.0,Credit Card,6.84
ORD-12567,2025-10-30,,PROD-31,2,0.2,Store Credit,15.32
ORD-12568,2025-04-17,CUST-1265,PROD-20,3,0.0,Debit Card,17.75
ORD-12569,29-09-2025,CUST-1169,PROD-39,4,0.05,Store Credit,5.76
ORD-12570,02/19/2025,CUST-1229,PROD-34,1,0.0,,18.64
ORD-12571,02/18/2024,CUST-1951,PROD-35,3,0.0,Debit Card,11.52
ORD-12572,04-03-2025,CUST-1739,PROD-04,1,0.15,Credit Card,10.69
ORD-12573,2024-12-28,CUST-1131,PROD-19,4,0.1,PayPal,6.0
ORD-12574,2024-09-24,CUST-1227,PROD-27,2,0.0,,16.16
ORD-12575,01-10-2024,CUST-1061,PROD-07,2,0.1,PayPal,5.73
ORD-12576,2025-12-28,CUST-1840,PROD-12,1,0.05,Store Credit,19.35
ORD-12577,2024-12-02,,PROD-01,1,0.15,Debit Card,6.0
ORD-12578,09/17/2025,CUST-1338,PROD-40,3,0.1,Debit Card,6.61
ORD-12579,2025-08-12,CUST-1813,PROD-49,3,0.15,Store Credit,14.94
ORD-12580,2025-12-11,CUST-1957,PROD-06,2,0.15,Credit Card,16.62
ORD-12581,2024-06-19,CUST-1760,PROD-20,2,0.1,Debit Card,4.16
ORD-12582,2024-07-26,CUST-1589,PROD-03,1,0.1,Debit Card,17.47
ORD-12583,2025-02-20,CUST-1320,PROD-20,5,0.1,PayPal,17.46
ORD-12584,2025-12-23,CUST-1961,PROD-04,3,0.0,PayPal,5.99
ORD-12585,2025-09-26,CUST-1723,PROD-48,4,0.1,Debit Card,16.97
ORD-12586,01-10-2024,CUST-1202,PROD-20,5,0.1,,4.3
ORD-12587,11/23/2024,CUST-1688,PROD-38,3,0.0,,11.49
ORD-12588,2025-12-11,CUST-1255,PROD-33,2,0.0,Credit Card,18.94
ORD-12589,2024-08-26,CUST-1920,PROD-44,2,0.0,Store Credit,8.95
ORD-12590,2024-07-02,CUST-1956,PROD-17,5,0.15,Debit Card,7.04
ORD-12591,2025-04-14,CUST-1356,PROD-03,1,0.1,Credit Card,6.0
ORD-12592,2024-05-15,CUST-1500,PROD-46,3,0.05,,17.74
ORD-12593,02/25/2024,CUST-1274,PROD-41,1,0.05,PayPal,6.43
ORD-12594,10/25/2025,CUST-1970,PROD-22,1,0.0,,13.92
ORD-12595,01/15/2025,CUST-1135,PROD-21,1,0.1,,5.2
ORD-12596,04/03/2024,CUST-1751,PROD-23,3,0.2,PayPal,15.66
ORD-12597,2024-11-13,CUST-1781,PROD-05,4,0.0,Debit Card,15.06
ORD-12598,2024-11-17,CUST-1916,PROD-26,2,0.0,,14.1
ORD-12599,14-05-2024,CUST-1018,PROD-28,4,0.0,Credit Card,14.73
ORD-12600,2025-07-03,CUST-1734,PROD-28,2,0.0,Credit Card,11.32
ORD-12601,2024-03-15,CUST-1057,PROD-21,4,0.15,Debit Card,14.67
ORD-12602,2025-03-06,CUST-1080,PROD-20,2,0.2,Store Credit,4.37
ORD-12603,2025-06-01,CUST-1039,PROD-07,3,0.1,Credit Card,17.58
ORD-12604,2024-08-09,CUST-1526,PROD-34,1,0.15,,7.3
ORD-12605,10/14/2024,CUST-1673,PROD-08,2,0.15,,5.81
ORD-12606,2025-06-04,CUST-1361,PROD-06,3,0.1,,4.72
ORD-12607,2024-12-24,CUST-1391,PROD-22,5,0.15,PayPal,10.07
ORD-12608,2024-06-29,CUST-1973,PROD-10,2,0.0,,5.79
ORD-12609,15-11-2025,CUST-1159,PROD-41,2,0.05,Store Credit,8.51
ORD-12610,2025-04-22,CUST-1730,PROD-50,5,0.0,Credit Card,16.29
ORD-12611,2025-09-10,CUST-1779,PROD-39,5,0.05,Credit Card,14.25
ORD-12612,20-12-2024,CUST-1210,PROD-27,1,0.05,Store Credit,11.68
ORD-12613,2025-07-31,CUST-1540,PROD-33,4,0.05,Credit Card,17.88
ORD-12614,12/11/2024,CUST-1087,PROD-28,4,0.0,Debit Card,14.69
ORD-12615,01/09/2025,CUST-1311,PROD-16,1,0.15,Credit Card,18.65
ORD-12616,2025-11-02,CUST-1151,PROD-02,2,0.05,,17.35
ORD-12617,2024-12-20,CUST-1220,PROD-16,4,0.1,PayPal,4.28
ORD-12618,2024-07-23,CUST-1571,PROD-31,2,0.1,Credit Card,9.93
ORD-12619,2025-07-14,CUST-1873,PROD-07,1,0.0,Debit Card,19.27
ORD-12620,2024-10-24,CUST-1060,PROD-22,1,0.15,Credit Card,14.64
ORD-12621,23-08-2025,CUST-1582,PROD-32,4,0.0,,12.15
ORD-12622,2024-05-18,CUST-1220,PROD-01,3,0.0,,7.51
ORD-12623,2025-11-18,CUST-1082,PROD-19,2,0.15,Debit Card,13.89
ORD-12624,19-08-2024,CUST-1998,PROD-46,4,0.15,,19.38
ORD-12625,2025-02-26,CUST-1773,PROD-25,5,0.1,PayPal,9.74
ORD-12626,2025-06-18,CUST-1149,PROD-22,3,0.2,Store Credit,4.88
ORD-12627,2024-06-18,CUST-1230,PROD-19,4,0.2,Store Credit,11.22
ORD-12628,2024-04-14,CUST-1378,PROD-34,1,0.05,Credit Card,18.76
ORD-12629,2025-10-06,CUST-1904,PROD-01,4,0.1,Store Credit,4.69
ORD-12630,07/09/2025,CUST-1223,PROD-38,5,0.15,Debit Card,16.33
ORD-12631,2025-05-12,CUST-1571,PROD-25,4,0.0,Debit Card,6.24
ORD-12632,2025-02-04,CUST-1830,PROD-19,2,0.0,PayPal,6.55
ORD-12633,2024-09-22,CUST-1550,PROD-35,2,0.2,Credit Card,7.9
ORD-12634,2025-04-17,CUST-1376,PROD-03,1,0.0,,4.5
ORD-12635,2024-06-05,CUST-1602,PROD-08,1,0.15,PayPal,14.7
ORD-12636,2025-02-22,CUST-1271,PROD-30,1,0.15,,17.32
ORD-12637,05/07/2024,CUST-1824,PROD-40,3,0.1,,6.28
ORD-12638,11/07/2024,CUST-1566,PROD-43,3,0.0,Credit Card,7.52
ORD-12639,2024-03-21,CUST-1072,PROD-34,5,0.2,Credit Card,8.98
ORD-12640,16-12-2024,CUST-1238,PROD-11,1,0.1,,14.69
ORD-12641,2024-11-13,CUST-1370,PROD-27,-2,0.2,Debit Card,16.67
ORD-12642,2025-01-30,CUST-1838,PROD-33,2,0.0,Credit Card,7.16
ORD-12643,09/25/2024,CUST-1933,PROD-25,4,0.0,PayPal,11.31
ORD-12644,08-11-2025,CUST-1810,PROD-04,3,0.0,PayPal,7.43
ORD-12645,2025-04-05,CUST-1595,PROD-40,5,0.1,Credit Card,13.66
ORD-12646,2024-08-23,CUST-1235,PROD-26,5,0.05,Credit Card,6.96
ORD-12647,2025-10-07,CUST-1005,PROD-25,2,0.1,Store Credit,9.6
ORD-12648,03/07/2024,CUST-1357,PROD-32,4,0.0,Credit Card,14.96
ORD-12649,2024-02-07,CUST-9999,PROD-39,3,0.05,Store Credit,16.58
ORD-12650,2024-06-18,CUST-1398,PROD-19,3,0.1,Debit Card,19.2
ORD-12651,2025-02-13,CUST-1575,PROD-25,5,0.15,,8.34
ORD-12652,2024-09-15,CUST-1920,PROD-42,1,0.0,Credit Card,18.73
ORD-12653,04/11/2025,CUST-1074,PROD-29,2,0.2,Store Credit,9.0
ORD-12654,2024-11-13,CUST-1836,PROD-03,1,0.0,Credit Card,11.07
ORD-12655,08/10/2025,CUST-1054,PROD-03,1,0.0,Credit Card,8.28
ORD-12656,2024-10-27,,PROD-23,5,0.1,Store Credit,8.46
ORD-12657,2024-08-25,CUST-1311,PROD-43,4,0.2,Debit Card,9.97
ORD-12658,2024-06-14,CUST-9999,PROD-31,1,0.0,PayPal,9.75
ORD-12659,01/02/2024,CUST-1319,PROD-40,5,0.15,PayPal,10.15
ORD-12660,17-02-2025,CUST-1396,PROD-46,5,0.1,Store Credit,7.76
ORD-12661,2025-04-10,CUST-1311,PROD-49,2,0.05,,11.91
ORD-12662,04-06-2024,CUST-1765,PROD-36,5,0.1,Debit Card,19.51
ORD-12663,09/06/2024,CUST-1491,PROD-43,5,0.1,Credit Card,8.16
ORD-12664,21-03-2024,CUST-1281,PROD-37,1,0.1,,10.24
ORD-12665,2024-02-04,CUST-1573,PROD-42,2,0.05,Store Credit,13.71
ORD-12666,01-05-2024,CUST-1140,PROD-22,5,0.15,,7.0
ORD-12667,01/14/2025,CUST-1411,PROD-14,5,0.2,,11.16
ORD-12668,14-04-2024,CUST-1644,PROD-42,4,0.0,PayPal,13.58
ORD-12669,2024-08-31,CUST-1713,PROD-07,4,0.1,,19.43
ORD-12670,2025-01-05,CUST-1873,PROD-42,1,0.15,PayPal,10.22
ORD-12671,2024-02-24,CUST-1803,PROD-08,1,0.0,Debit Card,10.78
ORD-12672,2025-03-01,CUST-1198,PROD-36,3,0.2,,14.02
ORD-12673,2024-03-24,CUST-1237,PROD-01,5,0.15,PayPal,14.47
ORD-12674,2024-07-16,CUST-1995,PROD-25,5,0.0,,17.63
ORD-12675,2025-05-04,CUST-1224,PROD-05,3,0.15,Credit Card,11.89
ORD-12676,22-04-2025,CUST-1423,PROD-24,4,0.0,,6.21
ORD-12677,03/14/2024,CUST-1140,PROD-09,2,0.0,,15.63
ORD-12678,02/11/2025,CUST-1394,PROD-05,2,0.0,PayPal,7.02
ORD-12679,09/25/2024,CUST-1447,PROD-39,5,0.0,Debit Card,18.6
ORD-12680,2025-09-16,CUST-1474,PROD-28,2,0.0,PayPal,16.49
ORD-12681,2025-11-13,CUST-1234,PROD-43,3,0.0,,6.38
ORD-12682,10/12/2025,CUST-1934,PROD-07,5,0.0,Store Credit,13.32
ORD-12683,09/11/2025,CUST-1866,PROD-11,3,0.0,,10.62
ORD-12684,2024-09-20,CUST-1286,PROD-49,4,0.2,,10.95
ORD-12685,04/25/2024,CUST-1077,PROD-20,2,0.0,Credit Card,10.81
ORD-12686,2024-01-25,CUST-1329,PROD-36,1,0.05,Debit Card,15.23
ORD-12687,2025-08-31,CUST-1058,PROD-50,4,0.2,PayPal,16.47
ORD-12688,2025-06-27,CUST-1176,PROD-23,2,0.0,Debit Card,19.26
ORD-12689,2024-08-29,CUST-1183,PROD-47,4,0.2,Credit Card,7.45
ORD-12690,2024-07-13,CUST-1549,PROD-01,3,0.05,,13.42
ORD-12691,2025-05-16,CUST-1467,PROD-37,3,0.1,,9.04
ORD-12692,2024-12-20,,PROD-10,4,0.05,Credit Card,5.17
ORD-12693,2025-05-05,CUST-9999,PROD-30,500,0.2,,10.8
ORD-12694,2024-12-29,CUST-1884,PROD-28,2,0.05,,8.66
ORD-12695,2024-06-13,CUST-1015,PROD-35,4,0.0,Credit Card,15.88
ORD-12696,2025-06-04,CUST-1171,PROD-41,5,0.0,,11.45
ORD-12697,06/24/2024,CUST-1484,PROD-44,5,0.0,Credit Card,6.74
ORD-12698,2025-03-27,CUST-1362,PROD-49,5,0.05,PayPal,6.93
ORD-12699,2025-04-28,CUST-1460,PROD-02,2,0.15,Store Credit,8.04
ORD-12700,2025-11-20,CUST-1165,PROD-32,4,0.0,Store Credit,9.21
ORD-12701,2024-06-09,CUST-1362,PROD-22,1,0.0,Debit Card,18.15
ORD-12702,2024-02-03,CUST-1706,PROD-35,2,0.0,Store Credit,18.02
ORD-12703,2024-07-31,CUST-1429,PROD-01,2,0.0,PayPal,9.15
ORD-12704,06/06/2024,CUST-1003,PROD-46,3,0.2,PayPal,18.02
ORD-12705,2025-10-17,CUST-9999,PROD-22,5,0.0,Store Credit,16.27
ORD-12706,05/24/2024,CUST-1886,PROD-39,4,0.2,Store Credit,7.53
ORD-12707,03/08/2025,CUST-1627,PROD-25,4,0.2,Debit Card,4.14
ORD-12708,07/30/2024,CUST-1286,PROD-17,1,0.1,Credit Card,10.96
ORD-12709,2024-09-27,CUST-1703,PROD-35,3,0.15,Credit Card,5.59
ORD-12710,2025-11-02,CUST-1147,PROD-38,2,0.15,Credit Card,13.37
ORD-12711,2024-10-29,CUST-1326,PROD-02,4,0.15,,19.64
ORD-12712,2025-03-01,CUST-1200,PROD-08,2,0.2,Debit Card,9.95
ORD-12713,2025-12-15,CUST-1677,PROD-36,3,0.15,,7.08
ORD-12714,2025-04-11,CUST-1241,PROD-23,1,0.2,Debit Card,11.94
ORD-12715,2025-02-18,CUST-1892,PROD-44,3,0.0,Credit Card,5.38
ORD-12716,12/03/2024,CUST-1328,PROD-33,2,0.1,Store Credit,15.26
ORD-12717,2025-07-19,CUST-1227,PROD-06,3,0.15,,4.29
ORD-12718,2024-08-31,CUST-1368,PROD-35,5,0.0,,11.52
ORD-12719,2025-07-10,CUST-1870,PROD-20,2,0.0,,19.86
ORD-12720,2024-08-13,CUST-1983,PROD-45,3,0.15,PayPal,4.71
ORD-12721,2024-12-27,CUST-1456,PROD-32,1,0.0,PayPal,16.55
ORD-12722,08/29/2025,CUST-1726,PROD-20,4,0.1,PayPal,11.06
ORD-12723,2024-09-13,CUST-1107,PROD-06,1,0.15,,19.65
ORD-12724,31-12-2024,CUST-1934,PROD-03,1,0.05,PayPal,6.89
ORD-12725,2024-07-29,CUST-1610,PROD-50,1,0.15,PayPal,8.35
ORD-12726,2025-03-19,CUST-1688,PROD-33,5,0.15,,15.53
ORD-12727,2024-01-08,CUST-1288,PROD-25,1,0.2,PayPal,15.68
ORD-12728,2025-08-08,CUST-1592,PROD-39,1,0.2,Debit Card,15.12
ORD-12729,19-02-2024,CUST-1226,PROD-14,4,0.2,,18.1
ORD-12730,2025-11-23,CUST-1526,PROD-24,5,0.15,,10.34
ORD-12731,2025-10-29,CUST-1265,PROD-50,5,0.1,Store Credit,15.14
ORD-12732,02/22/2024,CUST-1009,PROD-42,-2,0.0,Store Credit,13.39
ORD-12733,2025-09-22,CUST-1802,PROD-47,3,0.05,Debit Card,11.39
ORD-12734,2025-10-19,CUST-1318,PROD-18,1,0.1,Store Credit,13.29
ORD-12735,06/23/2024,CUST-1656,PROD-50,3,0.2,PayPal,8.75
ORD-12736,04/07/2025,CUST-9999,PROD-07,1,0.2,Debit Card,7.98
ORD-12737,2025-08-16,CUST-1944,PROD-40,5,0.2,Credit Card,11.38
ORD-12738,09/12/2025,CUST-1440,PROD-24,3,0.1,,16.09
ORD-12739,2025-11-19,CUST-1817,PROD-36,4,0.15,Debit Card,19.93
ORD-12740,11-08-2024,CUST-1501,PROD-45,4,0.2,Credit Card,16.89
ORD-12741,2025-04-22,CUST-1902,PROD-44,2,0.05,Credit Card,14.26
ORD-12742,2024-01-03,CUST-1398,PROD-38,2,0.0,,9.13
ORD-12743,2024-01-14,CUST-1596,PROD-38,2,0.15,Debit Card,14.9
ORD-12744,02/14/2024,CUST-1784,PROD-09,4,0.05,PayPal,6.53
ORD-12745,2024-08-31,CUST-1339,PROD-08,4,0.0,Debit Card,13.5
ORD-12746,2024-02-24,,PROD-16,4,0.0,Debit Card,10.77
ORD-12747,2025-09-19,CUST-1249,PROD-46,3,0.05,Store Credit,19.78
ORD-12748,12-02-2024,CUST-1042,PROD-27,3,0.0,PayPal,10.68
ORD-12749,2024-11-12,CUST-1370,PROD-37,4,0.1,Credit Card,16.25
ORD-12750,2024-04-20,CUST-1679,PROD-39,2,0.1,Credit Card,17.47
ORD-12751,2024-11-28,CUST-1106,PROD-10,2,0.15,PayPal,14.49
ORD-12752,2025-10-09,CUST-1291,PROD-27,3,0.0,Credit Card,18.98
ORD-12753,2025-01-14,CUST-1349,PROD-38,2,0.1,PayPal,15.28
ORD-12754,2025-03-14,CUST-1787,PROD-35,3,0.0,PayPal,14.33
ORD-12755,2025-05-14,CUST-9999,PROD-37,1,0.05,Store Credit,4.56
ORD-12756,2025-06-16,CUST-1251,PROD-26,2,0.1,,4.27
ORD-12757,2025-12-03,CUST-1455,PROD-24,1,0.1,Credit Card,11.32
ORD-12758,2025-09-12,CUST-1938,PROD-30,1,0.05,Credit Card,6.75
ORD-12759,2024-02-27,CUST-1259,PROD-20,4,0.1,,11.6
ORD-12760,16-06-2024,CUST-1746,PROD-05,2,0.2,PayPal,16.07
ORD-12761,2024-08-24,CUST-1860,PROD-05,2,0.15,Store Credit,16.52
ORD-12762,2025-09-16,CUST-1346,PROD-15,1,0.0,PayPal,18.7
ORD-12763,02/13/2024,CUST-1129,PROD-10,4,0.1,Debit Card,6.9
ORD-12764,2024-02-25,CUST-1332,PROD-32,5,0.1,PayPal,18.24
ORD-12765,2024-05-28,CUST-1163,PROD-45,1,0.0,PayPal,10.73
ORD-12766,2025-08-13,CUST-1265,PROD-27,3,0.15,,9.17
ORD-12767,2024-10-04,CUST-1582,PROD-27,1,0.2,Store Credit,18.17
ORD-12768,2024-09-28,CUST-1264,PROD-22,4,0.0,Store Credit,12.79
ORD-12769,2025-12-12,CUST-1928,PROD-35,4,0.0,,8.35
ORD-12770,2024-11-21,CUST-1889,PROD-04,1,0.0,,12.21
ORD-12771,2025-09-13,CUST-1559,PROD-20,5,0.0,,6.17
ORD-12772,30-05-2024,CUST-1073,PROD-46,4,0.05,Credit Card,10.99
ORD-12773,2024-01-02,CUST-1077,PROD-42,4,0.0,Debit Card,10.19
ORD-12774,2025-02-11,CUST-1207,PROD-05,4,0.1,Debit Card,19.98
ORD-12775,08/14/2025,CUST-1148,PROD-30,2,0.0,PayPal,16.17
ORD-12776,2024-09-25,CUST-1244,PROD-24,3,0.0,Store Credit,16.66
ORD-12777,2024-03-27,CUST-1632,PROD-36,5,0.0,,11.03
ORD-12778,2025-12-20,CUST-1527,PROD-50,4,0.1,Credit Card,9.86
ORD-12779,2024-02-10,CUST-1742,PROD-04,3,0.0,Debit Card,7.61
ORD-12780,10-03-2025,CUST-1750,PROD-29,4,0.2,PayPal,14.36
ORD-12781,2024-10-27,CUST-1336,PROD-05,5,0.0,Credit Card,14.81
ORD-12782,02/22/2024,CUST-1755,PROD-24,2,0.0,Debit Card,4.76
ORD-12783,2024-12-22,CUST-1168,PROD-44,2,0.2,,6.8
ORD-12784,2024-03-24,CUST-1635,PROD-31,5,0.15,Store Credit,8.29
ORD-12785,2025-04-16,CUST-1881,PROD-22,5,0.1,Debit Card,13.51
ORD-12786,04/07/2025,CUST-1779,PROD-11,4,0.2,,16.21
ORD-12787,2024-09-21,CUST-1289,PROD-06,1,0.05,PayPal,11.04
ORD-12788,10-02-2024,CUST-1872,PROD-24,2,0.0,Store Credit,18.99
ORD-12789,09/19/2025,CUST-1809,PROD-28,4,0.2,,16.33
ORD-12790,2025-12-04,CUST-1118,PROD-48,4,0.0,,9.11
ORD-12791,05/23/2025,CUST-1469,PROD-20,1,0.05,,8.76
ORD-12792,2025-02-04,CUST-1280,PROD-38,5,0.0,PayPal,19.29
ORD-12793,2024-12-11,CUST-1753,PROD-03,4,0.05,Debit Card,9.28
ORD-12794,2025-08-01,CUST-1215,PROD-12,2,0.05,PayPal,19.57
ORD-12795,2025-08-28,CUST-1093,PROD-45,5,0.05,Credit Card,19.38
ORD-12796,2024-09-13,CUST-1524,PROD-40,3,0.15,PayPal,17.09
ORD-12797,2024-03-19,CUST-1422,PROD-08,2,0.0,Store Credit,15.56
ORD-12798,2024-07-22,CUST-1872,PROD-35,-2,0.0,PayPal,6.35
ORD-12799,2025-03-04,CUST-1992,PROD-32,2,0.0,Debit Card,17.61
ORD-12800,2024-10-30,CUST-1589,PROD-34,4,0.15,Credit Card,15.48
ORD-12801,24-05-2024,CUST-1824,PROD-19,3,0.15,,8.47
ORD-12802,2024-11-08,CUST-1598,PROD-16,1,0.1,,18.69
ORD-12803,2025-11-29,CUST-1185,PROD-06,1,0.1,PayPal,11.97
ORD-12804,2025-07-02,CUST-1820,PROD-10,2,0.1,Store Credit,17.82
ORD-12805,2025-03-14,CUST-1665,PROD-40,5,0.15,Store Credit,19.04
ORD-12806,2024-12-04,CUST-1265,PROD-29,1,0.0,Debit Card,4.06
ORD-12807,17-09-2025,CUST-1959,PROD-38,2,0.1,Credit Card,15.05
ORD-12808,2025-09-08,CUST-1341,PROD-43,5,0.0,Debit Card,10.02
ORD-12809,2024-09-12,CUST-1157,PROD-18,5,0.05,Debit Card,11.65
ORD-12810,2024-09-05,CUST-1358,PROD-27,1,0.05,Store Credit,12.86
ORD-12811,2025-02-15,CUST-1944,PROD-16,1,0.1,Credit Card,14.51
ORD-12812,2024-12-09,CUST-1888,PROD-21,1,0.1,Credit Card,6.09
ORD-12813,2024-05-13,CUST-1248,PROD-16,4,0.2,PayPal,16.92
ORD-12814,10/28/2025,CUST-1070,PROD-35,2,0.05,Debit Card,11.3
ORD-12815,2024-12-26,CUST-1819,PROD-07,1,0.0,,15.17
ORD-12816,2025-05-18,CUST-1926,PROD-32,1,0.1,Store Credit,5.23
ORD-12817,14-12-2025,CUST-1883,PROD-33,4,0.1,PayPal,9.65
ORD-12818,11/29/2024,CUST-1536,PROD-02,5,0.2,,6.81
ORD-12819,2024-05-22,CUST-1679,PROD-34,4,0.1,,4.65
ORD-12820,11/19/2024,CUST-1400,PROD-38,5,0.15,Debit Card,6.8
ORD-12821,28-05-2025,CUST-9999,PROD-35,4,0.0,Debit Card,6.46
ORD-12822,2024-09-05,CUST-1691,PROD-11,5,0.15,Store Credit,5.45
ORD-12823,2024-06-20,CUST-1018,PROD-14,4,0.15,Store Credit,19.67
ORD-12824,05/09/2024,CUST-1767,PROD-31,2,0.1,,15.23
ORD-12825,2024-12-12,CUST-1474,PROD-48,1,0.2,PayPal,6.38
ORD-12826,01-06-2025,CUST-1575,PROD-15,4,0.0,Credit Card,10.5
ORD-12827,2025-11-12,CUST-1273,PROD-41,3,0.1,PayPal,9.46
ORD-12828,2025-03-11,CUST-1133,PROD-29,1,0.0,Debit Card,9.28
ORD-12829,2024-12-13,CUST-1482,PROD-14,2,0.1,PayPal,15.92
ORD-12830,11/16/2025,CUST-1353,PROD-29,1,0.05,PayPal,16.61
ORD-12831,02/12/2024,,PROD-22,3,0.1,,13.65
ORD-12832,2025-12-18,CUST-9999,PROD-29,4,0.2,Credit Card,8.68
ORD-12833,2024-04-16,,PROD-35,1,0.05,,10.73
ORD-12834,2024-10-19,CUST-1239,PROD-34,3,0.1,,4.15
ORD-12835,2024-10-12,CUST-1271,PROD-48,4,0.2,PayPal,7.31
ORD-12836,2025-12-29,CUST-1988,PROD-45,5,0.15,Debit Card,9.63
ORD-12837,21-04-2025,CUST-1011,PROD-43,2,0.0,,8.18
ORD-12838,2024-11-16,CUST-1863,PROD-18,4,0.05,Credit Card,11.8
ORD-12839,2024-01-25,CUST-1212,PROD-04,1,0.0,PayPal,13.2
ORD-12840,2024-01-30,CUST-1969,PROD-33,4,0.0,,7.57
ORD-12841,2024-12-30,CUST-1329,PROD-36,1,0.0,,14.77
ORD-12842,2024-04-29,CUST-1469,PROD-18,2,0.05,Store Credit,11.32
ORD-12843,2024-05-12,CUST-1170,PROD-33,1,0.05,Store Credit,9.84
ORD-12844,2025-03-17,CUST-1714,PROD-38,3,0.05,Store Credit,9.44
ORD-12845,2024-12-17,CUST-1377,PROD-02,3,0.2,PayPal,15.0
ORD-12846,2025-01-31,CUST-1085,PROD-29,5,0.05,Debit Card,18.35
ORD-12847,2025-07-26,CUST-1165,PROD-45,3,0.0,Credit Card,19.07
ORD-12848,11/15/2025,CUST-1513,PROD-11,1,0.1,Debit Card,5.53
ORD-12849,2024-03-09,CUST-1095,PROD-20,3,0.1,Debit Card,15.36
ORD-12850,2024-11-23,CUST-1042,PROD-43,4,0.15,Debit Card,11.4
ORD-12851,2024-01-27,CUST-1145,PROD-20,2,0.2,Debit Card,14.92
ORD-12852,2024-09-04,CUST-1805,PROD-11,3,0.05,Credit Card,15.78
ORD-12853,2024-06-26,CUST-9999,PROD-28,1,0.15,Debit Card,5.43
ORD-12854,03/31/2024,CUST-1371,PROD-46,2,0.05,Store Credit,13.14
ORD-12855,2025-08-19,CUST-1290,PROD-31,3,0.0,PayPal,16.8
ORD-12856,2025-11-02,CUST-1310,PROD-27,-2,0.15,,5.38
ORD-12857,2024-04-26,CUST-1987,PROD-47,3,0.15,Debit Card,11.56
ORD-12858,2024-07-25,CUST-1639,PROD-28,4,0.1,,10.65
ORD-12859,2024-07-09,CUST-1132,PROD-08,2,0.0,PayPal,13.9
ORD-12860,12/13/2025,CUST-1230,PROD-03,5,0.05,,4.54
ORD-12861,2025-09-24,CUST-1570,PROD-35,1,0.15,Store Credit,14.83
ORD-12862,11/05/2024,CUST-1120,PROD-37,5,0.15,Credit Card,12.2
ORD-12863,2024-03-12,CUST-1402,PROD-36,2,0.0,Store Credit,19.34
ORD-12864,08/27/2024,CUST-1642,PROD-26,3,0.2,Credit Card,18.57
ORD-12865,2024-03-28,CUST-1708,PROD-36,1,0.15,Credit Card,18.2
ORD-12866,2025-05-05,CUST-1888,PROD-02,2,0.0,Credit Card,16.21
ORD-12867,2024-09-11,CUST-1607,PROD-24,4,0.0,Debit Card,18.3
ORD-12868,05/01/2025,CUST-1847,PROD-46,3,0.2,PayPal,9.72
ORD-12869,2025-10-30,CUST-1846,PROD-25,2,0.0,Store Credit,4.41
ORD-12870,2024-07-19,CUST-1516,PROD-47,1,0.05,Store Credit,19.61
ORD-12871,01-02-2024,CUST-1588,PROD-40,2,0.0,Store Credit,10.37
ORD-12872,2025-04-17,CUST-1623,PROD-18,5,0.1,Store Credit,14.97
ORD-12873,09/08/2024,CUST-1785,PROD-16,4,0.0,Credit Card,11.88
ORD-12874,2025-11-28,CUST-1801,PROD-02,1,0.05,Credit Card,12.94
ORD-12875,2024-07-21,CUST-1221,PROD-02,4,0.05,,16.44
ORD-12876,2024-10-27,CUST-1711,PROD-34,5,0.2,PayPal,7.88
ORD-12877,2024-12-09,CUST-1592,PROD-32,5,0.05,,17.41
ORD-12878,2024-05-24,CUST-1346,PROD-48,3,0.0,PayPal,13.91
ORD-12879,27-04-2024,CUST-1801,PROD-02,3,0.15,PayPal,16.44
ORD-12880,2024-08-28,CUST-1931,PROD-14,4,0.0,Store Credit,18.04
ORD-12881,2025-10-12,CUST-1545,PROD-02,2,0.1,Debit Card,11.01
ORD-12882,2025-06-15,CUST-1819,PROD-18,4,0.2,Debit Card,5.56
ORD-12883,2024-08-24,CUST-1040,PROD-26,4,0.05,Debit Card,18.23
ORD-12884,2025-08-11,CUST-1125,PROD-17,3,0.0,,5.65
ORD-12885,2024-10-02,CUST-1450,PROD-12,3,0.2,PayPal,15.24
ORD-12886,2024-03-11,CUST-1122,PROD-07,1,0.0,Store Credit,5.21
ORD-12887,2025-06-12,CUST-1767,PROD-02,3,0.05,Debit Card,10.06
ORD-12888,25-12-2024,CUST-1408,PROD-33,4,0.15,Debit Card,18.79
ORD-12889,2024-08-25,CUST-1274,PROD-02,3,0.2,Debit Card,8.48
ORD-12890,12/12/2024,CUST-1421,PROD-28,2,0.0,Credit Card,5.47
ORD-12891,2025-02-27,CUST-1509,PROD-50,2,0.15,Store Credit,16.79
ORD-12892,27-04-2025,CUST-1708,PROD-07,4,0.2,PayPal,10.24
ORD-12893,2025-06-27,CUST-1805,PROD-04,3,0.2,Store Credit,4.33
ORD-12894,2025-08-22,CUST-1734,PROD-39,4,0.2,Debit Card,4.52
ORD-12895,2024-04-26,CUST-1710,PROD-17,1,0.0,Debit Card,17.05
ORD-12896,2025-10-05,CUST-1893,PROD-48,4,0.0,Credit Card,15.05
ORD-12897,06/25/2024,CUST-1339,PROD-46,3,0.2,Credit Card,8.87
ORD-12898,2024-07-04,CUST-1292,PROD-40,4,0.15,Debit Card,8.69
ORD-12899,27-03-2024,CUST-1488,PROD-45,3,0.1,PayPal,11.58
ORD-12900,2024-06-21,,PROD-08,1,0.2,Store Credit,7.27
ORD-12901,2024-11-09,CUST-1292,PROD-45,5,0.0,PayPal,9.0
ORD-12902,04/30/2024,CUST-1565,PROD-15,4,0.05,,13.69
ORD-12903,2024-04-03,CUST-1048,PROD-04,1,0.1,,19.45
ORD-12904,2024-04-15,CUST-1291,PROD-41,4,0.1,Credit Card,15.79
ORD-12905,2024-09-02,CUST-1797,PROD-37,3,0.0,Debit Card,6.77
ORD-12906,23-12-2025,CUST-1820,PROD-16,3,0.0,,7.22
ORD-12907,2024-08-06,CUST-1830,PROD-31,4,0.2,Store Credit,13.17
ORD-12908,2025-07-22,CUST-1941,PROD-09,3,0.1,Debit Card,14.19
ORD-12909,2025-12-29,CUST-1350,PROD-34,1,0.15,Store Credit,19.35
ORD-12910,22-11-2025,CUST-1285,PROD-05,1,0.1,,5.92
ORD-12911,2025-03-02,CUST-1411,PROD-17,1,0.0,,17.69
ORD-12912,2024-09-03,CUST-1372,PROD-20,3,0.1,PayPal,19.34
ORD-12913,2025-11-17,CUST-1668,PROD-49,2,0.0,Store Credit,19.99
ORD-12914,2025-11-16,CUST-1691,PROD-47,1,0.0,Store Credit,12.96
ORD-12915,2024-05-03,CUST-1177,PROD-22,2,0.0,,17.24
ORD-12916,17-07-2025,CUST-1416,PROD-31,5,0.0,,10.54
ORD-12917,2025-02-19,CUST-1555,PROD-28,2,0.15,PayPal,17.25
ORD-12918,24-10-2025,CUST-1420,PROD-20,5,0.0,Credit Card,16.29
ORD-12919,01/02/2024,CUST-1763,PROD-31,-2,0.2,,17.47
ORD-12920,2024-01-22,CUST-1500,PROD-34,5,0.2,,16.02
ORD-12921,02-03-2025,CUST-1446,PROD-49,5,0.0,PayPal,4.58
ORD-12922,2025-12-24,,PROD-33,5,0.05,,6.46
ORD-12923,2025-12-12,CUST-1312,PROD-35,4,0.2,PayPal,13.84
ORD-12924,2024-12-21,CUST-1294,PROD-44,3,0.1,Debit Card,11.06
ORD-12925,2025-03-13,CUST-1283,PROD-06,5,0.0,,5.64
ORD-12926,2025-08-23,CUST-1359,PROD-01,1,0.0,Debit Card,9.33
ORD-12927,05/15/2024,CUST-1448,PROD-12,2,0.0,PayPal,5.99
ORD-12928,2025-02-02,CUST-1354,PROD-11,3,0.1,PayPal,7.85
ORD-12929,18-09-2025,CUST-1473,PROD-49,3,0.0,Store Credit,7.62
ORD-12930,2024-03-29,CUST-1663,PROD-10,4,0.2,Store Credit,9.88
ORD-12931,2024-05-08,CUST-1494,PROD-49,5,0.0,Credit Card,15.51
ORD-12932,01/01/2025,CUST-1410,PROD-47,4,0.15,PayPal,7.1
ORD-12933,2025-05-19,CUST-1265,PROD-09,3,0.2,Store Credit,6.54
ORD-12934,2025-06-16,CUST-1806,PROD-15,2,0.0,Debit Card,16.0
ORD-12935,2024-07-31,CUST-1235,PROD-46,1,0.0,,15.08
ORD-12936,2024-11-15,CUST-1959,PROD-03,4,0.0,Debit Card,7.15
ORD-12937,26-08-2024,CUST-1127,PROD-41,5,0.0,,8.48
ORD-12938,2025-02-12,,PROD-09,4,0.15,Credit Card,8.3
ORD-12939,2024-08-12,CUST-1821,PROD-46,3,0.2,Credit Card,11.63
ORD-12940,2025-03-07,CUST-1017,PROD-42,3,0.05,Debit Card,8.9
ORD-12941,2025-12-08,CUST-1682,PROD-45,2,0.1,,14.69
ORD-12942,2025-03-21,CUST-1731,PROD-10,4,0.0,,10.85
ORD-12943,2025-06-26,CUST-1744,PROD-09,5,0.0,,4.6
ORD-12944,2025-09-09,CUST-1480,PROD-44,2,0.2,PayPal,5.27
ORD-12945,2025-01-16,CUST-1609,PROD-33,5,0.2,Store Credit,19.41
ORD-12946,01/06/2025,CUST-1745,PROD-02,1,0.1,Store Credit,10.94
ORD-12947,2025-10-26,CUST-1786,PROD-03,4,0.0,Debit Card,11.9
ORD-12948,2025-04-27,CUST-1582,PROD-37,4,0.0,PayPal,12.94
ORD-12949,01/01/2025,CUST-1749,PROD-01,3,0.0,Debit Card,6.34
ORD-12950,2025-04-25,CUST-1334,PROD-23,4,0.0,Store Credit,8.71
ORD-12951,2025-08-09,CUST-1611,PROD-39,3,0.15,Debit Card,4.11
ORD-12952,2025-07-23,CUST-1762,PROD-19,4,0.2,Debit Card,7.16
ORD-12953,2025-04-26,CUST-1033,PROD-04,1,0.0,PayPal,15.77
ORD-12954,23-04-2025,CUST-1386,PROD-15,2,0.05,Store Credit,14.5
ORD-12955,2025-04-17,CUST-1191,PROD-11,2,0.05,,11.22
ORD-12956,2025-07-31,,PROD-28,1,0.0,,5.97
ORD-12957,2025-09-09,CUST-1442,PROD-26,1,0.2,Store Credit,7.32
ORD-12958,2024-06-06,CUST-1774,PROD-29,5,0.15,PayPal,14.62
ORD-12959,2025-06-10,CUST-1962,PROD-18,4,0.0,,14.72
ORD-12960,2025-09-05,CUST-1425,PROD-19,3,0.2,,5.71
ORD-12961,2024-10-19,CUST-1253,PROD-46,4,0.15,Debit Card,8.07
ORD-12962,05/20/2025,CUST-1992,PROD-15,5,0.0,Debit Card,6.08
ORD-12963,2025-08-09,CUST-1448,PROD-23,1,0.15,PayPal,11.07
ORD-12964,11/06/2024,CUST-1608,PROD-34,5,0.15,PayPal,19.62
ORD-12965,2024-10-07,CUST-1045,PROD-39,5,0.05,,7.42
ORD-12966,2024-02-11,CUST-1060,PROD-10,5,0.15,,17.25
ORD-12967,2025-02-03,CUST-1976,PROD-41,2,0.05,PayPal,9.72
ORD-12968,2025-06-25,CUST-1115,PROD-12,3,0.1,Credit Card,17.15
ORD-12969,2025-05-31,CUST-1560,PROD-03,3,0.1,,8.64
ORD-12970,2025-03-13,CUST-1822,PROD-04,4,0.05,Store Credit,8.41
ORD-12971,03/16/2025,CUST-1673,PROD-48,4,0.0,PayPal,6.83
ORD-12972,2024-12-12,CUST-1745,PROD-37,4,0.2,Debit Card,19.65
ORD-12973,07/18/2025,CUST-1729,PROD-45,5,0.2,Credit Card,4.67
ORD-12974,2024-11-05,CUST-1227,PROD-14,2,0.15,Store Credit,15.42
ORD-12975,2025-11-08,CUST-1229,PROD-33,1,0.0,PayPal,13.37
ORD-12976,2025-05-08,CUST-1109,PROD-02,3,0.05,Store Credit,5.5
ORD-12977,2025-07-08,CUST-1057,PROD-25,1,0.15,Debit Card,13.71
ORD-12978,2025-08-15,CUST-1641,PROD-47,3,0.05,Credit Card,13.2
ORD-12979,11/18/2025,CUST-1228,PROD-37,4,0.0,,10.92
ORD-12980,2025-11-07,CUST-1550,PROD-01,5,0.0,,17.6
ORD-12981,2025-12-25,CUST-1982,PROD-36,3,0.0,Store Credit,18.68
ORD-12982,2025-12-19,CUST-1158,PROD-38,2,0.0,PayPal,8.46
ORD-12983,2024-12-27,CUST-1577,PROD-50,1,0.2,Credit Card,19.09
ORD-12984,2024-08-06,CUST-1959,PROD-31,5,0.15,Debit Card,10.16
ORD-12985,2025-04-04,CUST-1410,PROD-07,2,0.1,PayPal,15.52
ORD-12986,2025-10-27,CUST-1398,PROD-38,3,0.0,Store Credit,9.08
ORD-12987,2025-11-20,CUST-1568,PROD-28,1,0.15,Credit Card,18.38
ORD-12988,11/14/2025,CUST-1728,PROD-42,5,0.15,PayPal,7.12
ORD-12989,2024-07-05,CUST-1764,PROD-33,5,0.2,PayPal,4.94
ORD-12990,2024-06-03,CUST-1836,PROD-43,4,0.15,,15.21
ORD-12991,04/17/2024,CUST-1721,PROD-25,5,0.1,,4.76
ORD-12992,2024-10-22,CUST-1092,PROD-05,1,0.0,Store Credit,4.08
ORD-12993,2024-05-05,CUST-1106,PROD-45,1,0.05,Debit Card,15.94
ORD-12994,02/20/2025,CUST-1719,PROD-05,4,0.0,Debit Card,4.6
ORD-12995,07/19/2025,CUST-1578,PROD-21,5,0.05,Credit Card,17.11
ORD-12996,2024-01-12,CUST-1758,PROD-22,5,0.0,Store Credit,17.23
ORD-12997,09-12-2025,CUST-1408,PROD-28,2,0.2,,14.19
ORD-12998,2024-12-22,CUST-1265,PROD-10,3,0.0,Debit Card,6.28
ORD-12999,2025-09-25,CUST-1368,PROD-30,4,0.1,PayPal,9.05
ORD-13000,2024-07-14,CUST-1295,PROD-30,4,0.15,Credit Card,18.04
ORD-13001,2024-12-19,CUST-1961,PROD-19,5,0.2,Store Credit,5.97
ORD-13002,2024-10-27,CUST-1532,PROD-21,1,0.0,Store Credit,6.06
ORD-13003,01-04-2025,CUST-1777,PROD-25,5,0.1,Store Credit,4.12
ORD-13004,2024-07-13,CUST-1277,PROD-26,5,0.2,Store Credit,11.72
ORD-13005,2024-02-17,CUST-1162,PROD-32,3,0.0,PayPal,5.0
ORD-13006,01/07/2025,CUST-1136,PROD-14,2,0.05,PayPal,8.37
ORD-13007,2024-07-26,CUST-1761,PROD-25,1,0.15,Debit Card,15.91
ORD-13008,06/19/2025,CUST-1400,PROD-05,1,0.05,Credit Card,9.42
ORD-13009,2024-06-02,CUST-1750,PROD-15,1,0.0,Credit Card,12.23
ORD-13010,15-01-2025,CUST-1628,PROD-40,2,0.0,PayPal,6.02
ORD-13011,2025-12-29,CUST-1905,PROD-10,5,0.05,Debit Card,18.22
ORD-13012,08/19/2024,CUST-1284,PROD-45,1,0.05,Credit Card,16.91
ORD-13013,05-07-2025,CUST-1228,PROD-17,2,0.2,Store Credit,18.01
ORD-13014,2025-05-08,CUST-1706,PROD-20,2,0.0,Credit Card,10.82
ORD-13015,2025-06-27,CUST-1504,PROD-40,5,0.0,,5.73
ORD-13016,16-01-2024,CUST-1581,PROD-25,3,0.0,Store Credit,9.49
ORD-13017,2025-04-19,CUST-1825,PROD-28,3,0.05,,11.57
ORD-13018,10/16/2024,CUST-1888,PROD-09,3,0.15,,19.2
ORD-13019,2024-05-27,CUST-1506,PROD-41,3,0.05,PayPal,6.04
ORD-13020,2024-11-25,CUST-1921,PROD-30,5,0.0,,4.39
ORD-13021,17-02-2024,CUST-1375,PROD-15,5,0.0,,19.38
ORD-13022,2024-06-11,CUST-1407,PROD-31,4,0.2,Credit Card,12.51
ORD-13023,2025-07-07,CUST-1329,PROD-46,5,0.1,Credit Card,15.56
ORD-13024,2024-05-12,CUST-1213,PROD-05,2,0.2,Store Credit,12.88
ORD-13025,2025-09-10,CUST-1769,PROD-46,2,0.0,Credit Card,11.68
ORD-13026,10/29/2024,CUST-1264,PROD-17,1,0.0,Store Credit,5.3
ORD-13027,2024-10-20,CUST-1889,PROD-39,3,0.05,Store Credit,8.98
ORD-13028,2024-07-28,CUST-1628,PROD-31,1,0.2,Debit Card,7.62
ORD-13029,05-09-2024,CUST-1956,PROD-29,4,0.15,Store Credit,4.45
ORD-13030,01/26/2024,CUST-1811,PROD-41,3,0.05,,13.58
ORD-13031,01/08/2025,CUST-1365,PROD-36,1,0.2,,12.37
ORD-13032,04/04/2024,CUST-1414,PROD-04,2,0.0,Debit Card,13.15
ORD-13033,2024-06-06,CUST-1468,PROD-28,2,0.15,PayPal,11.85
ORD-13034,2024-10-22,CUST-1942,PROD-14,2,0.0,PayPal,7.66
ORD-13035,2025-09-08,CUST-1952,PROD-29,500,0.1,PayPal,14.96
ORD-13036,11/15/2024,CUST-1899,PROD-34,4,0.15,Store Credit,8.94
ORD-13037,04/27/2025,CUST-1007,PROD-30,4,0.1,Store Credit,17.74
ORD-13038,2024-12-27,CUST-1991,PROD-29,2,0.0,,17.63
ORD-13039,05/03/2024,CUST-1704,PROD-42,1,0.15,PayPal,17.73
ORD-13040,2025-05-30,CUST-1169,PROD-31,3,0.1,PayPal,10.82
ORD-13041,12/26/2025,CUST-1203,PROD-01,3,0.2,,19.96
ORD-13042,2025-03-17,CUST-1038,PROD-26,4,0.0,Debit Card,12.68
ORD-13043,2024-08-25,CUST-1670,PROD-17,3,0.15,Debit Card,13.24
ORD-13044,2025-07-29,,PROD-43,4,0.05,Credit Card,6.45
ORD-13045,2024-09-24,CUST-1399,PROD-48,5,0.2,Credit Card,11.57
ORD-13046,2025-12-25,CUST-1744,PROD-15,3,0.2,,5.51
ORD-13047,2025-12-06,CUST-1359,PROD-24,5,0.2,Debit Card,13.15
ORD-13048,2024-09-21,CUST-1512,PROD-37,1,0.0,Store Credit,7.08
ORD-13049,2025-12-06,CUST-1182,PROD-32,4,0.15,Store Credit,11.61
ORD-13050,2025-01-09,CUST-1573,PROD-28,3,0.0,Store Credit,8.1
ORD-13051,2025-09-01,CUST-1794,PROD-36,5,0.2,,16.78
ORD-13052,2024-07-02,CUST-1134,PROD-13,5,0.0,Store Credit,17.58
ORD-13053,2024-04-27,CUST-1097,PROD-05,5,0.0,Debit Card,8.92
ORD-13054,2024-01-01,CUST-1204,PROD-27,4,0.15,PayPal,16.12
ORD-13055,24-09-2024,CUST-1090,PROD-01,5,0.1,Credit Card,16.79
ORD-13056,01/28/2025,CUST-1257,PROD-30,1,0.05,,13.12
ORD-13057,2024-04-01,CUST-1230,PROD-34,1,0.1,Store Credit,13.8
ORD-13058,2025-08-09,CUST-1397,PROD-29,1,0.15,Store Credit,5.88
ORD-13059,07/04/2024,CUST-1443,PROD-20,2,0.0,Debit Card,12.13
ORD-13060,2025-01-31,CUST-1163,PROD-18,5,0.1,Credit Card,14.62
ORD-13061,2025-10-23,CUST-1455,PROD-40,4,0.1,Credit Card,5.89
ORD-13062,2025-11-28,CUST-1099,PROD-30,2,0.2,PayPal,15.67
ORD-13063,2025-02-27,,PROD-28,4,0.15,,15.0
ORD-13064,2025-10-18,CUST-1065,PROD-03,5,0.05,,11.58
ORD-13065,2024-12-21,CUST-9999,PROD-31,5,0.05,PayPal,19.17
ORD-13066,18-07-2024,CUST-1279,PROD-32,4,0.0,PayPal,11.83
ORD-13067,2025-05-19,CUST-1784,PROD-23,3,0.2,Debit Card,12.28
ORD-13068,11/02/2025,CUST-1266,PROD-38,4,0.2,Credit Card,9.57
ORD-13069,10/05/2025,CUST-1875,PROD-29,3,0.2,Credit Card,15.46
ORD-13070,2024-05-12,CUST-1248,PROD-29,5,0.2,Credit Card,12.94
ORD-13071,2024-10-06,CUST-1626,PROD-26,2,0.2,,8.13
ORD-13072,2024-01-28,CUST-1358,PROD-18,1,0.1,,4.11
ORD-13073,2024-08-23,CUST-1547,PROD-24,5,0.0,PayPal,15.54
ORD-13074,2024-05-03,CUST-1311,PROD-48,3,0.0,Store Credit,7.53
ORD-13075,2024-08-02,CUST-1282,PROD-06,4,0.0,PayPal,16.96
ORD-13076,2025-12-24,CUST-1106,PROD-03,2,0.1,Debit Card,12.25
ORD-13077,2025-06-29,CUST-1211,PROD-13,4,0.1,Debit Card,14.35
ORD-13078,2024-09-29,CUST-9999,PROD-26,1,0.0,PayPal,17.6
ORD-13079,19-05-2024,CUST-1803,PROD-37,3,0.0,Debit Card,13.5
ORD-13080,02/24/2024,CUST-1291,PROD-05,1,0.0,PayPal,14.04
ORD-13081,2025-03-22,CUST-1113,PROD-44,3,0.0,Store Credit,8.77
ORD-13082,2025-06-14,CUST-1488,PROD-37,2,0.15,PayPal,19.92
ORD-13083,2024-01-23,CUST-1221,PROD-21,3,0.05,Store Credit,12.44
ORD-13084,08/03/2024,CUST-1828,PROD-23,2,0.1,Credit Card,6.96
ORD-13085,2025-04-23,CUST-1541,PROD-31,4,0.0,Store Credit,5.35
ORD-13086,2025-12-17,CUST-1965,PROD-11,2,0.2,Store Credit,18.75
ORD-13087,2024-08-11,CUST-1504,PROD-30,5,0.2,,12.32
ORD-13088,31-10-2024,CUST-1755,PROD-14,2,0.1,Store Credit,18.95
ORD-13089,2025-04-01,CUST-1518,PROD-50,4,0.15,Credit Card,16.13
ORD-13090,10/05/2025,CUST-1657,PROD-24,1,0.1,Debit Card,4.64
ORD-13091,06-02-2024,CUST-1780,PROD-35,3,0.1,,15.68
ORD-13092,08-06-2025,CUST-1234,PROD-17,3,0.1,PayPal,10.92
ORD-13093,2024-12-02,CUST-1008,PROD-19,5,0.0,Store Credit,6.95
ORD-13094,2024-02-29,CUST-1888,PROD-29,5,0.0,Store Credit,16.85
ORD-13095,2024-09-19,CUST-1439,PROD-32,3,0.2,,12.03
ORD-13096,30-09-2024,CUST-9999,PROD-03,5,0.05,,7.44
ORD-13097,23-07-2024,,PROD-03,3,0.1,Credit Card,17.51
ORD-13098,2024-12-16,CUST-1800,PROD-04,3,0.0,PayPal,17.32
ORD-13099,2025-10-26,CUST-1971,PROD-39,4,0.1,PayPal,7.49
ORD-13100,09/06/2025,CUST-1252,PROD-23,4,0.05,Debit Card,19.49
ORD-13101,2024-09-07,CUST-1608,PROD-08,3,0.0,PayPal,14.91
ORD-13102,01-08-2024,CUST-1150,PROD-41,2,0.0,,19.61
ORD-13103,2024-11-30,CUST-1206,PROD-06,5,0.0,Credit Card,16.12
ORD-13104,12/10/2025,CUST-1130,PROD-04,1,0.2,Credit Card,13.06
ORD-13105,27-02-2024,CUST-1544,PROD-19,2,0.15,Debit Card,11.09
ORD-13106,2025-05-12,CUST-1601,PROD-34,2,0.05,Debit Card,14.2
ORD-13107,2024-12-01,CUST-1384,PROD-06,4,0.0,PayPal,16.23
ORD-13108,2024-05-21,CUST-1135,PROD-38,1,0.15,Debit Card,6.94
ORD-13109,2025-01-06,CUST-1429,PROD-50,5,0.2,Credit Card,9.37
ORD-13110,2024-12-12,CUST-1960,PROD-33,4,0.2,,9.24
ORD-13111,2024-11-06,CUST-1397,PROD-07,3,0.0,Debit Card,12.19
ORD-13112,2024-10-15,CUST-1731,PROD-21,5,0.15,PayPal,14.46
ORD-13113,2024-10-22,CUST-1244,PROD-22,4,0.15,Debit Card,9.54
ORD-13114,2024-12-26,CUST-1957,PROD-14,3,0.15,,5.23
ORD-13115,2024-03-04,CUST-1680,PROD-10,3,0.05,Store Credit,16.27
ORD-13116,2025-04-07,CUST-1279,PROD-24,2,0.05,Debit Card,18.06
ORD-13117,2024-04-30,CUST-1152,PROD-19,2,0.1,,11.51
ORD-13118,2024-02-09,CUST-1292,PROD-22,5,0.05,,17.3
ORD-13119,2025-08-05,CUST-1918,PROD-17,1,0.1,Store Credit,6.11
ORD-13120,2025-11-25,CUST-1675,PROD-32,3,0.05,,7.53
ORD-13121,31-01-2024,CUST-1442,PROD-29,1,0.1,Debit Card,5.97
ORD-13122,07-06-2024,CUST-9999,PROD-32,4,0.1,Debit Card,7.15
ORD-13123,05-03-2024,CUST-1972,PROD-08,2,0.05,Credit Card,11.93
ORD-13124,10/14/2025,CUST-1290,PROD-24,2,0.05,Debit Card,9.68
ORD-13125,10-12-2024,CUST-1446,PROD-12,4,0.15,PayPal,7.25
ORD-13126,2025-11-04,,PROD-49,5,0.0,,17.12
ORD-13127,2025-09-19,CUST-1823,PROD-48,1,0.15,Store Credit,16.14
ORD-13128,2024-02-22,CUST-1091,PROD-24,4,0.15,Debit Card,16.25
ORD-13129,2024-04-05,CUST-1598,PROD-15,5,0.1,Credit Card,16.44
ORD-13130,2025-09-22,CUST-1071,PROD-43,1,0.15,,19.28
ORD-13131,14-06-2025,CUST-1662,PROD-44,1,0.0,Debit Card,9.94
ORD-13132,2025-07-19,CUST-1111,PROD-24,2,0.0,PayPal,10.48
ORD-13133,2024-02-19,CUST-1703,PROD-44,2,0.15,Store Credit,7.88
ORD-13134,2025-08-24,CUST-1682,PROD-43,5,0.15,Store Credit,12.29
ORD-13135,01-11-2025,CUST-1546,PROD-40,3,0.05,Store Credit,12.31
ORD-13136,02/26/2025,CUST-1255,PROD-48,2,0.2,Credit Card,12.69
ORD-13137,2024-11-02,CUST-1302,PROD-12,4,0.1,Debit Card,11.68
ORD-13138,06/01/2024,CUST-1282,PROD-02,5,0.0,PayPal,16.18
ORD-13139,09/05/2025,CUST-1453,PROD-39,3,0.15,Credit Card,14.92
ORD-13140,2025-07-16,CUST-1310,PROD-18,2,0.05,Store Credit,12.41
ORD-13141,2025-11-10,CUST-1264,PROD-25,2,0.15,,15.24
ORD-13142,2024-09-12,CUST-1828,PROD-28,2,0.0,,8.46
ORD-13143,2024-06-05,CUST-1598,PROD-49,500,0.15,,16.87
ORD-13144,10/01/2024,CUST-1400,PROD-27,5,0.0,Credit Card,14.57
ORD-13145,2025-07-04,CUST-1801,PROD-10,2,0.05,Store Credit,12.95
ORD-13146,2024-05-20,CUST-1479,PROD-14,5,0.05,Credit Card,19.69
ORD-13147,11/22/2025,CUST-1424,PROD-32,5,0.05,Store Credit,12.01
ORD-13148,22-02-2024,CUST-1336,PROD-38,3,0.2,Store Credit,14.59
ORD-13149,10/29/2025,CUST-1381,PROD-30,5,0.2,Credit Card,4.86
ORD-13150,2024-12-27,CUST-1135,PROD-26,4,0.2,Store Credit,8.17
ORD-13151,18-09-2024,CUST-1992,PROD-27,2,0.1,Credit Card,9.87
ORD-13152,2024-04-19,CUST-1198,PROD-17,2,0.0,Credit Card,8.66
ORD-13153,30-03-2024,CUST-1454,PROD-17,1,0.05,PayPal,4.8
ORD-13154,2024-11-29,CUST-1586,PROD-34,1,0.05,Store Credit,9.98
ORD-13155,2024-04-13,CUST-1873,PROD-36,5,0.0,Debit Card,19.81
ORD-13156,07/09/2024,CUST-1513,PROD-31,4,0.2,PayPal,6.97
ORD-13157,2025-05-16,CUST-1049,PROD-50,2,0.0,,5.52
ORD-13158,2025-02-15,CUST-9999,PROD-33,1,0.2,Store Credit,4.68
ORD-13159,2025-01-07,CUST-1542,PROD-18,3,0.15,Store Credit,9.78
ORD-13160,2025-09-04,CUST-1485,PROD-02,3,0.15,,10.86
ORD-13161,04/25/2024,CUST-1926,PROD-33,1,0.05,Credit Card,14.03
ORD-13162,05/05/2025,CUST-1376,PROD-08,4,0.0,Credit Card,13.52
ORD-13163,05-06-2024,,PROD-07,5,0.1,Debit Card,9.42
ORD-13164,07/24/2024,CUST-1458,PROD-16,2,0.0,Debit Card,7.92
ORD-13165,2025-09-16,CUST-1820,PROD-06,4,0.1,Debit Card,10.36
ORD-13166,2024-02-14,CUST-1089,PROD-27,3,0.15,Credit Card,10.69
ORD-13167,2024-05-29,CUST-1347,PROD-10,2,0.0,PayPal,10.47
ORD-13168,04/29/2025,CUST-1742,PROD-21,1,0.05,Store Credit,12.79
ORD-13169,2024-02-12,CUST-1474,PROD-05,2,0.0,,5.45
ORD-13170,2025-01-27,CUST-1208,PROD-12,3,0.0,,16.85
ORD-13171,13-12-2025,CUST-1886,PROD-24,3,0.2,,15.2
ORD-13172,03/24/2024,CUST-1485,PROD-04,5,0.05,PayPal,6.31
ORD-13173,04/20/2024,CUST-1152,PROD-18,3,0.1,,16.54
ORD-13174,05-10-2025,CUST-1114,PROD-37,1,0.05,Credit Card,17.69
ORD-13175,30-10-2025,CUST-1313,PROD-35,3,0.0,Credit Card,13.7
ORD-13176,2024-07-13,CUST-1741,PROD-16,4,0.0,PayPal,4.09
ORD-13177,05/08/2025,CUST-1310,PROD-13,1,0.0,,17.1
ORD-13178,2024-10-15,CUST-1270,PROD-15,4,0.0,PayPal,5.52
ORD-13179,2025-04-18,,PROD-18,1,0.0,Debit Card,15.25
ORD-13180,2025-09-29,CUST-1855,PROD-15,5,0.2,Store Credit,5.47
ORD-13181,10/19/2025,CUST-1390,PROD-34,4,0.15,Store Credit,9.99
ORD-13182,2024-12-29,CUST-1758,PROD-16,5,0.0,Credit Card,16.21
ORD-13183,11-03-2024,CUST-1739,PROD-24,5,0.0,Store Credit,13.7
ORD-13184,2025-07-15,CUST-1076,PROD-32,4,0.05,Store Credit,4.44
ORD-13185,09/08/2025,CUST-1308,PROD-03,3,0.05,PayPal,19.66
ORD-13186,2024-12-08,CUST-1378,PROD-30,4,0.1,Debit Card,4.1
ORD-13187,2024-09-24,CUST-1481,PROD-35,3,0.1,PayPal,14.43
ORD-13188,2024-07-05,CUST-1839,PROD-11,2,0.2,Store Credit,16.59
ORD-13189,2024-03-07,CUST-1882,PROD-02,1,0.15,PayPal,10.97
ORD-13190,2024-01-04,CUST-1286,PROD-37,-2,0.15,Credit Card,14.45
ORD-13191,2024-02-20,CUST-1140,PROD-32,2,0.15,Credit Card,9.51
ORD-13192,2025-11-15,CUST-1477,PROD-32,1,0.0,Debit Card,14.73
ORD-13193,2025-04-20,CUST-1133,PROD-07,3,0.1,,18.53
ORD-13194,2024-11-09,,PROD-29,3,0.15,Debit Card,10.24
ORD-13195,2025-07-30,CUST-9999,PROD-11,3,0.0,PayPal,9.88
ORD-13196,09/02/2024,CUST-1583,PROD-48,3,0.2,,16.51
ORD-13197,2025-09-16,CUST-1508,PROD-23,4,0.2,Debit Card,18.06
ORD-13198,2025-06-21,CUST-1372,PROD-35,2,0.2,Credit Card,11.83
ORD-13199,2025-05-23,CUST-1289,PROD-32,2,0.05,,18.85
ORD-13200,2025-11-13,CUST-1564,PROD-20,2,0.05,Store Credit,13.66
ORD-13201,2025-08-27,CUST-1360,PROD-10,1,0.15,PayPal,4.98
ORD-13202,24-01-2025,CUST-1592,PROD-08,4,0.0,,5.41
ORD-13203,06-03-2025,CUST-1216,PROD-24,1,0.0,Credit Card,7.92
ORD-13204,2025-07-22,CUST-1329,PROD-42,2,0.15,Store Credit,9.97
ORD-13205,2024-08-29,CUST-1434,PROD-45,2,0.15,Debit Card,16.4
ORD-13206,2025-05-17,CUST-1117,PROD-12,4,0.15,,7.14
ORD-13207,2025-01-12,CUST-1997,PROD-11,2,0.15,PayPal,5.31
ORD-13208,2025-10-22,CUST-1928,PROD-01,5,0.2,Debit Card,14.96
ORD-13209,2025-03-25,CUST-1664,PROD-04,4,0.2,Store Credit,15.59
ORD-13210,2025-07-30,CUST-1076,PROD-09,2,0.05,Debit Card,7.29
ORD-13211,2024-09-10,CUST-1071,PROD-45,3,0.0,,6.24
ORD-13212,2025-04-15,CUST-1528,PROD-03,2,0.1,,15.22
ORD-13213,2025-01-17,CUST-1428,PROD-12,3,0.0,PayPal,13.22
ORD-13214,2025-02-20,CUST-1810,PROD-30,5,0.15,Debit Card,9.18
ORD-13215,2025-02-13,CUST-1793,PROD-38,3,0.05,Credit Card,4.96
ORD-13216,2024-03-10,CUST-1499,PROD-50,4,0.05,,7.08
ORD-13217,10/12/2024,CUST-1943,PROD-01,5,0.0,,12.72
ORD-13218,2025-10-17,CUST-1961,PROD-40,2,0.0,,7.92
ORD-13219,04-04-2025,CUST-1542,PROD-20,1,0.0,Credit Card,9.19
ORD-13220,2025-05-26,CUST-1470,PROD-24,1,0.1,Debit Card,17.46
ORD-13221,2025-12-04,CUST-1853,PROD-22,3,0.1,PayPal,4.04
ORD-13222,01-07-2024,CUST-1350,PROD-46,4,0.15,PayPal,6.3
ORD-13223,2024-09-12,CUST-1857,PROD-06,2,0.2,Debit Card,7.66
ORD-13224,2025-01-29,CUST-1975,PROD-40,3,0.1,Credit Card,15.52
ORD-13225,2024-02-21,CUST-1256,PROD-37,1,0.0,Store Credit,13.24
ORD-13226,2025-01-01,CUST-1137,PROD-05,1,0.2,PayPal,4.0
ORD-13227,2024-06-23,CUST-1500,PROD-22,4,0.15,Credit Card,18.48
ORD-13228,2024-12-11,CUST-1088,PROD-34,3,0.05,Credit Card,7.06
ORD-13229,2025-11-21,CUST-1749,PROD-01,3,0.15,Credit Card,9.25
ORD-13230,2025-03-17,CUST-1566,PROD-08,5,0.0,Debit Card,15.62
ORD-13231,2025-07-15,CUST-1338,PROD-12,3,0.15,PayPal,6.71
ORD-13232,08/21/2025,CUST-1106,PROD-42,5,0.15,,8.32
ORD-13233,2024-04-25,CUST-1770,PROD-06,5,0.05,Store Credit,18.41
ORD-13234,2025-08-18,CUST-1876,PROD-11,2,0.0,Credit Card,17.25
ORD-13235,2025-12-28,CUST-1912,PROD-03,5,0.15,Debit Card,15.22
ORD-13236,2025-03-22,CUST-1984,PROD-34,3,0.15,Debit Card,12.69
ORD-13237,2025-12-08,CUST-1963,PROD-39,4,0.1,Debit Card,19.18
ORD-13238,14-04-2024,CUST-1280,PROD-45,1,0.05,PayPal,16.72
ORD-13239,2024-04-26,CUST-1098,PROD-07,5,0.05,PayPal,7.47
ORD-13240,2025-01-02,CUST-1786,PROD-11,2,0.05,PayPal,12.68
ORD-13241,01/13/2024,CUST-1744,PROD-48,4,0.0,Store Credit,11.62
ORD-13242,2024-03-24,CUST-9999,PROD-11,500,0.0,Debit Card,7.94
ORD-13243,2024-09-16,CUST-1452,PROD-03,4,0.1,Credit Card,8.96
ORD-13244,2024-05-17,CUST-1668,PROD-41,5,0.15,Store Credit,14.23
ORD-13245,03/12/2025,CUST-1310,PROD-04,4,0.1,PayPal,5.19
ORD-13246,2025-04-04,CUST-1300,PROD-45,2,0.0,Credit Card,18.11
ORD-13247,01/14/2025,CUST-1690,PROD-49,4,0.0,Debit Card,16.76
ORD-13248,2024-05-20,CUST-1355,PROD-19,4,0.2,,13.47
ORD-13249,2024-07-31,CUST-1865,PROD-28,2,0.15,,9.1
ORD-13250,2024-07-08,CUST-1825,PROD-36,5,0.15,PayPal,18.52
ORD-13251,2025-10-25,CUST-1171,PROD-50,5,0.2,Store Credit,12.25
ORD-13252,04-05-2025,CUST-1041,PROD-18,2,0.05,Store Credit,16.36
ORD-13253,2024-08-24,CUST-1377,PROD-38,1,0.2,Store Credit,14.9
ORD-13254,2025-08-30,CUST-1196,PROD-21,4,0.2,Credit Card,9.53
ORD-13255,25-04-2025,CUST-9999,PROD-01,3,0.0,,12.82
ORD-13256,2024-10-31,CUST-1625,PROD-40,4,0.0,Debit Card,11.29
ORD-13257,2025-05-31,CUST-1129,PROD-50,5,0.0,Debit Card,18.58
ORD-13258,2025-01-02,CUST-1264,PROD-36,3,0.05,PayPal,6.6
ORD-13259,2025-01-14,CUST-1201,PROD-13,3,0.15,Credit Card,9.61
ORD-13260,2024-04-08,CUST-1706,PROD-23,1,0.0,,10.56
ORD-13261,2024-11-12,CUST-1882,PROD-28,3,0.2,,4.15
ORD-13262,12/09/2024,CUST-1504,PROD-16,2,0.0,PayPal,8.16
ORD-13263,03/05/2025,CUST-1515,PROD-30,1,0.2,PayPal,18.13
ORD-13264,2025-11-25,CUST-1559,PROD-08,1,0.1,Credit Card,18.18
ORD-13265,06/22/2025,CUST-1584,PROD-49,3,0.2,Store Credit,15.86
ORD-13266,11/23/2024,CUST-1123,PROD-05,4,0.2,Debit Card,19.16
ORD-13267,2025-03-09,CUST-1913,PROD-14,3,0.15,PayPal,7.81
ORD-13268,17-04-2024,CUST-9999,PROD-33,2,0.0,Store Credit,15.7
ORD-13269,12/08/2024,CUST-1266,PROD-44,1,0.0,,5.52
ORD-13270,2024-01-20,CUST-1561,PROD-24,1,0.0,PayPal,5.07
ORD-13271,2024-06-05,CUST-1025,PROD-35,1,0.0,,8.18
ORD-13272,2025-03-08,CUST-1482,PROD-35,2,0.0,Credit Card,8.49
ORD-13273,2025-09-13,CUST-1875,PROD-01,2,0.0,Debit Card,6.99
ORD-13274,2024-11-14,CUST-1742,PROD-14,2,0.0,Credit Card,10.57
ORD-13275,03/08/2024,CUST-1302,PROD-26,-2,0.0,Debit Card,5.76
ORD-13276,2024-05-04,CUST-1984,PROD-48,3,0.0,Credit Card,15.52
ORD-13277,2024-05-30,CUST-1238,PROD-39,4,0.2,Store Credit,6.08
ORD-13278,2024-03-28,CUST-1079,PROD-46,5,0.15,,12.86
ORD-13279,21-07-2025,CUST-1503,PROD-28,4,0.05,Credit Card,7.47
ORD-13280,2025-05-06,CUST-1809,PROD-14,1,0.15,,7.56
ORD-13281,2025-04-12,CUST-1043,PROD-18,2,0.0,Debit Card,9.77
ORD-13282,2025-08-24,CUST-1514,PROD-27,1,0.2,Store Credit,17.24
ORD-13283,2024-08-16,CUST-1921,PROD-44,5,0.2,Store Credit,16.45
ORD-13284,2025-11-24,CUST-1815,PROD-07,4,0.05,,9.29
ORD-13285,16-07-2024,CUST-1553,PROD-41,4,0.2,PayPal,4.52
ORD-13286,10/12/2024,CUST-1786,PROD-16,4,0.0,,9.05
ORD-13287,01-02-2024,CUST-1322,PROD-27,1,0.0,Credit Card,15.81
ORD-13288,2025-10-12,CUST-1470,PROD-36,2,0.0,Debit Card,9.73
ORD-13289,2025-10-26,CUST-1225,PROD-44,3,0.0,Store Credit,16.13
ORD-13290,06/12/2025,CUST-1467,PROD-30,5,0.15,,19.54
ORD-13291,24-08-2025,CUST-1733,PROD-47,1,0.0,Credit Card,11.28
ORD-13292,2024-05-23,CUST-1284,PROD-02,5,0.05,Store Credit,16.15
ORD-13293,10-03-2024,CUST-1303,PROD-26,4,0.05,Store Credit,12.59
ORD-13294,16-01-2024,CUST-1966,PROD-02,3,0.15,Store Credit,10.53
ORD-13295,2024-03-24,CUST-1280,PROD-10,2,0.05,Debit Card,17.17
ORD-13296,2025-05-24,CUST-1562,PROD-27,1,0.0,Credit Card,12.02
ORD-13297,04/22/2025,CUST-1161,PROD-21,1,0.2,Debit Card,14.54
ORD-13298,08/17/2024,CUST-1251,PROD-09,4,0.2,Store Credit,16.35
ORD-13299,02-08-2025,CUST-1674,PROD-17,1,0.0,Credit Card,8.16
ORD-13300,2024-08-21,CUST-1476,PROD-29,5,0.15,,6.27
ORD-13301,02/17/2025,CUST-1479,PROD-02,5,0.0,Credit Card,18.86
ORD-13302,2025-11-27,CUST-1437,PROD-50,2,0.0,PayPal,5.33
ORD-13303,27-09-2024,CUST-1836,PROD-24,1,0.0,Store Credit,9.87
ORD-13304,23-03-2024,CUST-1023,PROD-16,4,0.05,PayPal,15.65
ORD-13305,2024-06-07,CUST-1700,PROD-31,3,0.0,Store Credit,6.2
ORD-13306,04/03/2024,CUST-1211,PROD-08,3,0.05,Credit Card,14.18
ORD-13307,2024-04-26,CUST-1028,PROD-41,4,0.0,Store Credit,5.63
ORD-13308,2025-02-15,CUST-1803,PROD-03,2,0.0,Credit Card,19.63
ORD-13309,2024-11-12,CUST-1435,PROD-29,2,0.2,Debit Card,17.05
ORD-13310,2025-07-27,CUST-1794,PROD-28,4,0.0,Debit Card,14.68
ORD-13311,2025-09-28,CUST-1277,PROD-48,1,0.15,Debit Card,17.61
ORD-13312,2024-12-03,CUST-1793,PROD-21,2,0.1,,6.03
ORD-13313,2025-10-18,CUST-1110,PROD-18,5,0.2,Debit Card,19.47
ORD-13314,07/06/2024,CUST-1356,PROD-36,2,0.05,,4.89
ORD-13315,30-07-2024,CUST-1644,PROD-22,2,0.15,,4.47
ORD-13316,29-01-2024,CUST-1047,PROD-32,5,0.0,,14.97
ORD-13317,10/07/2025,CUST-1370,PROD-17,3,0.0,Debit Card,6.88
ORD-13318,12/21/2025,CUST-1495,PROD-17,3,0.15,Store Credit,8.22
ORD-13319,2025-08-24,CUST-1290,PROD-04,1,0.1,,12.5
ORD-13320,07-06-2025,CUST-1560,PROD-28,4,0.05,Debit Card,16.83
ORD-13321,2025-05-23,CUST-1908,PROD-36,3,0.2,Store Credit,4.32
ORD-13322,2024-04-13,CUST-1867,PROD-17,2,0.05,Debit Card,16.95
ORD-13323,12/28/2024,CUST-1045,PROD-06,1,0.15,,17.66
ORD-13324,2024-08-15,CUST-1259,PROD-30,5,0.0,Store Credit,19.23
ORD-13325,2025-01-04,CUST-1107,PROD-46,2,0.0,Store Credit,16.37
ORD-13326,2024-08-10,CUST-1846,PROD-15,5,0.05,PayPal,14.77
ORD-13327,2025-09-03,CUST-1971,PROD-18,4,0.15,,9.71
ORD-13328,03-12-2025,CUST-1806,PROD-32,3,0.15,Store Credit,15.6
ORD-13329,10-12-2024,CUST-1716,PROD-48,5,0.05,Store Credit,15.72
ORD-13330,2024-04-28,CUST-1744,PROD-07,3,0.2,PayPal,11.02
ORD-13331,2024-04-19,CUST-1149,PROD-44,1,0.0,PayPal,13.59
ORD-13332,2024-08-01,CUST-1133,PROD-31,4,0.1,Debit Card,15.36
ORD-13333,2025-11-13,CUST-1746,PROD-25,3,0.0,Credit Card,6.6
ORD-13334,2025-01-21,CUST-1126,PROD-02,2,0.2,PayPal,12.5
ORD-13335,2025-09-09,CUST-1666,PROD-19,3,0.15,Debit Card,6.71
ORD-13336,22-06-2025,CUST-1453,PROD-50,4,0.1,Store Credit,16.7
ORD-13337,2024-07-05,CUST-1716,PROD-17,2,0.2,Store Credit,7.09
ORD-13338,05/16/2024,CUST-1222,PROD-39,5,0.0,Credit Card,17.19
ORD-13339,2024-12-18,CUST-1389,PROD-01,2,0.0,Debit Card,7.09
ORD-13340,2025-10-05,CUST-1714,PROD-34,5,0.2,Store Credit,19.53
ORD-13341,2024-12-17,CUST-1370,PROD-23,1,0.0,Debit Card,6.89
ORD-13342,2025-07-27,CUST-1570,PROD-30,5,0.05,Credit Card,11.61
ORD-13343,08/02/2024,CUST-1871,PROD-15,2,0.15,Store Credit,19.81
ORD-13344,08-10-2024,CUST-1530,PROD-22,2,0.2,Store Credit,14.71
ORD-13345,2025-01-17,CUST-1714,PROD-02,4,0.15,Credit Card,3.99
ORD-13346,2024-03-01,CUST-1575,PROD-42,1,0.0,Credit Card,12.35
ORD-13347,2024-10-12,CUST-1659,PROD-45,4,0.0,PayPal,7.74
ORD-13348,03/18/2024,CUST-1929,PROD-50,5,0.2,Store Credit,19.13
ORD-13349,2024-04-27,CUST-1636,PROD-02,2,0.0,,12.4
ORD-13350,02/28/2024,CUST-1908,PROD-39,1,0.1,Debit Card,4.18
ORD-13351,2024-10-13,CUST-1025,PROD-04,5,0.1,Store Credit,14.38
ORD-13352,06/12/2025,CUST-1349,PROD-44,1,0.15,Debit Card,13.19
ORD-13353,2024-04-09,CUST-1634,PROD-29,2,0.1,Store Credit,13.94
ORD-13354,2025-11-24,CUST-1514,PROD-28,1,0.15,Credit Card,8.6
ORD-13355,2025-12-07,CUST-1991,PROD-15,3,0.2,Debit Card,18.6
ORD-13356,29-11-2025,CUST-1411,PROD-10,4,0.05,PayPal,18.86
ORD-13357,09/11/2025,CUST-1926,PROD-19,4,0.1,Debit Card,19.49
ORD-13358,2025-03-28,CUST-1689,PROD-45,5,0.2,Debit Card,12.52
ORD-13359,2025-04-02,CUST-1770,PROD-06,4,0.1,PayPal,19.64
ORD-13360,23-10-2024,CUST-1640,PROD-16,4,0.15,,18.27
ORD-13361,2024-08-09,CUST-1991,PROD-11,2,0.0,Store Credit,15.84
ORD-13362,2024-12-30,CUST-1151,PROD-17,4,0.15,Credit Card,8.32
ORD-13363,2024-01-03,CUST-1604,PROD-13,1,0.15,Store Credit,9.96
ORD-13364,2025-08-16,CUST-1714,PROD-38,1,0.0,PayPal,11.5
ORD-13365,01-08-2024,CUST-1121,PROD-10,4,0.0,Credit Card,6.46
ORD-13366,2024-09-12,CUST-1350,PROD-30,5,0.05,,5.83
ORD-13367,2024-08-27,CUST-1349,PROD-50,1,0.0,,12.62
ORD-13368,01/01/2024,CUST-1503,PROD-35,5,0.0,PayPal,4.48
ORD-13369,2024-10-02,CUST-1252,PROD-41,2,0.0,,12.24
ORD-13370,03/20/2025,CUST-1632,PROD-44,4,0.2,Store Credit,17.05
ORD-13371,01/29/2024,CUST-1437,PROD-03,3,0.1,Credit Card,17.3
ORD-13372,2024-09-02,CUST-1053,PROD-18,1,0.2,Store Credit,19.86
ORD-13373,2024-10-17,CUST-1085,PROD-43,4,0.0,,18.56
ORD-13374,2025-04-14,CUST-1929,PROD-23,4,0.05,Credit Card,15.81
ORD-13375,18-09-2024,CUST-1448,PROD-28,2,0.05,,15.58
ORD-13376,2024-11-10,CUST-1519,PROD-24,1,0.05,Credit Card,15.6
ORD-13377,2025-09-10,CUST-1429,PROD-14,5,0.0,Credit Card,14.12
ORD-13378,2024-05-19,CUST-1891,PROD-38,5,0.0,Credit Card,9.01
ORD-13379,2024-01-25,CUST-1126,PROD-14,2,0.2,Credit Card,8.62
ORD-13380,06-10-2024,CUST-1800,PROD-23,4,0.0,Debit Card,17.27
ORD-13381,2025-11-13,CUST-1476,PROD-42,4,0.0,Debit Card,9.04
ORD-13382,2025-07-15,CUST-1087,PROD-07,3,0.05,Store Credit,14.44
ORD-13383,18-05-2025,CUST-1969,PROD-29,4,0.05,Store Credit,15.5
ORD-13384,2025-01-29,CUST-1997,PROD-26,3,0.0,Credit Card,11.99
ORD-13385,12/16/2024,CUST-1447,PROD-20,3,0.0,Credit Card,11.85
ORD-13386,2024-03-04,CUST-1532,PROD-32,5,0.15,,11.79
ORD-13387,2024-05-27,CUST-1283,PROD-10,4,0.0,,9.78
ORD-13388,2024-02-11,CUST-1610,PROD-35,2,0.2,,10.9
ORD-13389,2025-12-03,CUST-1820,PROD-31,4,0.1,PayPal,13.34
ORD-13390,2024-09-08,CUST-1264,PROD-16,1,0.15,PayPal,19.99
ORD-13391,2024-09-01,CUST-1081,PROD-07,5,0.05,Credit Card,10.4
ORD-13392,2024-09-14,CUST-1536,PROD-32,2,0.2,Debit Card,9.68
ORD-13393,2025-08-06,CUST-1284,PROD-13,4,0.05,Debit Card,11.27
ORD-13394,2025-06-19,CUST-1464,PROD-37,2,0.2,,11.29
ORD-13395,2024-04-01,CUST-1993,PROD-26,5,0.1,PayPal,14.5
ORD-13396,07/27/2024,CUST-1825,PROD-37,5,0.1,Debit Card,5.08
ORD-13397,2025-10-31,CUST-1968,PROD-44,1,0.2,Credit Card,13.59
ORD-13398,20-08-2025,CUST-1939,PROD-48,3,0.1,,8.89
ORD-13399,2025-04-26,CUST-1607,PROD-13,5,0.05,PayPal,10.9
ORD-13400,01/05/2025,CUST-1605,PROD-30,4,0.15,,18.17
ORD-13401,2024-02-19,CUST-1135,PROD-42,4,0.0,,16.13
ORD-13402,11/26/2025,CUST-1877,PROD-47,2,0.0,PayPal,12.63
ORD-13403,2025-11-07,CUST-1132,PROD-08,3,0.2,Credit Card,13.14
ORD-13404,2025-10-11,CUST-1816,PROD-25,3,0.2,Debit Card,10.66
ORD-13405,2024-07-06,CUST-1345,PROD-28,2,0.15,PayPal,19.76
ORD-13406,2024-12-27,CUST-1194,PROD-47,2,0.05,PayPal,14.77
ORD-13407,03-04-2024,CUST-1055,PROD-42,3,0.15,,17.4
ORD-13408,2024-03-08,CUST-1063,PROD-10,5,0.05,PayPal,16.04
ORD-13409,2024-12-20,CUST-1015,PROD-49,5,0.0,PayPal,19.06
ORD-13410,2025-06-11,CUST-1963,PROD-37,4,0.0,PayPal,8.23
ORD-13411,2024-01-05,CUST-1089,PROD-02,1,0.1,Store Credit,5.53
ORD-13412,2025-07-24,CUST-1720,PROD-45,2,0.1,Store Credit,14.06
ORD-13413,2024-08-13,CUST-1264,PROD-29,4,0.0,Store Credit,9.7
ORD-13414,2024-08-18,CUST-1949,PROD-07,1,0.0,Store Credit,10.49
ORD-13415,2024-04-18,CUST-1595,PROD-14,5,0.2,PayPal,13.71
ORD-13416,2024-07-02,CUST-1143,PROD-05,1,0.0,Debit Card,17.28
ORD-13417,2024-08-15,CUST-1448,PROD-11,5,0.15,Debit Card,12.06
ORD-13418,10/21/2024,CUST-1221,PROD-46,5,0.0,PayPal,13.64
ORD-13419,09/10/2025,CUST-1942,PROD-08,1,0.0,Store Credit,9.54
ORD-13420,2024-09-05,CUST-1323,PROD-30,1,0.05,PayPal,5.34
ORD-13421,2024-04-01,CUST-1182,PROD-03,4,0.2,Debit Card,13.56
ORD-13422,2024-02-16,CUST-1258,PROD-13,2,0.1,Debit Card,8.63
ORD-13423,08/03/2024,CUST-1577,PROD-27,3,0.0,PayPal,15.03
ORD-13424,2025-12-25,CUST-1645,PROD-10,4,0.1,,7.81
ORD-13425,2024-06-09,CUST-1643,PROD-33,4,0.15,Debit Card,14.69
ORD-13426,2024-04-18,CUST-1193,PROD-35,2,0.0,Credit Card,4.69
ORD-13427,14-02-2024,CUST-1217,PROD-41,3,0.15,Store Credit,14.32
ORD-13428,02-05-2025,CUST-1291,PROD-26,4,0.0,Store Credit,6.64
ORD-13429,2025-11-04,CUST-1029,PROD-16,4,0.2,PayPal,7.51
ORD-13430,2025-12-29,CUST-1665,PROD-49,5,0.05,Credit Card,9.34
ORD-13431,02/24/2025,CUST-1477,PROD-21,3,0.0,,9.85
ORD-13432,2025-05-26,CUST-1368,PROD-46,3,0.15,Store Credit,9.23
ORD-13433,2025-02-25,CUST-1656,PROD-50,2,0.2,PayPal,11.15
ORD-13434,2024-11-18,CUST-1405,PROD-48,3,0.2,PayPal,5.4
ORD-13435,2025-07-31,,PROD-09,3,0.05,Debit Card,11.67
ORD-13436,2025-08-24,CUST-1203,PROD-30,2,0.1,Store Credit,10.6
ORD-13437,2024-10-06,CUST-1440,PROD-20,2,0.15,Store Credit,4.73
ORD-13438,2024-03-20,CUST-1184,PROD-38,1,0.0,,16.46
ORD-13439,2025-01-05,CUST-1914,PROD-43,2,0.0,,14.2
ORD-13440,2024-02-03,CUST-9999,PROD-43,3,0.15,Store Credit,18.35
ORD-13441,2025-07-24,CUST-1443,PROD-44,5,0.05,PayPal,13.65
ORD-13442,2025-07-12,CUST-1676,PROD-43,4,0.1,Store Credit,14.98
ORD-13443,2024-01-25,,PROD-33,3,0.1,Store Credit,19.68
ORD-13444,2025-01-21,CUST-1228,PROD-28,1,0.2,,14.13
ORD-13445,2024-08-03,CUST-1900,PROD-44,1,0.15,Debit Card,9.36
ORD-13446,2024-07-04,CUST-1170,PROD-37,2,0.1,Store Credit,13.04
ORD-13447,2024-05-29,CUST-1147,PROD-21,2,0.1,PayPal,14.1
ORD-13448,11/07/2024,CUST-1944,PROD-35,5,0.2,PayPal,11.57
ORD-13449,02/26/2024,CUST-1182,PROD-13,2,0.05,Debit Card,17.99
ORD-13450,2025-03-16,CUST-1362,PROD-07,3,0.15,Store Credit,5.38
ORD-13451,19-02-2024,CUST-1406,PROD-11,5,0.1,,15.12
ORD-13452,27-04-2025,CUST-1174,PROD-18,5,0.05,Credit Card,16.05
ORD-13453,27-11-2025,CUST-1693,PROD-40,5,0.1,,15.31
ORD-13454,03/03/2025,CUST-1307,PROD-18,5,0.15,PayPal,15.12
ORD-13455,08/28/2024,CUST-1558,PROD-02,5,0.2,PayPal,8.28
ORD-13456,2025-03-06,CUST-1661,PROD-14,4,0.15,PayPal,14.1
ORD-13457,2025-09-16,CUST-1795,PROD-44,2,0.0,Credit Card,10.16
ORD-13458,2024-04-08,CUST-1032,PROD-01,2,0.15,Credit Card,9.81
ORD-13459,2024-08-09,CUST-1834,PROD-26,2,0.2,Credit Card,8.65
ORD-13460,2024-01-05,CUST-1172,PROD-32,2,0.0,,13.51
ORD-13461,2025-03-12,CUST-1116,PROD-12,5,0.0,PayPal,5.55
ORD-13462,2025-04-12,CUST-1926,PROD-37,1,0.0,Credit Card,15.03
ORD-13463,2025-11-02,CUST-9999,PROD-48,4,0.1,Debit Card,17.48
ORD-13464,08/05/2024,CUST-1302,PROD-20,3,0.0,,18.54
ORD-13465,2025-05-07,CUST-1321,PROD-19,3,0.1,,5.83
ORD-13466,21-04-2025,CUST-1733,PROD-45,1,0.0,Store Credit,6.24
ORD-13467,09-07-2024,CUST-1055,PROD-03,5,0.0,,18.92
ORD-13468,2024-07-25,CUST-1657,PROD-08,2,0.0,Credit Card,10.08
ORD-13469,2025-11-28,CUST-1615,PROD-46,3,0.2,Credit Card,12.73
ORD-13470,2024-05-22,CUST-1192,PROD-46,2,0.05,PayPal,14.48
ORD-13471,13-02-2024,CUST-1115,PROD-07,5,0.05,Debit Card,6.64
ORD-13472,2024-08-08,CUST-1696,PROD-02,1,0.1,Store Credit,12.08
ORD-13473,04/25/2024,CUST-9999,PROD-30,5,0.1,PayPal,19.24
ORD-13474,2024-01-08,CUST-1194,PROD-33,3,0.0,Store Credit,11.07
ORD-13475,2024-01-17,CUST-1588,PROD-20,3,0.0,Credit Card,8.52
ORD-13476,2025-11-20,CUST-1080,PROD-39,1,0.0,Debit Card,4.43
ORD-13477,11/26/2024,CUST-1266,PROD-33,5,0.05,Store Credit,18.86
ORD-13478,2025-04-02,CUST-1517,PROD-17,5,0.1,Credit Card,15.73
ORD-13479,2025-07-26,CUST-1025,PROD-42,3,0.2,Debit Card,17.28
ORD-13480,13-12-2024,CUST-1336,PROD-46,1,0.1,PayPal,11.06
ORD-13481,2025-04-10,CUST-9999,PROD-16,2,0.15,PayPal,13.03
ORD-13482,04/30/2024,CUST-1242,PROD-09,500,0.0,Credit Card,16.01
ORD-13483,03/05/2024,CUST-1438,PROD-13,5,0.0,Credit Card,18.16
ORD-13484,2025-09-02,CUST-1311,PROD-03,1,0.0,Store Credit,14.2
ORD-13485,10/06/2024,CUST-1080,PROD-47,1,0.2,Store Credit,8.33
ORD-13486,26-12-2024,CUST-1581,PROD-28,5,0.1,PayPal,14.08
ORD-13487,2024-04-01,CUST-1813,PROD-17,4,0.2,,4.39
ORD-13488,2025-10-11,CUST-1963,PROD-16,5,0.0,,4.99
ORD-13489,2024-05-07,CUST-1865,PROD-18,3,0.2,Store Credit,11.99
ORD-13490,2025-12-12,CUST-1924,PROD-05,3,0.0,Debit Card,13.02
ORD-13491,2024-01-30,CUST-1157,PROD-07,3,0.05,Credit Card,18.9
ORD-13492,05/09/2025,CUST-1818,PROD-03,2,0.2,PayPal,12.87
ORD-13493,09/14/2024,CUST-1236,PROD-20,2,0.1,Store Credit,14.5
ORD-13494,11/26/2024,CUST-1061,PROD-40,5,0.2,PayPal,12.5
ORD-13495,2025-06-20,CUST-1242,PROD-24,4,0.0,Store Credit,19.31
ORD-13496,2025-09-26,CUST-1221,PROD-41,4,0.2,Credit Card,6.6
ORD-13497,2024-09-18,CUST-1249,PROD-37,4,0.0,,16.79
ORD-13498,11/11/2024,CUST-1293,PROD-18,4,0.0,,12.91
ORD-13499,11/22/2024,CUST-1694,PROD-23,2,0.15,Credit Card,12.84
ORD-13500,2025-07-20,CUST-1171,PROD-10,3,0.0,PayPal,17.7
ORD-13501,04-01-2024,CUST-1058,PROD-07,2,0.0,Debit Card,16.46
ORD-13502,2024-04-29,CUST-1095,PROD-24,2,0.05,Debit Card,6.82
ORD-13503,2025-03-01,CUST-1890,PROD-34,2,0.0,PayPal,9.82
ORD-13504,2024-02-02,CUST-1372,PROD-46,3,0.0,Debit Card,17.93
ORD-13505,2024-05-30,CUST-1348,PROD-17,3,0.05,,9.31
ORD-13506,2025-10-18,CUST-1083,PROD-41,3,0.0,Debit Card,10.05
ORD-13507,2025-06-01,CUST-1166,PROD-40,4,0.05,Store Credit,14.26
ORD-13508,26-06-2024,CUST-1296,PROD-12,5,0.1,PayPal,8.04
ORD-13509,2024-07-28,CUST-1637,PROD-40,4,0.05,,16.98
ORD-13510,2025-01-03,CUST-1476,PROD-21,3,0.05,Credit Card,16.74
ORD-13511,08/13/2024,CUST-1583,PROD-12,2,0.0,Debit Card,19.32
ORD-13512,2025-07-25,CUST-1202,PROD-05,5,0.0,PayPal,8.01
ORD-13513,03-11-2024,CUST-1490,PROD-35,4,0.0,Debit Card,7.28
ORD-13514,18-02-2024,CUST-1944,PROD-18,1,0.1,Store Credit,15.77
ORD-13515,2025-08-27,CUST-1387,PROD-39,2,0.2,Store Credit,18.6
ORD-13516,2025-09-13,CUST-1819,PROD-05,4,0.15,Credit Card,10.16
ORD-13517,2024-01-10,CUST-1273,PROD-29,5,0.0,Credit Card,5.71
ORD-13518,2024-06-17,CUST-1196,PROD-06,1,0.05,Credit Card,6.99
ORD-13519,2025-05-07,CUST-1636,PROD-35,5,0.0,PayPal,5.8
ORD-13520,2024-06-25,CUST-1082,PROD-17,5,0.15,Debit Card,6.25
ORD-13521,02/07/2024,CUST-1782,PROD-25,4,0.15,Debit Card,6.61
ORD-13522,2024-03-04,CUST-1285,PROD-18,4,0.0,Store Credit,7.56
ORD-13523,2025-05-15,CUST-1547,PROD-28,3,0.15,Debit Card,6.7
ORD-13524,22-12-2025,CUST-1614,PROD-46,3,0.1,Debit Card,14.55
ORD-13525,2025-12-15,CUST-1920,PROD-32,5,0.15,PayPal,13.48
ORD-13526,2024-01-30,CUST-1589,PROD-31,5,0.2,,17.57
ORD-13527,2024-08-01,CUST-1481,PROD-20,1,0.0,Debit Card,13.38
ORD-13528,2025-09-11,CUST-1106,PROD-21,-2,0.05,PayPal,13.11
ORD-13529,2024-08-30,CUST-1760,PROD-02,5,0.05,,14.11
ORD-13530,2025-09-25,CUST-1734,PROD-01,4,0.0,Debit Card,8.91
ORD-13531,24-04-2025,CUST-1929,PROD-32,1,0.0,Credit Card,4.9
ORD-13532,2025-05-27,CUST-1680,PROD-09,3,0.0,,4.36
ORD-13533,05/13/2024,CUST-1301,PROD-04,5,0.2,PayPal,9.14
ORD-13534,2025-01-17,CUST-1284,PROD-42,4,0.2,,9.28
ORD-13535,04/02/2025,CUST-1699,PROD-24,3,0.1,PayPal,11.76
ORD-13536,2024-09-15,CUST-1745,PROD-23,2,0.05,Credit Card,6.72
ORD-13537,04-12-2024,CUST-1850,PROD-19,5,0.2,Credit Card,5.31
ORD-13538,05/18/2025,CUST-1873,PROD-11,5,0.2,PayPal,13.93
ORD-13539,2025-07-30,CUST-1439,PROD-21,2,0.15,Store Credit,11.93
ORD-13540,11/25/2025,CUST-1578,PROD-40,1,0.0,,9.42
ORD-13541,2024-02-08,CUST-1269,PROD-49,5,0.2,Credit Card,19.05
ORD-13542,2024-10-16,CUST-1328,PROD-31,2,0.2,,9.44
ORD-13543,25-12-2025,CUST-1623,PROD-31,2,0.05,PayPal,13.83
ORD-13544,2025-03-03,CUST-1445,PROD-48,3,0.0,,9.66
ORD-13545,2024-01-23,CUST-1270,PROD-27,5,0.15,Store Credit,12.4
ORD-13546,2024-07-12,CUST-1667,PROD-25,5,0.0,PayPal,15.05
ORD-13547,2024-02-12,CUST-1628,PROD-05,4,0.0,PayPal,7.23
ORD-13548,2025-11-24,CUST-1383,PROD-19,5,0.2,Debit Card,7.99
ORD-13549,10/30/2025,CUST-1681,PROD-12,5,0.0,Credit Card,7.55
ORD-13550,2025-07-20,CUST-1701,PROD-05,2,0.1,Store Credit,15.59
ORD-13551,2025-02-27,CUST-1475,PROD-30,4,0.05,Store Credit,10.03
ORD-13552,2024-12-31,CUST-1907,PROD-04,5,0.0,,9.28
ORD-13553,2025-12-13,CUST-1757,PROD-47,1,0.0,Store Credit,13.98
ORD-13554,2025-08-10,CUST-1843,PROD-04,2,0.0,PayPal,7.01
ORD-13555,2024-03-25,CUST-1072,PROD-20,5,0.05,Debit Card,15.94
ORD-13556,2024-01-30,CUST-1257,PROD-02,4,0.0,Store Credit,11.03
ORD-13557,2024-04-18,CUST-9999,PROD-48,3,0.15,Store Credit,10.98
ORD-13558,19-04-2024,CUST-1431,PROD-19,2,0.2,Debit Card,14.56
ORD-13559,2025-04-09,CUST-1593,PROD-30,2,0.15,Debit Card,4.85
ORD-13560,2025-08-03,CUST-1173,PROD-23,1,0.0,PayPal,15.84
ORD-13561,2025-01-04,CUST-1474,PROD-50,3,0.15,PayPal,12.58
ORD-13562,27-06-2025,CUST-1916,PROD-06,5,0.05,,9.72
ORD-13563,2024-03-25,CUST-1640,PROD-38,5,0.05,Debit Card,17.37
ORD-13564,2025-02-07,CUST-1306,PROD-28,3,0.0,PayPal,17.18
ORD-13565,2024-01-07,CUST-1380,PROD-11,2,0.2,,10.0
ORD-13566,2025-07-05,CUST-1912,PROD-01,5,0.15,Store Credit,16.18
ORD-13567,2025-09-05,CUST-1128,PROD-44,4,0.0,,14.86
ORD-13568,2024-08-21,CUST-1658,PROD-22,2,0.15,Credit Card,4.91
ORD-13569,2025-12-08,CUST-1496,PROD-46,4,0.0,Debit Card,15.21
ORD-13570,2025-03-09,CUST-1424,PROD-07,3,0.0,Store Credit,13.39
ORD-13571,05/10/2024,CUST-1395,PROD-18,3,0.0,Store Credit,9.51
ORD-13572,2025-10-25,CUST-1944,PROD-43,2,0.15,Store Credit,11.83
ORD-13573,2025-05-29,CUST-1364,PROD-44,4,0.15,,5.11
ORD-13574,01/02/2025,CUST-1333,PROD-24,4,0.0,Store Credit,10.62
ORD-13575,19-08-2025,CUST-9999,PROD-37,2,0.1,Debit Card,10.51
ORD-13576,2024-01-15,CUST-1322,PROD-08,1,0.0,PayPal,7.3
ORD-13577,2024-12-08,CUST-1135,PROD-17,1,0.15,PayPal,9.96
ORD-13578,2025-09-13,CUST-1084,PROD-10,4,0.15,Store Credit,17.52
ORD-13579,2024-11-15,CUST-1899,PROD-25,5,0.05,,11.7
ORD-13580,2025-06-03,CUST-9999,PROD-48,5,0.1,PayPal,4.93
ORD-13581,2024-06-14,CUST-1726,PROD-14,2,0.0,Debit Card,17.01
ORD-13582,2024-03-21,CUST-1005,PROD-08,3,0.1,,18.66
ORD-13583,2024-01-11,CUST-1997,PROD-07,1,0.15,,17.79
ORD-13584,2024-09-06,CUST-1018,PROD-34,3,0.0,Store Credit,4.06
ORD-13585,2024-06-02,CUST-1194,PROD-23,2,0.2,Debit Card,11.84
ORD-13586,2025-01-17,CUST-1171,PROD-50,3,0.0,Credit Card,16.78
ORD-13587,01/09/2024,CUST-1223,PROD-48,2,0.0,PayPal,16.03
ORD-13588,11/11/2024,CUST-1456,PROD-20,4,0.0,Debit Card,6.03
ORD-13589,08/22/2024,CUST-1083,PROD-08,2,0.0,PayPal,17.35
ORD-13590,2025-07-07,CUST-1878,PROD-44,5,0.05,,14.65
ORD-13591,26-02-2025,CUST-1576,PROD-22,1,0.2,Credit Card,5.49
ORD-13592,2024-06-16,CUST-1497,PROD-39,2,0.2,Store Credit,10.77
ORD-13593,2025-02-06,CUST-1962,PROD-40,2,0.15,Credit Card,14.39
ORD-13594,2024-06-11,CUST-1596,PROD-33,1,0.0,PayPal,19.62
ORD-13595,2025-05-18,CUST-1684,PROD-43,1,0.0,Store Credit,9.77
ORD-13596,2024-12-19,CUST-1761,PROD-07,2,0.2,Debit Card,15.82
ORD-13597,05/09/2024,CUST-1706,PROD-22,1,0.15,Debit Card,4.75
ORD-13598,2024-09-12,CUST-1466,PROD-36,1,0.0,Store Credit,9.27
ORD-13599,10/17/2024,CUST-1815,PROD-35,5,0.05,PayPal,16.78
ORD-13600,05-09-2025,CUST-1515,PROD-11,1,0.05,Credit Card,8.41
ORD-13601,2025-04-23,CUST-1589,PROD-06,1,0.1,Debit Card,11.04
ORD-13602,2024-12-20,CUST-1171,PROD-09,4,0.0,,14.48
ORD-13603,2025-11-03,CUST-1683,PROD-02,2,0.15,Debit Card,12.98
ORD-13604,2024-09-26,CUST-1688,PROD-48,3,0.1,Store Credit,17.33
ORD-13605,02/23/2025,CUST-1903,PROD-16,5,0.1,Debit Card,14.0
ORD-13606,01/17/2024,CUST-1938,PROD-03,5,0.0,Debit Card,13.5
ORD-13607,02/13/2025,CUST-1146,PROD-14,3,0.15,PayPal,10.13
ORD-13608,16-01-2024,CUST-1292,PROD-06,4,0.0,Store Credit,10.12
ORD-13609,07/29/2025,CUST-1420,PROD-03,4,0.15,Credit Card,19.91
ORD-13610,2025-03-24,CUST-1030,PROD-15,2,0.15,,5.59
ORD-13611,2024-03-09,CUST-1592,PROD-40,4,0.1,PayPal,11.08
ORD-13612,2024-01-18,CUST-1303,PROD-50,2,0.1,Debit Card,10.72
ORD-13613,2024-01-01,CUST-1645,PROD-45,-2,0.1,Debit Card,11.84
ORD-13614,10/20/2024,CUST-1604,PROD-27,1,0.05,Debit Card,10.25
ORD-13615,2025-04-06,CUST-1402,PROD-17,1,0.15,Debit Card,8.32
ORD-13616,11-03-2025,CUST-1508,PROD-48,1,0.05,,19.48
ORD-13617,2025-03-15,CUST-1165,PROD-22,1,0.0,,16.8
ORD-13618,03/08/2025,CUST-1324,PROD-18,5,0.0,Credit Card,13.01
ORD-13619,2025-06-12,CUST-1093,PROD-50,1,0.05,,16.59
ORD-13620,2024-01-14,CUST-1594,PROD-43,1,0.1,PayPal,12.29
ORD-13621,2024-11-23,CUST-1777,PROD-46,3,0.2,Store Credit,8.52
ORD-13622,02/15/2025,CUST-1588,PROD-41,5,0.15,Debit Card,5.66
ORD-13623,2024-04-19,CUST-1590,PROD-25,5,0.0,PayPal,5.74
ORD-13624,2024-01-14,CUST-1677,PROD-35,2,0.05,Credit Card,5.65
ORD-13625,2025-08-19,CUST-1362,PROD-39,1,0.15,Debit Card,6.65
ORD-13626,2025-08-14,CUST-1322,PROD-37,5,0.2,,4.57
ORD-13627,2025-11-30,CUST-1253,PROD-36,4,0.2,Store Credit,19.79
ORD-13628,02/02/2025,CUST-1648,PROD-25,5,0.15,Debit Card,18.33
ORD-13629,13-03-2024,CUST-1852,PROD-20,2,0.15,,17.08
ORD-13630,2025-04-26,CUST-1294,PROD-19,2,0.0,,5.59
ORD-13631,2024-07-20,CUST-1775,PROD-37,5,0.2,Store Credit,15.28
ORD-13632,2024-07-03,CUST-1523,PROD-11,4,0.0,Debit Card,18.92
ORD-13633,2025-07-26,CUST-1228,PROD-15,1,0.0,Store Credit,12.14
ORD-13634,2024-02-27,CUST-1416,PROD-29,5,0.0,,12.83
ORD-13635,05/18/2024,CUST-1061,PROD-10,4,0.05,Store Credit,8.31
ORD-13636,2025-01-01,CUST-1191,PROD-16,1,0.0,Store Credit,4.2
ORD-13637,2025-03-24,CUST-1609,PROD-42,5,0.1,PayPal,10.04
ORD-13638,12/15/2024,CUST-1194,PROD-26,4,0.1,Debit Card,15.16
ORD-13639,2024-04-07,CUST-1235,PROD-29,2,0.05,Store Credit,15.5
ORD-13640,2024-10-31,CUST-1531,PROD-35,3,0.0,Store Credit,14.47
ORD-13641,2025-09-10,CUST-1116,PROD-34,1,0.0,Credit Card,9.02
ORD-13642,2025-03-19,CUST-1238,PROD-35,1,0.05,Store Credit,10.84
ORD-13643,2025-03-06,CUST-1378,PROD-04,5,0.0,,12.7
ORD-13644,05/31/2025,CUST-9999,PROD-38,4,0.05,Credit Card,6.83
ORD-13645,2025-05-11,CUST-1053,PROD-16,3,0.2,Debit Card,10.02
ORD-13646,2025-12-05,CUST-1554,PROD-37,3,0.15,Debit Card,6.2
ORD-13647,2024-11-24,CUST-1325,PROD-22,5,0.2,PayPal,10.43
ORD-13648,2025-07-02,CUST-1208,PROD-11,2,0.1,Credit Card,10.03
ORD-13649,2025-11-12,CUST-1792,PROD-11,5,0.2,Store Credit,13.27
ORD-13650,18-04-2025,CUST-1428,PROD-47,2,0.2,Store Credit,4.38
ORD-13651,2025-12-01,CUST-1286,PROD-31,4,0.2,PayPal,10.6
ORD-13652,2024-04-08,CUST-1941,PROD-08,2,0.0,,19.21
ORD-13653,04/02/2024,CUST-1180,PROD-45,5,0.2,Credit Card,17.86
ORD-13654,2025-02-05,CUST-1594,PROD-17,1,0.15,Debit Card,8.38
ORD-13655,2025-01-11,CUST-1628,PROD-11,5,0.0,Credit Card,8.17
ORD-13656,2024-01-04,CUST-1412,PROD-15,2,0.15,PayPal,10.89
ORD-13657,2024-07-14,CUST-1628,PROD-01,4,0.15,,19.21
ORD-13658,2025-01-03,CUST-1813,PROD-33,4,0.2,PayPal,5.47
ORD-13659,05/31/2024,CUST-1062,PROD-34,5,0.1,,9.01
ORD-13660,26-10-2024,CUST-1449,PROD-25,5,0.15,PayPal,7.36
ORD-13661,2025-08-13,CUST-1450,PROD-12,3,0.1,Store Credit,18.92
ORD-13662,2025-11-11,CUST-1407,PROD-13,5,0.05,Store Credit,4.66
ORD-13663,2025-04-25,CUST-1914,PROD-10,1,0.0,PayPal,15.21
ORD-13664,2025-02-18,CUST-1846,PROD-19,4,0.05,,5.28
ORD-13665,2024-04-02,CUST-9999,PROD-17,2,0.2,Credit Card,7.65
ORD-13666,2024-04-07,CUST-1101,PROD-25,4,0.1,PayPal,19.75
ORD-13667,2024-05-27,CUST-1326,PROD-20,1,0.15,Debit Card,11.25
ORD-13668,2025-01-22,CUST-1361,PROD-05,1,0.2,Credit Card,12.17
ORD-13669,2025-06-23,CUST-1749,PROD-50,1,0.2,Credit Card,6.91
ORD-13670,02-02-2025,CUST-1606,PROD-02,4,0.05,,14.55
ORD-13671,2024-07-23,CUST-1109,PROD-47,2,0.05,Debit Card,5.15
ORD-13672,2024-01-25,CUST-1559,PROD-35,4,0.0,PayPal,18.54
ORD-13673,2025-03-16,CUST-1934,PROD-44,2,0.15,,7.11
ORD-13674,09/29/2024,CUST-1015,PROD-30,1,0.2,Credit Card,14.98
ORD-13675,2024-06-24,CUST-1173,PROD-16,1,0.05,Credit Card,17.44
ORD-13676,2025-03-20,CUST-1348,PROD-15,2,0.0,Store Credit,16.21
ORD-13677,2024-09-17,CUST-1366,PROD-17,1,0.0,,18.7
ORD-13678,2025-07-19,CUST-1777,PROD-38,1,0.0,,19.32
ORD-13679,2025-07-16,CUST-1186,PROD-04,3,0.0,Credit Card,17.51
ORD-13680,2025-02-05,CUST-1835,PROD-11,4,0.0,Debit Card,19.43
ORD-13681,12/01/2024,CUST-1234,PROD-46,5,0.0,PayPal,18.19
ORD-13682,2024-10-29,CUST-1988,PROD-45,3,0.0,PayPal,11.77
ORD-13683,2025-09-06,CUST-1997,PROD-16,5,0.05,Debit Card,4.75
ORD-13684,11/26/2025,CUST-1403,PROD-23,5,0.15,,8.25
ORD-13685,07/29/2025,CUST-1020,PROD-13,1,0.15,Store Credit,14.24
ORD-13686,2024-04-08,CUST-1252,PROD-09,1,0.15,Debit Card,16.98
ORD-13687,06-12-2024,CUST-1279,PROD-43,4,0.2,Credit Card,9.34
ORD-13688,01/29/2024,CUST-1129,PROD-14,2,0.0,Credit Card,13.82
ORD-13689,2025-05-09,CUST-1587,PROD-45,1,0.2,Credit Card,11.54
ORD-13690,11-05-2025,CUST-1011,PROD-02,3,0.05,Store Credit,12.44
ORD-13691,2025-05-31,CUST-1543,PROD-26,4,0.0,Store Credit,8.69
ORD-13692,2024-10-11,CUST-1969,PROD-01,2,0.1,Store Credit,15.66
ORD-13693,10/26/2024,CUST-1270,PROD-07,5,0.0,,4.02
ORD-13694,2025-03-22,CUST-1655,PROD-10,2,0.15,,13.99
ORD-13695,2024-01-05,CUST-1793,PROD-24,1,0.0,Store Credit,13.71
ORD-13696,2025-12-26,,PROD-24,4,0.1,,8.62
ORD-13697,26-07-2025,CUST-1759,PROD-07,4,0.1,,5.1
ORD-13698,2024-11-18,CUST-1567,PROD-05,2,0.1,Store Credit,18.17
ORD-13699,2024-06-09,CUST-1528,PROD-15,2,0.0,PayPal,19.29
ORD-13700,2025-01-01,CUST-1759,PROD-45,4,0.0,,14.45
ORD-13701,2024-12-20,CUST-1573,PROD-30,3,0.2,Credit Card,5.48
ORD-13702,2024-09-17,CUST-1856,PROD-47,3,0.05,Store Credit,7.22
ORD-13703,2025-10-31,CUST-1283,PROD-49,5,0.0,,19.72
ORD-13704,2025-04-14,CUST-1374,PROD-25,3,0.15,Store Credit,19.12
ORD-13705,2024-08-26,CUST-1952,PROD-03,3,0.0,Debit Card,11.51
ORD-13706,2025-02-15,CUST-1595,PROD-07,5,0.2,Credit Card,8.68
ORD-13707,04/22/2024,CUST-1905,PROD-21,3,0.0,Credit Card,11.57
ORD-13708,06/14/2024,CUST-1515,PROD-43,4,0.2,Store Credit,16.82
ORD-13709,11/24/2025,CUST-1591,PROD-38,3,0.15,Store Credit,6.89
ORD-13710,2025-02-24,CUST-1122,PROD-03,3,0.1,,18.67
ORD-13711,2025-03-05,CUST-1964,PROD-10,4,0.2,PayPal,12.78
ORD-13712,2024-03-09,CUST-1789,PROD-38,2,0.1,,13.97
ORD-13713,2025-06-30,CUST-1169,PROD-17,5,0.0,,18.06
ORD-13714,2024-01-27,CUST-1737,PROD-45,5,0.05,Debit Card,7.08
ORD-13715,2024-08-20,CUST-1220,PROD-30,2,0.0,,9.12
ORD-13716,2025-08-02,CUST-1505,PROD-08,5,0.05,Debit Card,12.75
ORD-13717,2024-04-07,CUST-1005,PROD-04,3,0.0,Store Credit,9.9
ORD-13718,2024-02-16,CUST-1126,PROD-04,3,0.0,Store Credit,16.29
ORD-13719,2025-09-13,CUST-1537,PROD-48,5,0.15,Debit Card,15.98
ORD-13720,2024-11-08,CUST-1761,PROD-18,5,0.2,Store Credit,13.2
ORD-13721,2025-09-05,CUST-1118,PROD-42,4,0.2,PayPal,16.99
ORD-13722,2025-02-21,CUST-1283,PROD-29,3,0.15,Store Credit,17.37
ORD-13723,20-12-2025,CUST-1745,PROD-16,4,0.0,Credit Card,17.42
ORD-13724,2024-11-26,CUST-1713,PROD-10,5,0.0,Store Credit,15.08
ORD-13725,2025-05-22,CUST-1200,PROD-46,1,0.1,Debit Card,18.84
ORD-13726,2025-12-18,CUST-1947,PROD-11,1,0.0,Debit Card,5.92
ORD-13727,2024-04-11,CUST-1507,PROD-30,4,0.0,Store Credit,5.76
ORD-13728,08-06-2024,CUST-1724,PROD-48,1,0.1,Store Credit,7.4
ORD-13729,2024-11-29,CUST-1780,PROD-19,4,0.0,,15.52
ORD-13730,2024-01-25,CUST-1561,PROD-41,4,0.1,Store Credit,6.16
ORD-13731,06/20/2024,CUST-1148,PROD-48,2,0.0,Store Credit,14.24
ORD-13732,2024-08-25,CUST-1317,PROD-27,4,0.0,Debit Card,10.69
ORD-13733,2024-10-16,CUST-1913,PROD-33,1,0.2,PayPal,10.96
ORD-13734,2024-01-22,CUST-1328,PROD-46,3,0.0,PayPal,10.28
ORD-13735,2024-03-07,CUST-1639,PROD-31,2,0.0,Credit Card,17.04
ORD-13736,2025-12-30,CUST-1416,PROD-21,1,0.05,PayPal,15.76
ORD-13737,2024-07-02,CUST-1668,PROD-08,4,0.15,Debit Card,7.53
ORD-13738,08/17/2024,CUST-1513,PROD-48,1,0.1,,14.64
ORD-13739,2025-01-09,CUST-2000,PROD-34,3,0.1,PayPal,6.98
ORD-13740,2024-08-16,CUST-1878,PROD-36,5,0.1,Debit Card,9.7
ORD-13741,2025-01-16,CUST-1123,PROD-02,3,0.2,Debit Card,19.7
ORD-13742,2024-01-09,CUST-1638,PROD-24,4,0.15,Store Credit,18.22
ORD-13743,2024-09-30,CUST-1196,PROD-22,5,0.15,,13.42
ORD-13744,2025-11-02,CUST-1575,PROD-26,4,0.0,Debit Card,10.88
ORD-13745,2024-02-05,CUST-1682,PROD-23,1,0.1,,17.95
ORD-13746,2025-04-02,CUST-1887,PROD-38,5,0.05,,9.34
ORD-13747,03/09/2024,CUST-1822,PROD-13,3,0.05,,14.33
ORD-13748,2025-11-16,CUST-9999,PROD-28,1,0.0,Debit Card,10.66
ORD-13749,2024-04-01,CUST-1079,PROD-21,4,0.05,PayPal,6.41
ORD-13750,2024-05-24,CUST-1268,PROD-50,5,0.0,Credit Card,5.71
ORD-13751,2025-06-24,CUST-1738,PROD-29,5,0.15,Debit Card,4.69
ORD-13752,2025-07-22,,PROD-17,3,0.15,Credit Card,16.94
ORD-13753,2025-02-15,CUST-1949,PROD-39,1,0.15,Credit Card,9.17
ORD-13754,07/08/2025,CUST-1013,PROD-22,5,0.0,,5.92
ORD-13755,2024-01-17,CUST-1860,PROD-02,1,0.15,Credit Card,15.11
ORD-13756,2024-02-19,CUST-9999,PROD-46,5,0.2,Store Credit,16.96
ORD-13757,2025-08-28,CUST-1985,PROD-07,1,0.0,Store Credit,15.22
ORD-13758,2025-08-05,CUST-1141,PROD-41,3,0.1,Store Credit,17.26
ORD-13759,2024-09-21,CUST-1723,PROD-44,3,0.15,,17.81
ORD-13760,02/10/2025,CUST-1838,PROD-18,5,0.05,,18.41
ORD-13761,2024-11-24,CUST-1399,PROD-01,2,0.0,PayPal,7.58
ORD-13762,09/22/2024,CUST-1992,PROD-44,1,0.1,Store Credit,9.66
ORD-13763,2025-06-08,CUST-1293,PROD-37,1,0.05,PayPal,18.82
ORD-13764,2025-08-06,CUST-1665,PROD-07,3,0.0,,10.16
ORD-13765,24-12-2025,CUST-1195,PROD-09,2,0.0,Store Credit,19.93
ORD-13766,04-10-2024,,PROD-36,4,0.05,Credit Card,18.66
ORD-13767,2025-02-27,CUST-1888,PROD-37,3,0.1,Debit Card,9.12
ORD-13768,2025-02-10,CUST-1705,PROD-21,2,0.15,PayPal,8.99
ORD-13769,2024-02-07,CUST-1649,PROD-18,4,0.15,,9.64
ORD-13770,12-07-2025,CUST-1177,PROD-01,4,0.05,Store Credit,13.8
ORD-13771,2024-07-01,CUST-1425,PROD-10,4,0.2,PayPal,6.21
ORD-13772,2025-02-28,CUST-1179,PROD-31,3,0.0,,7.28
ORD-13773,09/13/2025,CUST-9999,PROD-22,4,0.15,Credit Card,6.57
ORD-13774,17-05-2024,CUST-1882,PROD-30,1,0.1,PayPal,13.01
ORD-13775,01/06/2025,CUST-1767,PROD-25,5,0.05,Debit Card,11.27
ORD-13776,2025-01-08,CUST-1902,PROD-42,2,0.15,Credit Card,4.48
ORD-13777,2024-08-10,CUST-1718,PROD-08,4,0.2,Store Credit,19.45
ORD-13778,2025-08-09,CUST-1433,PROD-41,3,0.1,Store Credit,14.32
ORD-13779,05/19/2024,CUST-1100,PROD-06,1,0.05,Credit Card,12.81
ORD-13780,2025-06-05,CUST-1867,PROD-36,1,0.0,,11.14
ORD-13781,2025-12-29,CUST-1355,PROD-42,3,0.0,PayPal,9.18
ORD-13782,2025-08-28,CUST-1138,PROD-17,4,0.1,Store Credit,16.31
ORD-13783,2025-04-11,CUST-1691,PROD-22,1,0.2,,12.4
ORD-13784,2024-12-18,CUST-1948,PROD-19,4,0.0,PayPal,15.37
ORD-13785,2024-07-13,CUST-1406,PROD-46,4,0.15,,17.96
ORD-13786,06/29/2024,CUST-1767,PROD-43,3,0.2,,16.34
ORD-13787,2024-09-09,CUST-1609,PROD-20,4,0.0,Store Credit,13.21
ORD-13788,2024-09-07,CUST-1349,PROD-16,1,0.0,Debit Card,8.96
ORD-13789,03/24/2024,CUST-1721,PROD-42,3,0.1,Store Credit,14.31
ORD-13790,2025-06-21,CUST-1780,PROD-37,4,0.0,Store Credit,15.93
ORD-13791,03/21/2024,CUST-1334,PROD-40,3,0.15,PayPal,15.26
ORD-13792,2024-03-07,CUST-1767,PROD-29,3,0.2,Credit Card,5.39
ORD-13793,2024-10-14,CUST-1585,PROD-28,2,0.15,,10.06
ORD-13794,2024-12-27,CUST-1967,PROD-40,4,0.15,Credit Card,15.32
ORD-13795,2025-07-21,CUST-1886,PROD-09,5,0.2,Credit Card,4.36
ORD-13796,2024-01-31,CUST-1517,PROD-27,5,0.0,Store Credit,6.91
ORD-13797,2024-03-28,CUST-1349,PROD-07,5,0.0,,15.18
ORD-13798,2025-03-31,CUST-1687,PROD-01,1,0.0,Debit Card,14.09
ORD-13799,2024-12-27,CUST-1188,PROD-18,2,0.1,Debit Card,18.02
ORD-13800,2025-12-09,CUST-1358,PROD-46,5,0.05,,7.16
ORD-13801,15-02-2024,CUST-1468,PROD-08,2,0.2,Debit Card,5.01
ORD-13802,2025-10-30,CUST-1211,PROD-49,3,0.0,Store Credit,11.4
ORD-13803,2025-11-22,CUST-1455,PROD-14,2,0.1,Debit Card,12.5
ORD-13804,2025-05-08,CUST-1072,PROD-01,5,0.1,,5.46
ORD-13805,2024-01-02,CUST-1645,PROD-44,5,0.0,Store Credit,5.36
ORD-13806,07-11-2025,CUST-1493,PROD-17,4,0.2,Store Credit,13.66
ORD-13807,05/24/2025,CUST-1156,PROD-48,1,0.0,Debit Card,16.28
ORD-13808,2025-01-12,CUST-1830,PROD-16,1,0.0,PayPal,9.56
ORD-13809,2024-07-20,CUST-9999,PROD-37,2,0.05,Debit Card,12.5
ORD-13810,2025-01-23,CUST-1011,PROD-31,1,0.2,Credit Card,14.57
ORD-13811,2024-06-29,CUST-1610,PROD-20,4,0.05,Store Credit,15.98
ORD-13812,2024-03-14,CUST-1267,PROD-40,5,0.0,Store Credit,14.71
ORD-13813,2024-08-30,CUST-1181,PROD-29,3,0.05,PayPal,13.27
ORD-13814,2024-02-09,CUST-1620,PROD-22,4,0.0,Credit Card,4.98
ORD-13815,2025-02-07,CUST-1948,PROD-08,1,0.05,Credit Card,10.21
ORD-13816,2024-02-27,CUST-1759,PROD-46,1,0.05,,5.72
ORD-13817,07/28/2024,CUST-1885,PROD-49,4,0.2,PayPal,13.66
ORD-13818,08-01-2025,CUST-1644,PROD-11,5,0.05,,15.98
ORD-13819,2025-02-05,CUST-1063,PROD-22,5,0.15,,15.42
ORD-13820,2024-02-07,CUST-9999,PROD-45,5,0.1,,16.24
ORD-13821,2024-04-08,CUST-1188,PROD-31,-2,0.2,PayPal,13.17
ORD-13822,08/10/2024,CUST-1218,PROD-09,5,0.0,Store Credit,17.04
ORD-13823,2025-03-06,CUST-1445,PROD-49,5,0.05,Credit Card,9.75
ORD-13824,2025-05-08,CUST-1623,PROD-05,2,0.2,Debit Card,5.0
ORD-13825,2025-08-27,CUST-1088,PROD-31,3,0.05,,13.59
ORD-13826,2024-06-07,CUST-1905,PROD-09,3,0.15,Store Credit,14.68
ORD-13827,2025-03-23,CUST-1155,PROD-50,2,0.15,PayPal,16.75
ORD-13828,31-12-2024,CUST-1450,PROD-34,1,0.05,PayPal,9.6
ORD-13829,2025-09-04,CUST-1966,PROD-11,3,0.2,Store Credit,8.25
ORD-13830,2024-10-10,CUST-1466,PROD-44,5,0.0,Credit Card,16.12
ORD-13831,05-05-2024,CUST-1744,PROD-44,5,0.0,,11.67
ORD-13832,02/16/2025,CUST-1965,PROD-23,3,0.15,Credit Card,14.4
ORD-13833,2024-11-23,CUST-1576,PROD-42,4,0.1,,11.86
ORD-13834,2024-09-23,CUST-1603,PROD-14,5,0.1,Store Credit,7.09
ORD-13835,01/28/2025,CUST-1782,PROD-22,2,0.0,Debit Card,17.07
ORD-13836,2025-03-29,CUST-1998,PROD-15,4,0.15,PayPal,6.49
ORD-13837,2025-12-10,CUST-1515,PROD-08,1,0.05,Credit Card,6.89
ORD-13838,2025-05-11,CUST-1655,PROD-32,3,0.0,Debit Card,19.41
ORD-13839,2024-04-28,CUST-1931,PROD-41,-2,0.1,PayPal,16.01
ORD-13840,2024-01-28,CUST-1657,PROD-37,5,0.0,Debit Card,9.68
ORD-13841,2025-08-24,CUST-1994,PROD-27,5,0.15,Debit Card,13.28
ORD-13842,2025-09-13,CUST-1306,PROD-32,2,0.1,Store Credit,9.83
ORD-13843,2025-09-20,CUST-1359,PROD-34,3,0.15,,14.92
ORD-13844,20-12-2024,CUST-1464,PROD-08,5,0.15,Debit Card,19.34
ORD-13845,27-09-2024,CUST-1956,PROD-25,4,0.0,,9.11
ORD-13846,2024-12-13,CUST-1495,PROD-18,2,0.0,PayPal,7.55
ORD-13847,2024-10-07,CUST-1393,PROD-05,5,0.0,,16.09
ORD-13848,2025-06-15,CUST-1607,PROD-43,2,0.0,PayPal,17.01
ORD-13849,2024-02-11,CUST-1062,PROD-21,3,0.05,Debit Card,15.82
ORD-13850,2025-03-24,CUST-1374,PROD-19,5,0.0,,7.58
ORD-13851,06-11-2024,CUST-1129,PROD-43,4,0.0,PayPal,7.01
ORD-13852,2024-08-27,CUST-1057,PROD-50,4,0.05,PayPal,7.22
ORD-13853,07/18/2024,CUST-1968,PROD-31,5,0.2,,4.31
ORD-13854,09-02-2025,CUST-1191,PROD-47,5,0.1,Credit Card,12.4
ORD-13855,2025-07-27,CUST-1649,PROD-31,5,0.0,Store Credit,19.74
ORD-13856,04/21/2025,CUST-1049,PROD-38,4,0.0,,14.25
ORD-13857,06/11/2025,CUST-1866,PROD-25,5,0.1,,19.92
ORD-13858,05/30/2025,CUST-2000,PROD-01,1,0.2,Debit Card,8.43
ORD-13859,2025-01-07,CUST-1144,PROD-39,5,0.2,Credit Card,14.97
ORD-13860,18-01-2024,CUST-1728,PROD-12,2,0.1,Debit Card,6.35
ORD-13861,2025-06-13,CUST-1244,PROD-02,3,0.2,Credit Card,15.8
ORD-13862,2025-03-11,CUST-1453,PROD-21,5,0.2,Store Credit,6.62
ORD-13863,2025-10-14,CUST-1901,PROD-38,5,0.1,Credit Card,19.71
ORD-13864,2025-11-18,CUST-1338,PROD-46,2,0.2,,16.89
ORD-13865,2025-01-08,CUST-1634,PROD-41,4,0.15,PayPal,17.92
ORD-13866,2025-01-14,CUST-1715,PROD-02,2,0.0,Store Credit,13.69
ORD-13867,2025-04-04,CUST-1548,PROD-07,5,0.0,,11.19
ORD-13868,01/29/2024,CUST-1886,PROD-34,2,0.1,,18.03
ORD-13869,07/24/2025,CUST-1984,PROD-47,3,0.0,PayPal,11.56
ORD-13870,2025-05-05,CUST-1437,PROD-45,1,0.15,Debit Card,12.48
ORD-13871,2024-02-04,CUST-1944,PROD-33,4,0.15,Credit Card,10.76
ORD-13872,2024-06-14,CUST-1345,PROD-43,4,0.1,Store Credit,9.93
ORD-13873,2024-12-24,CUST-1250,PROD-48,3,0.05,Credit Card,16.96
ORD-13874,22-11-2024,CUST-1686,PROD-29,2,0.05,Credit Card,8.69
ORD-13875,2024-07-02,CUST-1767,PROD-35,5,0.15,Credit Card,4.4
ORD-13876,07-07-2025,CUST-1542,PROD-29,3,0.1,,8.66
ORD-13877,01/03/2025,CUST-1048,PROD-34,3,0.0,Credit Card,16.68
ORD-13878,2024-03-28,CUST-1753,PROD-49,2,0.0,Store Credit,10.05
ORD-13879,2025-06-19,CUST-1697,PROD-08,3,0.2,Store Credit,19.5
ORD-13880,2024-04-01,CUST-1722,PROD-18,3,0.0,Credit Card,4.65
ORD-13881,2024-11-15,CUST-1972,PROD-42,2,0.0,Store Credit,4.36
ORD-13882,2025-08-07,CUST-1667,PROD-25,3,0.15,PayPal,9.3
ORD-13883,2025-10-26,CUST-1918,PROD-42,1,0.2,PayPal,16.61
ORD-13884,2025-02-07,CUST-1300,PROD-32,2,0.05,Debit Card,9.19
ORD-13885,06-06-2025,CUST-1040,PROD-34,2,0.05,Credit Card,16.51
ORD-13886,10/30/2024,CUST-1267,PROD-18,5,0.2,Store Credit,10.41
ORD-13887,2024-09-10,CUST-1042,PROD-47,3,0.0,,18.5
ORD-13888,2025-12-28,CUST-1997,PROD-47,5,0.2,Store Credit,11.92
ORD-13889,06/18/2024,CUST-1011,PROD-44,1,0.2,Store Credit,4.8
ORD-13890,2025-08-16,CUST-1076,PROD-32,5,0.15,Credit Card,18.19
ORD-13891,20-02-2025,CUST-1106,PROD-15,2,0.2,,8.69
ORD-13892,2025-09-09,CUST-1099,PROD-24,4,0.05,Debit Card,8.17
ORD-13893,2025-02-22,CUST-1450,PROD-15,3,0.0,Store Credit,5.72
ORD-13894,2025-03-27,CUST-1405,PROD-12,2,0.15,Debit Card,18.84
ORD-13895,2025-10-16,CUST-1287,PROD-24,1,0.2,,14.35
ORD-13896,09/23/2025,CUST-1926,PROD-15,1,0.05,Store Credit,5.49
ORD-13897,2025-03-10,CUST-1392,PROD-06,3,0.1,Credit Card,18.34
ORD-13898,2024-12-06,CUST-1785,PROD-07,4,0.05,Debit Card,19.49
ORD-13899,2025-11-29,CUST-1147,PROD-39,4,0.2,,8.56
ORD-13900,2025-01-12,CUST-1860,PROD-37,1,0.0,Store Credit,12.91
ORD-13901,2024-09-17,CUST-1439,PROD-09,2,0.15,PayPal,11.1
ORD-13902,2025-08-31,CUST-1169,PROD-20,4,0.2,Store Credit,4.03
ORD-13903,2025-05-12,CUST-1319,PROD-28,3,0.0,PayPal,10.96
ORD-13904,2024-05-06,CUST-1159,PROD-21,4,0.0,,7.15
ORD-13905,03/16/2025,CUST-1213,PROD-35,1,0.2,Debit Card,9.5
ORD-13906,2024-01-10,CUST-1953,PROD-09,3,0.0,Store Credit,9.42
ORD-13907,2025-01-11,CUST-1654,PROD-04,3,0.2,,18.75
ORD-13908,2025-12-14,CUST-1074,PROD-10,2,0.05,Credit Card,15.07
ORD-13909,2024-07-07,CUST-1543,PROD-07,2,0.0,Store Credit,11.51
ORD-13910,2025-04-07,CUST-1420,PROD-09,4,0.1,Debit Card,10.94
ORD-13911,2025-09-21,CUST-1521,PROD-08,3,0.1,,19.5
ORD-13912,10/17/2025,CUST-1598,PROD-44,5,0.05,Debit Card,13.7
ORD-13913,07/17/2024,CUST-1501,PROD-23,4,0.0,Store Credit,10.53
ORD-13914,09/23/2024,CUST-1898,PROD-01,3,0.0,Store Credit,14.38
ORD-13915,2025-03-25,CUST-1192,PROD-03,4,0.0,PayPal,17.98
ORD-13916,2025-05-10,CUST-1250,PROD-20,2,0.15,,7.54
ORD-13917,2024-07-23,CUST-1997,PROD-43,1,0.15,Credit Card,5.68
ORD-13918,2025-02-16,CUST-1162,PROD-16,5,0.0,Credit Card,17.93
ORD-13919,2024-08-15,CUST-1756,PROD-40,3,0.0,Credit Card,5.76
ORD-13920,10/09/2024,CUST-1247,PROD-37,1,0.05,Store Credit,7.93
ORD-13921,03/29/2024,CUST-1087,PROD-02,4,0.0,,10.71
ORD-13922,2024-07-06,CUST-1062,PROD-19,2,0.1,PayPal,16.95
ORD-13923,11/14/2024,CUST-1655,PROD-39,3,0.0,,19.88
ORD-13924,05/29/2024,CUST-1985,PROD-42,2,0.05,Credit Card,19.28
ORD-13925,2024-05-08,CUST-1034,PROD-05,4,0.15,,11.93
ORD-13926,2025-10-29,CUST-1630,PROD-34,5,0.15,Store Credit,14.27
ORD-13927,07/07/2024,CUST-1406,PROD-27,1,0.15,PayPal,10.69
ORD-13928,04/05/2024,CUST-1829,PROD-44,1,0.05,Credit Card,11.07
ORD-13929,2024-08-19,CUST-1539,PROD-44,1,0.05,PayPal,13.25
ORD-13930,2024-07-18,CUST-1977,PROD-10,1,0.05,Store Credit,6.82
ORD-13931,2024-02-10,CUST-1668,PROD-19,5,0.05,Store Credit,13.97
ORD-13932,07/01/2025,CUST-1065,PROD-15,2,0.15,Credit Card,18.23
ORD-13933,2024-06-27,CUST-1213,PROD-12,4,0.2,PayPal,19.42
ORD-13934,2024-12-01,CUST-1607,PROD-43,2,0.15,Debit Card,11.82
ORD-13935,2025-01-11,CUST-1519,PROD-35,3,0.05,,8.28
ORD-13936,2025-07-13,CUST-1645,PROD-37,3,0.1,PayPal,10.39
ORD-13937,09/05/2025,CUST-1863,PROD-23,3,0.2,Credit Card,8.47
ORD-13938,2024-12-10,CUST-1370,PROD-03,500,0.2,Store Credit,15.95
ORD-13939,2024-02-02,CUST-1193,PROD-08,2,0.0,Credit Card,16.69
ORD-13940,06-01-2025,CUST-1003,PROD-19,2,0.0,Debit Card,14.76
ORD-13941,2025-08-17,CUST-1050,PROD-06,1,0.0,,14.82
ORD-13942,2024-08-01,CUST-1959,PROD-28,2,0.1,Credit Card,14.98
ORD-13943,2024-07-31,CUST-1283,PROD-09,4,0.0,PayPal,5.86
ORD-13944,2024-04-06,CUST-1977,PROD-10,1,0.0,Store Credit,5.36
ORD-13945,2025-04-04,CUST-1303,PROD-21,3,0.0,Debit Card,16.19
ORD-13946,2025-09-10,CUST-1030,PROD-36,1,0.0,Debit Card,10.6
ORD-13947,03/27/2025,CUST-1367,PROD-11,2,0.05,,9.9
ORD-13948,04/28/2025,CUST-1187,PROD-17,1,0.0,PayPal,16.89
ORD-13949,06/23/2025,CUST-1101,PROD-04,3,0.2,Store Credit,4.34
ORD-13950,2024-10-28,,PROD-24,4,0.1,Debit Card,5.29
ORD-13951,2024-11-04,CUST-1088,PROD-32,2,0.0,Store Credit,17.81
ORD-13952,01-10-2025,CUST-1506,PROD-45,3,0.0,Store Credit,19.75
ORD-13953,2024-11-19,CUST-1536,PROD-40,5,0.15,Credit Card,10.41
ORD-13954,07/21/2025,CUST-1995,PROD-07,1,0.0,Credit Card,8.12
ORD-13955,2024-09-26,CUST-1826,PROD-33,3,0.05,Store Credit,11.02
ORD-13956,17-03-2024,CUST-1455,PROD-05,4,0.2,Debit Card,5.47
ORD-13957,2024-01-01,CUST-1329,PROD-20,3,0.2,Credit Card,12.67
ORD-13958,05/02/2025,CUST-1261,PROD-01,1,0.1,Store Credit,18.12
ORD-13959,2024-04-01,CUST-1212,PROD-42,1,0.0,PayPal,11.22
ORD-13960,2025-06-29,CUST-1976,PROD-34,1,0.1,PayPal,4.46
ORD-13961,07-09-2024,CUST-1390,PROD-23,4,0.05,Credit Card,4.48
ORD-13962,2025-08-06,CUST-1666,PROD-48,3,0.0,Store Credit,15.55
ORD-13963,27-12-2025,CUST-1840,PROD-10,1,0.0,Store Credit,17.91
ORD-13964,2024-07-29,CUST-1311,PROD-43,1,0.0,Debit Card,18.05
ORD-13965,2025-04-29,CUST-1406,PROD-28,5,0.0,PayPal,7.65
ORD-13966,2024-03-04,CUST-1904,PROD-19,1,0.0,Store Credit,18.72
ORD-13967,2024-09-24,CUST-1827,PROD-39,1,0.2,Debit Card,13.8
ORD-13968,2024-08-31,CUST-1401,PROD-21,4,0.05,Store Credit,8.1
ORD-13969,07/11/2024,CUST-1970,PROD-28,3,0.15,Debit Card,4.14
ORD-13970,02/04/2024,CUST-1295,PROD-07,2,0.1,Credit Card,18.89
ORD-13971,2025-10-19,CUST-1761,PROD-16,1,0.1,,13.57
ORD-13972,2025-12-01,CUST-1439,PROD-37,3,0.1,Store Credit,4.85
ORD-13973,07/24/2025,CUST-1015,PROD-18,3,0.2,Debit Card,14.21
ORD-13974,2025-05-15,CUST-1244,PROD-18,3,0.2,,11.49
ORD-13975,03/18/2025,CUST-1097,PROD-43,3,0.0,Debit Card,17.38
ORD-13976,2024-03-19,CUST-1496,PROD-21,1,0.15,PayPal,11.57
ORD-13977,25-03-2024,CUST-1336,PROD-40,5,0.2,Store Credit,8.29
ORD-13978,01/19/2024,CUST-1579,PROD-02,3,0.0,,9.59
ORD-13979,2025-08-07,CUST-1274,PROD-29,4,0.1,,4.78
ORD-13980,07/29/2024,CUST-1651,PROD-12,4,0.2,Credit Card,5.44
ORD-13981,12/20/2024,CUST-1707,PROD-47,4,0.0,Store Credit,12.19
ORD-13982,2025-09-18,,PROD-48,1,0.1,,16.77
ORD-13983,04/01/2024,CUST-1684,PROD-08,5,0.05,,6.22
ORD-13984,2025-07-21,CUST-1165,PROD-14,1,0.0,Debit Card,10.23
ORD-13985,2025-05-25,CUST-1707,PROD-46,5,0.05,Store Credit,5.96
ORD-13986,2024-06-28,CUST-1981,PROD-17,3,0.0,Store Credit,14.43
ORD-13987,2025-05-21,CUST-1667,PROD-32,4,0.05,PayPal,18.52
ORD-13988,2024-04-13,CUST-1155,PROD-01,2,0.0,Store Credit,13.49
ORD-13989,2025-05-07,CUST-1521,PROD-30,5,0.05,PayPal,9.47
ORD-13990,2025-11-09,CUST-1680,PROD-22,1,0.15,Debit Card,9.73
ORD-13991,2025-12-01,CUST-1820,PROD-46,4,0.05,PayPal,11.81
ORD-13992,2025-04-16,CUST-1228,PROD-34,1,0.1,Credit Card,6.03
ORD-13993,2024-06-01,CUST-1105,PROD-43,1,0.0,PayPal,4.8
ORD-13994,2024-01-31,CUST-1969,PROD-49,2,0.05,Store Credit,19.58
ORD-13995,12-10-2024,CUST-1833,PROD-19,1,0.0,PayPal,6.22
ORD-13996,2024-05-09,CUST-1929,PROD-03,2,0.15,Debit Card,18.17
ORD-13997,2025-04-30,CUST-1783,PROD-47,2,0.15,Credit Card,7.97
ORD-13998,13-01-2024,,PROD-36,5,0.0,Store Credit,13.88
ORD-13999,2024-05-06,CUST-9999,PROD-28,5,0.0,PayPal,10.0
ORD-14000,2024-02-25,CUST-1830,PROD-39,1,0.05,Credit Card,13.98
ORD-14001,17-03-2024,CUST-1309,PROD-18,5,0.15,PayPal,12.63
ORD-14002,2024-07-21,CUST-1666,PROD-29,2,0.15,Credit Card,5.52
ORD-14003,2024-08-01,CUST-1589,PROD-18,3,0.05,Debit Card,8.93
ORD-14004,03/26/2025,CUST-1016,PROD-01,2,0.05,Debit Card,14.39
ORD-14005,2025-06-03,CUST-1940,PROD-17,1,0.2,Credit Card,16.45
ORD-14006,2024-01-29,CUST-1579,PROD-42,5,0.05,Credit Card,16.89
ORD-14007,05/19/2024,CUST-1504,PROD-31,5,0.0,Debit Card,12.24
ORD-14008,2024-12-28,CUST-1381,PROD-28,1,0.05,PayPal,7.45
ORD-14009,2024-02-04,CUST-1421,PROD-27,4,0.0,Store Credit,7.4
ORD-14010,2024-08-26,CUST-1071,PROD-46,1,0.0,,9.31
ORD-14011,2024-08-13,CUST-1211,PROD-47,2,0.05,Credit Card,7.68
ORD-14012,2025-05-19,,PROD-01,2,0.1,,14.09
ORD-14013,2024-08-04,CUST-1552,PROD-38,1,0.0,Debit Card,19.75
ORD-14014,2025-01-14,CUST-1148,PROD-07,3,0.1,Debit Card,6.02
ORD-14015,2025-03-17,CUST-1250,PROD-10,3,0.0,Store Credit,19.11
ORD-14016,2024-05-17,CUST-1344,PROD-46,4,0.1,,14.16
ORD-14017,2024-05-12,CUST-1163,PROD-48,5,0.05,Store Credit,12.77
ORD-14018,08-11-2025,CUST-1240,PROD-21,3,0.0,,5.57
ORD-14019,09/10/2025,CUST-1871,PROD-27,3,0.05,Debit Card,10.96
ORD-14020,2025-12-21,CUST-9999,PROD-45,1,0.2,Store Credit,8.21
ORD-14021,2024-07-08,CUST-1057,PROD-41,1,0.05,Debit Card,10.71
ORD-14022,2024-10-14,CUST-1050,PROD-08,4,0.05,,15.77
ORD-14023,2025-11-26,CUST-1025,PROD-05,3,0.2,Credit Card,8.84
ORD-14024,2024-02-04,CUST-1054,PROD-25,1,0.15,Credit Card,17.48
ORD-14025,05-10-2024,CUST-1532,PROD-17,-2,0.0,Credit Card,4.63
ORD-14026,2024-10-27,CUST-1423,PROD-17,3,0.15,Store Credit,10.15
ORD-14027,2024-08-04,,PROD-29,3,0.1,Credit Card,8.5
ORD-14028,2025-07-18,CUST-1289,PROD-26,3,0.1,Store Credit,4.96
ORD-14029,2024-07-16,CUST-1617,PROD-22,1,0.15,Credit Card,6.72
ORD-14030,04/19/2024,CUST-1182,PROD-44,1,0.15,Credit Card,9.88
ORD-14031,2024-12-03,CUST-1112,PROD-22,4,0.0,Store Credit,8.1
ORD-14032,2025-10-09,CUST-1973,PROD-31,4,0.0,Credit Card,14.0
ORD-14033,08-12-2025,CUST-1843,PROD-11,1,0.15,Store Credit,10.42
ORD-14034,2024-02-29,CUST-1385,PROD-07,3,0.05,Debit Card,10.07
ORD-14035,2025-03-05,CUST-1660,PROD-33,2,0.05,Debit Card,5.33
ORD-14036,2025-11-11,CUST-1917,PROD-50,1,0.0,Store Credit,14.11
ORD-14037,05-10-2024,CUST-1286,PROD-50,5,0.2,PayPal,16.49
ORD-14038,04/13/2025,CUST-1589,PROD-06,3,0.05,,18.54
ORD-14039,12-08-2025,CUST-1006,PROD-37,4,0.05,,8.07
ORD-14040,2025-02-18,,PROD-38,3,0.15,,11.9
ORD-14041,2024-01-19,CUST-1250,PROD-31,4,0.1,Debit Card,17.65
ORD-14042,26-04-2025,CUST-1047,PROD-21,2,0.05,Credit Card,13.0
ORD-14043,2025-07-04,CUST-1868,PROD-35,3,0.1,Store Credit,16.9
ORD-14044,2025-03-18,CUST-1772,PROD-04,1,0.15,Credit Card,13.61
ORD-14045,2025-01-08,CUST-1130,PROD-22,5,0.0,Credit Card,11.16
ORD-14046,2025-08-16,CUST-1016,PROD-34,4,0.1,Debit Card,13.19
ORD-14047,2024-01-27,CUST-1447,PROD-47,5,0.2,Store Credit,11.75
ORD-14048,2025-11-08,CUST-1457,PROD-31,1,0.05,Credit Card,9.68
ORD-14049,04/06/2025,CUST-1948,PROD-04,3,0.2,Credit Card,15.15
ORD-14050,2025-01-03,CUST-1633,PROD-19,5,0.2,,18.04
ORD-14051,2024-11-24,CUST-1380,PROD-25,2,0.1,Debit Card,19.19
ORD-14052,30-09-2024,CUST-1366,PROD-22,4,0.1,Store Credit,7.36
ORD-14053,2024-12-12,,PROD-01,3,0.0,,18.37
ORD-14054,08/08/2024,CUST-1165,PROD-31,4,0.0,,13.99
ORD-14055,12/13/2025,CUST-1586,PROD-21,5,0.1,Credit Card,19.14
ORD-14056,2025-07-22,CUST-1961,PROD-11,4,0.1,Credit Card,7.75
ORD-14057,03/09/2025,CUST-1807,PROD-41,4,0.1,Debit Card,8.22
ORD-14058,2024-06-25,CUST-1986,PROD-19,3,0.0,Credit Card,19.36
ORD-14059,09/09/2025,CUST-1443,PROD-23,4,0.1,,8.09
ORD-14060,2024-10-11,CUST-1295,PROD-37,5,0.0,Store Credit,7.08
ORD-14061,2025-11-27,CUST-1876,PROD-44,2,0.05,,6.8
ORD-14062,2024-02-06,CUST-1358,PROD-28,5,0.0,Store Credit,13.99
ORD-14063,2024-05-25,CUST-1048,PROD-02,2,0.0,Debit Card,17.19
ORD-14064,2025-08-16,CUST-1790,PROD-31,2,0.1,,17.76
ORD-14065,06/28/2024,CUST-1289,PROD-07,1,0.2,Store Credit,14.75
ORD-14066,2025-10-16,CUST-1121,PROD-08,2,0.15,Debit Card,10.72
ORD-14067,2024-09-26,CUST-1110,PROD-35,4,0.15,Credit Card,8.2
ORD-14068,2024-12-31,CUST-1085,PROD-42,2,0.0,,17.01
ORD-14069,01-03-2024,CUST-1395,PROD-28,5,0.05,PayPal,7.46
ORD-14070,10/24/2024,CUST-1213,PROD-47,3,0.0,,12.0
ORD-14071,2025-01-29,CUST-1248,PROD-20,3,0.0,PayPal,4.15
ORD-14072,07/02/2024,CUST-1140,PROD-44,4,0.15,PayPal,17.01
ORD-14073,2025-02-14,CUST-1862,PROD-22,2,0.1,Store Credit,13.87
ORD-14074,2024-05-29,CUST-1649,PROD-20,5,0.0,Store Credit,6.29
ORD-14075,07/25/2025,CUST-1500,PROD-38,5,0.2,,13.1
ORD-14076,10/01/2024,CUST-1176,PROD-34,4,0.0,,11.79
ORD-14077,2024-09-20,CUST-1942,PROD-40,3,0.0,Store Credit,10.06
ORD-14078,2024-06-18,CUST-1981,PROD-25,3,0.0,Debit Card,11.77
ORD-14079,2024-03-17,CUST-1019,PROD-19,1,0.2,Credit Card,11.35
ORD-14080,2024-04-14,CUST-1795,PROD-18,2,0.1,Credit Card,19.8
ORD-14081,2024-07-03,CUST-1946,PROD-07,4,0.0,Debit Card,9.08
ORD-14082,2024-03-21,CUST-1925,PROD-05,1,0.0,Debit Card,12.17
ORD-14083,2025-01-13,CUST-1978,PROD-06,4,0.0,Credit Card,15.57
ORD-14084,08-03-2024,CUST-1282,PROD-37,4,0.05,Store Credit,19.22
ORD-14085,26-05-2025,CUST-1967,PROD-07,4,0.0,Store Credit,7.4
ORD-14086,2025-09-01,CUST-1046,PROD-06,1,0.0,Debit Card,13.04
ORD-14087,2025-02-27,CUST-1565,PROD-40,2,0.2,Debit Card,4.24
ORD-14088,2024-01-01,CUST-1391,PROD-22,5,0.1,Store Credit,4.84
ORD-14089,2025-10-27,CUST-1973,PROD-18,5,0.2,Credit Card,17.34
ORD-14090,2025-04-27,CUST-1729,PROD-02,1,0.05,Debit Card,4.83
ORD-14091,11/19/2024,CUST-1725,PROD-08,3,0.15,Store Credit,4.92
ORD-14092,2024-06-03,CUST-1196,PROD-45,4,0.1,,10.98
ORD-14093,02/20/2024,CUST-1515,PROD-22,3,0.1,Debit Card,4.12
ORD-14094,2024-10-06,CUST-1886,PROD-17,4,0.15,Debit Card,14.6
ORD-14095,2025-12-09,CUST-1800,PROD-47,3,0.05,Credit Card,15.81
ORD-14096,2024-06-12,CUST-1813,PROD-08,5,0.0,Store Credit,4.88
ORD-14097,2025-07-23,CUST-1512,PROD-43,3,0.05,Store Credit,4.66
ORD-14098,2024-06-23,CUST-1391,PROD-21,3,0.05,Debit Card,5.45
ORD-14099,02-11-2024,CUST-1141,PROD-40,3,0.0,Store Credit,11.89
ORD-14100,2025-10-06,CUST-1717,PROD-23,1,0.05,Credit Card,7.63
ORD-14101,2025-11-16,CUST-1790,PROD-12,3,0.15,Store Credit,4.68
ORD-14102,2024-05-26,CUST-1577,PROD-43,3,0.0,Credit Card,11.11
ORD-14103,2025-01-26,CUST-1670,PROD-01,5,0.0,Debit Card,7.51
ORD-14104,2025-01-03,CUST-1955,PROD-15,4,0.1,Store Credit,15.79
ORD-14105,2025-11-30,CUST-1887,PROD-30,3,0.0,Credit Card,16.73
ORD-14106,2025-03-18,CUST-1892,PROD-30,1,0.2,,18.08
ORD-14107,06-01-2024,CUST-1567,PROD-17,3,0.05,Debit Card,11.29
ORD-14108,2024-04-15,CUST-1495,PROD-31,4,0.1,Store Credit,6.09
ORD-14109,2024-04-04,CUST-1848,PROD-12,2,0.05,,17.82
ORD-14110,2024-09-22,CUST-1607,PROD-10,2,0.1,PayPal,15.92
ORD-14111,2025-09-29,CUST-1433,PROD-30,3,0.2,Credit Card,18.31
ORD-14112,2025-11-25,CUST-1789,PROD-03,5,0.05,Debit Card,15.0
ORD-14113,10/05/2025,CUST-1753,PROD-35,5,0.0,Credit Card,6.81
ORD-14114,2024-06-18,CUST-1133,PROD-04,4,0.0,Credit Card,17.75
ORD-14115,2025-07-06,CUST-1844,PROD-43,1,0.1,PayPal,15.47
ORD-14116,2025-10-31,CUST-1064,PROD-15,3,0.15,Debit Card,18.15
ORD-14117,2025-09-29,CUST-1449,PROD-25,4,0.2,Store Credit,6.42
ORD-14118,2025-08-09,CUST-1356,PROD-35,2,0.1,Credit Card,6.11
ORD-14119,2025-01-03,CUST-1526,PROD-32,2,0.0,,6.36
ORD-14120,11/30/2024,CUST-1825,PROD-36,1,0.1,,8.28
ORD-14121,2025-09-19,CUST-1475,PROD-14,5,0.1,Credit Card,17.07
ORD-14122,02-07-2025,CUST-1295,PROD-08,1,0.2,Credit Card,10.98
ORD-14123,2024-11-26,CUST-1984,PROD-16,5,0.0,Credit Card,16.09
ORD-14124,2024-10-10,CUST-1832,PROD-21,4,0.0,,13.74
ORD-14125,2025-10-05,CUST-1283,PROD-37,2,0.1,Debit Card,13.97
ORD-14126,2024-01-06,CUST-1626,PROD-04,3,0.2,,17.13
ORD-14127,2024-02-29,CUST-1501,PROD-42,1,0.0,Store Credit,10.8
ORD-14128,2025-01-12,CUST-1703,PROD-50,1,0.0,,12.72
ORD-14129,01-12-2024,CUST-1494,PROD-14,5,0.0,,8.51
ORD-14130,2025-05-11,CUST-1523,PROD-11,1,0.1,PayPal,9.5
ORD-14131,2024-08-17,CUST-1144,PROD-35,3,0.05,Credit Card,5.86
ORD-14132,2024-12-03,CUST-1095,PROD-29,4,0.2,Debit Card,4.21
ORD-14133,2025-01-05,CUST-9999,PROD-40,1,0.15,Debit Card,5.39
ORD-14134,2024-01-26,CUST-1297,PROD-07,1,0.1,Debit Card,14.1
ORD-14135,12-02-2024,CUST-1383,PROD-05,5,0.15,PayPal,7.45
ORD-14136,2024-06-06,CUST-1149,PROD-50,5,0.15,Debit Card,11.16
ORD-14137,2025-06-07,CUST-1044,PROD-37,3,0.0,PayPal,13.63
ORD-14138,19-01-2025,CUST-1204,PROD-27,4,0.0,PayPal,8.82
ORD-14139,2024-05-06,CUST-1866,PROD-20,2,0.2,Debit Card,12.55
ORD-14140,2024-03-12,CUST-1399,PROD-38,2,0.1,Debit Card,7.31
ORD-14141,2025-03-13,CUST-1087,PROD-43,3,0.2,,19.59
ORD-14142,2024-10-13,CUST-1779,PROD-08,5,0.15,Debit Card,19.87
ORD-14143,2024-10-27,CUST-1669,PROD-07,5,0.15,,11.65
ORD-14144,02/24/2025,CUST-1690,PROD-49,2,0.0,Debit Card,6.48
ORD-14145,2024-08-03,CUST-1531,PROD-34,2,0.0,,10.18
ORD-14146,2024-05-28,CUST-1731,PROD-43,1,0.05,Credit Card,4.38
ORD-14147,2024-11-13,CUST-1939,PROD-28,4,0.15,Debit Card,11.47
ORD-14148,2025-05-26,CUST-1756,PROD-11,4,0.2,,13.69
ORD-14149,2025-03-12,CUST-1366,PROD-14,4,0.0,,4.92
ORD-14150,07/22/2025,,PROD-10,1,0.15,Store Credit,4.46
ORD-14151,09/15/2025,CUST-1174,PROD-19,1,0.2,Store Credit,9.78
ORD-14152,2025-06-20,CUST-1107,PROD-01,4,0.0,Store Credit,11.36
ORD-14153,2025-12-03,CUST-1070,PROD-28,5,0.1,Credit Card,4.21
ORD-14154,02/12/2025,CUST-1930,PROD-34,2,0.1,,4.74
ORD-14155,2024-06-16,CUST-1273,PROD-25,1,0.1,,16.41
ORD-14156,2025-11-24,CUST-1647,PROD-19,5,0.15,Store Credit,19.88
ORD-14157,2025-03-29,CUST-1571,PROD-04,3,0.15,Credit Card,13.87
ORD-14158,20-12-2024,CUST-1931,PROD-34,5,0.15,Credit Card,19.1
ORD-14159,05-10-2024,CUST-1198,PROD-17,3,0.15,Store Credit,18.68
ORD-14160,13-04-2025,CUST-1397,PROD-04,2,0.0,,14.99
ORD-14161,03/08/2025,CUST-1425,PROD-20,5,0.15,Store Credit,14.16
ORD-14162,2024-11-06,CUST-1511,PROD-47,2,0.1,,6.76
ORD-14163,10/19/2025,CUST-1862,PROD-16,2,0.1,,12.43
ORD-14164,2024-01-24,CUST-1342,PROD-21,1,0.0,Store Credit,7.19
ORD-14165,2024-03-20,CUST-1994,PROD-08,3,0.1,PayPal,8.31
ORD-14166,2025-08-31,,PROD-17,1,0.1,,6.53
ORD-14167,08/19/2024,CUST-1665,PROD-40,4,0.0,Credit Card,12.44
ORD-14168,15-01-2024,CUST-1281,PROD-46,3,0.0,Credit Card,9.3
ORD-14169,2025-04-04,,PROD-09,5,0.2,Store Credit,12.17
ORD-14170,11/20/2024,CUST-1129,PROD-21,3,0.0,Debit Card,9.34
ORD-14171,2025-03-08,CUST-1183,PROD-37,4,0.0,PayPal,19.71
ORD-14172,2025-03-06,CUST-1444,PROD-43,3,0.05,Credit Card,7.63
ORD-14173,2024-06-16,CUST-1239,PROD-36,5,0.15,PayPal,19.81
ORD-14174,2025-09-22,CUST-1550,PROD-43,5,0.1,PayPal,6.47
ORD-14175,24-10-2025,CUST-1514,PROD-48,5,0.1,Store Credit,19.72
ORD-14176,2024-03-02,CUST-1510,PROD-18,1,0.15,Debit Card,7.2
ORD-14177,29-10-2025,CUST-1853,PROD-50,4,0.0,Store Credit,7.7
ORD-14178,2025-01-09,CUST-1054,PROD-47,4,0.1,Debit Card,17.68
ORD-14179,10/13/2025,CUST-1445,PROD-05,1,0.15,Credit Card,4.09
ORD-14180,2025-09-03,CUST-1855,PROD-43,3,0.05,Debit Card,19.07
ORD-14181,2024-09-11,CUST-1907,PROD-34,4,0.0,Store Credit,15.62
ORD-14182,2025-10-28,CUST-1005,PROD-42,2,0.05,,13.12
ORD-14183,2025-04-13,CUST-1058,PROD-32,2,0.0,Credit Card,10.58
ORD-14184,2025-02-10,CUST-1410,PROD-37,1,0.2,Store Credit,4.94
ORD-14185,2025-06-28,CUST-1930,PROD-05,4,0.0,PayPal,14.69
ORD-14186,2024-09-15,CUST-1035,PROD-02,2,0.0,Store Credit,19.89
ORD-14187,2024-09-20,CUST-1662,PROD-20,4,0.05,PayPal,18.67
ORD-14188,2025-11-20,CUST-1868,PROD-21,3,0.1,Store Credit,14.74
ORD-14189,2024-09-26,CUST-9999,PROD-01,3,0.2,,18.03
ORD-14190,07/15/2024,CUST-9999,PROD-36,4,0.05,Debit Card,13.58
ORD-14191,2025-07-28,CUST-1955,PROD-48,3,0.2,Credit Card,14.76
ORD-14192,2024-11-26,CUST-1543,PROD-48,2,0.0,Credit Card,16.88
ORD-14193,2024-04-11,CUST-1747,PROD-15,2,0.2,PayPal,13.64
ORD-14194,2025-05-21,CUST-1659,PROD-50,2,0.2,PayPal,13.48
ORD-14195,2024-11-12,CUST-1439,PROD-32,3,0.2,Credit Card,8.71
ORD-14196,28-04-2025,CUST-1652,PROD-41,3,0.15,Store Credit,6.4
ORD-14197,2025-06-06,CUST-1106,PROD-37,4,0.1,Credit Card,4.34
ORD-14198,2025-09-02,CUST-1299,PROD-12,2,0.15,,7.95
ORD-14199,2025-01-23,CUST-1132,PROD-33,3,0.15,Debit Card,19.36
ORD-14200,26-04-2025,CUST-1942,PROD-50,5,0.15,Credit Card,4.02
ORD-14201,2025-10-20,CUST-1582,PROD-06,5,0.2,Debit Card,7.65
ORD-14202,25-11-2025,CUST-1359,PROD-08,2,0.05,PayPal,18.7
ORD-14203,2024-10-08,CUST-1709,PROD-02,1,0.1,PayPal,5.13
ORD-14204,2024-09-02,CUST-1300,PROD-16,4,0.15,Debit Card,17.7
ORD-14205,2025-09-26,CUST-1708,PROD-47,2,0.15,PayPal,5.16
ORD-14206,04/13/2024,CUST-1316,PROD-41,5,0.0,Debit Card,8.09
ORD-14207,22-05-2025,CUST-1223,PROD-50,4,0.0,Store Credit,4.92
ORD-14208,2024-01-29,CUST-1970,PROD-42,4,0.0,Store Credit,14.69
ORD-14209,2024-07-08,CUST-1262,PROD-46,2,0.0,Store Credit,9.35
ORD-14210,2024-06-05,CUST-1621,PROD-34,4,0.0,Store Credit,12.2
ORD-14211,2025-10-18,CUST-1530,PROD-32,3,0.0,PayPal,13.92
ORD-14212,2025-09-28,CUST-1399,PROD-37,5,0.05,Debit Card,8.42
ORD-14213,04/20/2024,CUST-1559,PROD-44,5,0.05,Store Credit,19.56
ORD-14214,2025-08-05,CUST-1828,PROD-10,1,0.0,Store Credit,16.84
ORD-14215,2024-12-26,CUST-1592,PROD-21,3,0.1,,17.29
ORD-14216,20-05-2025,CUST-1340,PROD-48,2,0.0,Store Credit,13.18
ORD-14217,2024-08-21,CUST-1657,PROD-20,3,0.1,Credit Card,13.85
ORD-14218,03/09/2025,CUST-1389,PROD-24,2,0.0,Credit Card,16.82
ORD-14219,2024-02-14,CUST-1316,PROD-43,5,0.05,,14.72
ORD-14220,2025-04-20,CUST-1124,PROD-41,3,0.0,,18.35
ORD-14221,02/24/2024,CUST-1198,PROD-07,1,0.05,PayPal,18.18
ORD-14222,27-01-2025,CUST-1748,PROD-36,5,0.2,PayPal,15.33
ORD-14223,2025-05-24,CUST-1395,PROD-50,4,0.15,,11.6
ORD-14224,2024-07-18,CUST-1357,PROD-11,2,0.15,Store Credit,6.13
ORD-14225,2025-11-03,CUST-1618,PROD-13,3,0.2,Debit Card,8.01
ORD-14226,2025-09-15,CUST-1118,PROD-38,4,0.2,Debit Card,9.04
ORD-14227,2025-11-25,,PROD-49,2,0.2,Debit Card,14.7
ORD-14228,2025-07-20,,PROD-46,4,0.1,Credit Card,17.49
ORD-14229,04/06/2025,CUST-1652,PROD-27,1,0.2,Store Credit,4.93
ORD-14230,2025-11-21,CUST-1358,PROD-06,1,0.0,PayPal,5.42
ORD-14231,2025-06-28,CUST-1020,PROD-31,1,0.05,Debit Card,17.25
ORD-14232,2025-01-17,CUST-1080,PROD-40,4,0.2,Store Credit,14.97
ORD-14233,10-01-2024,CUST-1056,PROD-46,3,0.0,Credit Card,4.01
ORD-14234,2024-07-08,CUST-1465,PROD-25,4,0.05,Store Credit,17.5
ORD-14235,2025-02-08,CUST-1198,PROD-47,4,0.1,Debit Card,5.33
ORD-14236,2024-03-01,CUST-1333,PROD-40,2,0.0,PayPal,4.86
ORD-14237,31-10-2024,CUST-1720,PROD-12,4,0.2,Credit Card,17.81
ORD-14238,04/10/2024,CUST-1343,PROD-15,4,0.0,Credit Card,9.14
ORD-14239,2024-10-30,CUST-1974,PROD-32,1,0.2,Store Credit,6.37
ORD-14240,2024-07-26,CUST-1665,PROD-25,1,0.1,Credit Card,17.73
ORD-14241,2024-02-21,CUST-1619,PROD-04,4,0.0,Debit Card,13.21
ORD-14242,2024-10-02,CUST-1861,PROD-37,4,0.1,,10.88
ORD-14243,2024-07-26,CUST-1292,PROD-27,5,0.15,Store Credit,14.76
ORD-14244,2025-07-16,CUST-1848,PROD-05,2,0.15,,7.49
ORD-14245,2025-06-09,CUST-1530,PROD-20,4,0.15,,12.13
ORD-14246,2025-05-31,CUST-1467,PROD-23,5,0.2,Store Credit,12.6
ORD-14247,17-03-2025,CUST-1260,PROD-33,2,0.0,Credit Card,13.11
ORD-14248,2025-03-26,CUST-1500,PROD-22,3,0.0,Credit Card,16.99
ORD-14249,07/18/2024,CUST-1222,PROD-25,2,0.2,Credit Card,5.04
ORD-14250,2024-12-01,CUST-1535,PROD-05,5,0.0,,6.91
ORD-14251,10/27/2024,CUST-1961,PROD-39,1,0.2,PayPal,11.18
ORD-14252,03/06/2025,CUST-1286,PROD-43,2,0.2,Credit Card,9.97
ORD-14253,2025-08-06,CUST-1552,PROD-06,1,0.2,,4.99
ORD-14254,2024-04-18,CUST-1248,PROD-25,1,0.0,Debit Card,18.43
ORD-14255,2025-08-31,CUST-1313,PROD-19,1,0.05,,5.03
ORD-14256,2024-04-10,CUST-1262,PROD-10,5,0.0,Credit Card,13.95
ORD-14257,2025-12-03,CUST-1548,PROD-39,5,0.15,Store Credit,19.31
ORD-14258,2024-02-21,CUST-1536,PROD-05,3,0.05,Credit Card,10.85
ORD-14259,2025-10-16,CUST-1099,PROD-07,4,0.2,PayPal,17.35
ORD-14260,2024-10-11,CUST-1910,PROD-31,1,0.05,,15.89
ORD-14261,2024-12-18,CUST-1695,PROD-01,4,0.1,,19.59
ORD-14262,11/26/2024,CUST-1007,PROD-03,2,0.0,Debit Card,5.02
ORD-14263,06/16/2025,CUST-1356,PROD-38,4,0.0,PayPal,14.97
ORD-14264,2025-09-17,CUST-1430,PROD-17,1,0.15,Debit Card,13.43
ORD-14265,12/20/2024,CUST-1186,PROD-24,5,0.0,Credit Card,4.15
ORD-14266,2025-02-17,CUST-1638,PROD-09,4,0.1,Store Credit,4.87
ORD-14267,2024-12-01,CUST-1170,PROD-28,2,0.15,Debit Card,15.85
ORD-14268,2024-09-27,CUST-1552,PROD-12,5,0.2,Credit Card,5.87
ORD-14269,2024-11-16,CUST-1416,PROD-39,1,0.2,Debit Card,17.91
ORD-14270,2024-04-15,CUST-1915,PROD-24,2,0.0,PayPal,11.52
ORD-14271,2024-01-15,CUST-1507,PROD-16,3,0.0,Debit Card,6.38
ORD-14272,2024-08-13,CUST-1716,PROD-10,2,0.15,Debit Card,16.75
ORD-14273,05/09/2025,CUST-1334,PROD-28,1,0.1,PayPal,18.17
ORD-14274,2025-01-17,CUST-1266,PROD-45,3,0.2,,4.7
ORD-14275,11/08/2024,CUST-1914,PROD-19,5,0.0,,10.05
ORD-14276,01/09/2025,CUST-1767,PROD-12,4,0.0,Store Credit,18.02
ORD-14277,2024-06-10,CUST-1519,PROD-30,4,0.0,,4.96
ORD-14278,2024-12-26,CUST-1140,PROD-27,2,0.2,Credit Card,19.54
ORD-14279,2025-04-16,CUST-1087,PROD-24,2,0.2,Store Credit,15.95
ORD-14280,08/08/2024,CUST-1850,PROD-19,4,0.1,Debit Card,16.1
ORD-14281,2025-12-15,CUST-1432,PROD-14,1,0.0,Store Credit,19.79
ORD-14282,2025-08-24,CUST-1032,PROD-45,3,0.0,,6.94
ORD-14283,2025-08-20,CUST-9999,PROD-12,2,0.2,,10.24
ORD-14284,2024-12-04,CUST-1866,PROD-13,4,0.1,Debit Card,16.89
ORD-14285,2024-12-06,CUST-1950,PROD-25,2,0.0,Credit Card,12.66
ORD-14286,2025-11-03,CUST-1418,PROD-17,2,0.15,,14.99
ORD-14287,2025-01-30,CUST-1459,PROD-05,4,0.0,Store Credit,13.11
ORD-14288,2025-10-29,CUST-1349,PROD-05,4,0.2,,7.18
ORD-14289,2024-06-04,CUST-1150,PROD-38,4,0.0,Debit Card,15.09
ORD-14290,2025-05-11,CUST-1815,PROD-07,2,0.1,PayPal,14.13
ORD-14291,2025-01-03,CUST-1977,PROD-42,2,0.05,Credit Card,14.98
ORD-14292,2025-01-27,CUST-1220,PROD-21,5,0.15,,13.31
ORD-14293,2024-01-02,CUST-1911,PROD-33,5,0.1,Credit Card,12.39
ORD-14294,03-04-2024,CUST-1102,PROD-19,2,0.0,Store Credit,4.4
ORD-14295,2025-02-27,CUST-1342,PROD-36,3,0.05,Debit Card,7.34
ORD-14296,2025-05-14,CUST-1204,PROD-12,4,0.1,Store Credit,7.39
ORD-14297,07/26/2025,CUST-1966,PROD-05,1,0.2,,4.87
ORD-14298,2024-11-07,CUST-1716,PROD-16,5,0.1,,19.49
ORD-14299,03-12-2024,CUST-1734,PROD-17,5,0.0,,16.14
ORD-14300,2024-02-03,CUST-1765,PROD-31,2,0.15,Credit Card,15.4
ORD-14301,10-12-2025,CUST-1164,PROD-25,4,0.05,Store Credit,4.11
ORD-14302,2024-02-28,CUST-1137,PROD-05,1,0.1,Credit Card,8.92
ORD-14303,2025-12-21,CUST-1877,PROD-21,5,0.0,Credit Card,12.52
ORD-14304,09/17/2025,CUST-1224,PROD-02,1,0.1,Debit Card,6.07
ORD-14305,2025-04-09,CUST-1567,PROD-37,5,0.05,PayPal,5.54
ORD-14306,2024-02-13,CUST-1072,PROD-30,2,0.05,Credit Card,7.6
ORD-14307,2025-10-14,CUST-1668,PROD-02,4,0.0,PayPal,4.47
ORD-14308,2025-08-02,CUST-1868,PROD-06,3,0.0,Credit Card,17.84
ORD-14309,2024-10-10,CUST-1887,PROD-46,4,0.0,Store Credit,11.92
ORD-14310,2025-05-17,CUST-1290,PROD-24,5,0.15,Credit Card,10.93
ORD-14311,2024-07-28,CUST-1360,PROD-15,2,0.05,Credit Card,5.78
ORD-14312,02/15/2025,CUST-1334,PROD-05,5,0.05,Store Credit,19.0
ORD-14313,2025-05-11,CUST-1372,PROD-43,3,0.0,PayPal,7.53
ORD-14314,2024-05-08,CUST-1208,PROD-04,5,0.0,Debit Card,19.6
ORD-14315,2025-05-04,CUST-1207,PROD-22,4,0.1,Debit Card,7.81
ORD-14316,2025-07-30,CUST-1231,PROD-43,3,0.1,Debit Card,7.2
ORD-14317,2025-09-11,CUST-1517,PROD-02,1,0.15,Debit Card,5.62
ORD-14318,2024-05-25,CUST-1045,PROD-06,4,0.15,PayPal,14.36
ORD-14319,2024-10-01,CUST-1851,PROD-02,3,0.2,Debit Card,17.87
ORD-14320,2025-01-04,CUST-1736,PROD-19,3,0.2,PayPal,4.93
ORD-14321,2025-05-29,CUST-1613,PROD-02,2,0.0,Credit Card,9.99
ORD-14322,2024-12-22,CUST-1954,PROD-39,-2,0.2,Credit Card,17.48
ORD-14323,04/24/2024,CUST-1034,PROD-30,1,0.2,,18.79
ORD-14324,02/03/2025,CUST-1650,PROD-23,3,0.1,Credit Card,18.16
ORD-14325,2025-10-25,CUST-1653,PROD-33,3,0.0,,14.77
ORD-14326,2024-12-20,CUST-1892,PROD-41,4,0.0,Credit Card,6.26
ORD-14327,2024-01-04,,PROD-36,1,0.0,PayPal,10.13
ORD-14328,2025-11-20,CUST-1386,PROD-49,3,0.05,PayPal,15.55
ORD-14329,12/28/2025,CUST-1703,PROD-38,3,0.05,PayPal,5.02
ORD-14330,2024-10-30,CUST-1016,PROD-36,1,0.0,,18.35
ORD-14331,03/12/2025,CUST-1482,PROD-13,4,0.05,PayPal,16.97
ORD-14332,2025-12-05,CUST-1423,PROD-41,5,0.0,,12.32
ORD-14333,2024-06-12,CUST-1535,PROD-08,4,0.2,Debit Card,11.06
ORD-14334,06/03/2024,CUST-1451,PROD-19,1,0.1,Credit Card,6.67
ORD-14335,2025-01-06,CUST-1938,PROD-13,1,0.0,Debit Card,15.88
ORD-14336,2025-04-05,CUST-9999,PROD-35,5,0.05,Debit Card,18.81
ORD-14337,2025-05-18,CUST-1099,PROD-25,4,0.15,Credit Card,9.61
ORD-14338,2025-07-16,CUST-1117,PROD-29,2,0.0,,15.88
ORD-14339,2025-09-25,CUST-1780,PROD-49,5,0.0,,10.76
ORD-14340,07-11-2025,CUST-1112,PROD-09,4,0.05,Store Credit,8.43
ORD-14341,02/22/2025,CUST-9999,PROD-25,5,0.05,Store Credit,6.7
ORD-14342,2024-02-18,CUST-1060,PROD-48,3,0.0,,13.28
ORD-14343,2024-06-07,CUST-1902,PROD-38,2,0.15,Store Credit,5.91
ORD-14344,2024-05-27,CUST-1784,PROD-07,5,0.2,PayPal,9.15
ORD-14345,2024-12-07,CUST-1962,PROD-44,5,0.1,Debit Card,17.32
ORD-14346,2024-04-30,,PROD-37,5,0.0,Debit Card,6.96
ORD-14347,07/29/2024,CUST-1903,PROD-03,3,0.0,Credit Card,19.52
ORD-14348,2025-05-15,CUST-1687,PROD-35,1,0.0,,18.41
ORD-14349,2024-10-23,CUST-1653,PROD-31,4,0.15,PayPal,15.13
ORD-14350,2024-03-07,CUST-1753,PROD-02,4,0.0,,11.32
ORD-14351,2025-09-08,CUST-1995,PROD-49,3,0.0,Store Credit,13.45
ORD-14352,29-04-2024,CUST-1466,PROD-28,5,0.2,Debit Card,7.92
ORD-14353,09-12-2025,CUST-1821,PROD-24,4,0.15,Debit Card,13.58
ORD-14354,2025-04-17,CUST-1185,PROD-48,2,0.2,Store Credit,7.49
ORD-14355,27-09-2024,CUST-1044,PROD-13,5,0.0,,14.66
ORD-14356,2024-02-11,CUST-1329,PROD-44,1,0.05,Credit Card,14.95
ORD-14357,2024-11-11,CUST-1407,PROD-34,2,0.0,,16.47
ORD-14358,2025-03-30,CUST-1088,PROD-42,4,0.0,Debit Card,16.96
ORD-14359,2025-10-04,CUST-1812,PROD-01,3,0.0,PayPal,10.83
ORD-14360,2024-09-03,CUST-1221,PROD-30,1,0.0,PayPal,19.51
ORD-14361,22-06-2025,CUST-1077,PROD-13,4,0.2,Credit Card,16.87
ORD-14362,2025-07-29,CUST-1112,PROD-48,4,0.1,PayPal,4.39
ORD-14363,2024-07-28,CUST-1908,PROD-49,3,0.05,Credit Card,8.48
ORD-14364,27-11-2024,CUST-1428,PROD-20,2,0.0,Credit Card,16.45
ORD-14365,2025-06-08,CUST-1415,PROD-26,1,0.0,,17.88
ORD-14366,19-06-2025,CUST-1562,PROD-13,3,0.15,Debit Card,11.57
ORD-14367,2024-04-16,CUST-1011,PROD-34,1,0.2,Debit Card,18.34
ORD-14368,2025-06-04,CUST-1973,PROD-43,3,0.1,PayPal,12.88
ORD-14369,2024-06-23,CUST-1269,PROD-45,5,0.1,PayPal,16.22
ORD-14370,03/20/2025,CUST-1578,PROD-13,5,0.0,PayPal,11.21
ORD-14371,05/16/2024,CUST-1207,PROD-34,1,0.05,Debit Card,4.1
ORD-14372,2024-08-22,CUST-1538,PROD-48,5,0.0,Credit Card,10.42
ORD-14373,2025-05-16,CUST-1743,PROD-31,4,0.15,Credit Card,7.25
ORD-14374,27-08-2024,CUST-1135,PROD-45,4,0.2,,5.64
ORD-14375,2024-03-17,CUST-1675,PROD-38,5,0.15,PayPal,4.54
ORD-14376,2024-06-28,CUST-1065,PROD-27,2,0.0,,8.96
ORD-14377,04/29/2025,CUST-1014,PROD-10,3,0.15,Credit Card,11.54
ORD-14378,27-02-2025,CUST-1544,PROD-33,3,0.2,Credit Card,7.96
ORD-14379,2024-03-31,CUST-1178,PROD-34,2,0.1,,14.13
ORD-14380,2025-09-08,CUST-1650,PROD-37,1,0.15,PayPal,19.44
ORD-14381,07/07/2024,CUST-1530,PROD-07,5,0.05,PayPal,13.49
ORD-14382,09/07/2024,CUST-1529,PROD-47,2,0.0,Store Credit,6.67
ORD-14383,11/03/2024,CUST-1881,PROD-44,4,0.2,PayPal,7.69
ORD-14384,02/23/2024,CUST-1566,PROD-02,5,0.05,Store Credit,11.85
ORD-14385,2024-03-27,CUST-9999,PROD-10,1,0.05,Debit Card,10.99
ORD-14386,2024-06-11,CUST-1776,PROD-27,5,0.1,Debit Card,12.05
ORD-14387,2025-02-16,CUST-1558,PROD-42,4,0.2,Credit Card,11.66
ORD-14388,08/14/2024,CUST-1463,PROD-30,1,0.2,Store Credit,19.58
ORD-14389,2024-07-11,CUST-1340,PROD-41,2,0.1,,13.09
ORD-14390,2025-08-19,CUST-1486,PROD-19,4,0.15,,8.01
ORD-14391,12-08-2024,CUST-1954,PROD-46,2,0.1,Debit Card,10.65
ORD-14392,28-03-2024,CUST-1363,PROD-15,4,0.1,Store Credit,18.22
ORD-14393,2025-01-05,CUST-1284,PROD-22,4,0.0,,19.56
ORD-14394,09-06-2025,CUST-1299,PROD-20,5,0.0,PayPal,16.13
ORD-14395,2025-01-21,CUST-1274,PROD-21,-2,0.05,Store Credit,11.93
ORD-14396,2024-03-04,CUST-9999,PROD-34,3,0.15,,12.73
ORD-14397,14-03-2024,CUST-1741,PROD-01,4,0.2,Store Credit,7.32
ORD-14398,2024-06-14,CUST-1855,PROD-33,1,0.05,PayPal,11.84
ORD-14399,2024-04-02,CUST-1914,PROD-36,5,0.2,Store Credit,9.09
ORD-14400,2024-05-03,CUST-1874,PROD-07,5,0.1,Credit Card,17.86
ORD-14401,2025-05-29,CUST-1695,PROD-06,5,0.05,Credit Card,6.65
ORD-14402,04/27/2025,CUST-1186,PROD-23,1,0.1,Debit Card,11.16
ORD-14403,2025-01-08,CUST-1388,PROD-14,5,0.0,Credit Card,14.96
ORD-14404,2025-11-13,CUST-1004,PROD-22,3,0.05,Store Credit,7.35
ORD-14405,10/02/2025,CUST-1119,PROD-04,1,0.0,Store Credit,18.84
ORD-14406,2024-04-29,,PROD-44,3,0.0,Credit Card,11.04
ORD-14407,2025-02-19,CUST-1301,PROD-19,4,0.15,Store Credit,15.23
ORD-14408,2024-04-03,CUST-1236,PROD-49,4,0.15,Store Credit,9.24
ORD-14409,12/06/2024,CUST-1403,PROD-02,2,0.05,PayPal,10.68
ORD-14410,2025-01-16,CUST-1560,PROD-11,3,0.15,,19.23
ORD-14411,2025-08-25,CUST-1560,PROD-46,1,0.15,Store Credit,16.11
ORD-14412,2025-06-13,CUST-1297,PROD-41,4,0.0,Debit Card,12.41
ORD-14413,2024-09-23,CUST-1761,PROD-25,5,0.0,Store Credit,13.79
ORD-14414,2024-06-17,CUST-1622,PROD-14,5,0.2,Debit Card,8.7
ORD-14415,2024-03-12,CUST-1203,PROD-18,3,0.05,Store Credit,13.7
ORD-14416,2025-09-02,CUST-1190,PROD-22,5,0.1,PayPal,19.01
ORD-14417,2024-02-28,CUST-1430,PROD-23,5,0.0,Store Credit,15.15
ORD-14418,2025-10-24,CUST-1807,PROD-04,2,0.1,Store Credit,11.28
ORD-14419,23-01-2025,CUST-1824,PROD-38,2,0.2,PayPal,15.5
ORD-14420,2024-05-15,CUST-1491,PROD-14,5,0.1,Store Credit,9.01
ORD-14421,2025-04-07,CUST-1136,PROD-02,3,0.05,Debit Card,14.71
ORD-14422,2024-06-16,CUST-1705,PROD-18,2,0.15,,6.2
ORD-14423,2025-08-25,CUST-1979,PROD-08,4,0.1,Store Credit,8.3
ORD-14424,2025-07-13,CUST-1619,PROD-38,1,0.15,Store Credit,12.28
ORD-14425,2024-08-25,CUST-1978,PROD-20,2,0.05,,4.6
ORD-14426,2025-09-30,CUST-1289,PROD-19,3,0.0,Store Credit,4.84
ORD-14427,2024-05-21,CUST-1744,PROD-10,4,0.0,Credit Card,13.62
ORD-14428,2024-09-15,CUST-1563,PROD-31,1,0.1,Debit Card,19.67
ORD-14429,2025-09-20,CUST-1259,PROD-25,2,0.1,,6.68
ORD-14430,26-07-2025,CUST-1322,PROD-27,5,0.15,Credit Card,14.81
ORD-14431,2024-01-20,CUST-1548,PROD-32,1,0.2,Store Credit,9.72
ORD-14432,2024-04-18,CUST-1640,PROD-14,5,0.2,PayPal,19.75
ORD-14433,07-02-2025,CUST-1627,PROD-31,3,0.2,Store Credit,17.02
ORD-14434,04/04/2024,CUST-1494,PROD-05,2,0.1,Store Credit,15.69
ORD-14435,2025-06-24,CUST-1239,PROD-15,4,0.0,,5.9
ORD-14436,11-01-2024,CUST-1819,PROD-27,5,0.15,Store Credit,8.84
ORD-14437,2025-09-16,CUST-1829,PROD-18,4,0.0,Debit Card,7.59
ORD-14438,2024-10-31,CUST-1255,PROD-17,3,0.05,Credit Card,6.1
ORD-14439,2025-10-30,CUST-1927,PROD-35,1,0.2,PayPal,17.81
ORD-14440,2025-09-22,CUST-1520,PROD-11,1,0.2,,6.6
ORD-14441,2024-01-20,CUST-1330,PROD-02,3,0.1,,10.81
ORD-14442,2025-03-04,CUST-1082,PROD-39,2,0.0,Credit Card,16.56
ORD-14443,2024-11-19,CUST-1973,PROD-18,1,0.05,Store Credit,9.22
ORD-14444,2025-12-07,CUST-1474,PROD-28,1,0.2,PayPal,11.68
ORD-14445,08/07/2025,CUST-1248,PROD-15,3,0.1,,8.96
ORD-14446,2024-06-07,CUST-1263,PROD-21,4,0.0,Store Credit,17.89
ORD-14447,15-11-2025,CUST-1862,PROD-46,1,0.2,Store Credit,8.49
ORD-14448,2024-01-15,CUST-1065,PROD-41,4,0.0,PayPal,14.21
ORD-14449,01/12/2025,CUST-1650,PROD-28,3,0.05,Store Credit,15.95
ORD-14450,05/10/2024,CUST-1226,PROD-49,3,0.2,Store Credit,11.27
ORD-14451,2024-06-26,CUST-1054,PROD-05,5,0.15,PayPal,15.28
ORD-14452,06-06-2025,CUST-1308,PROD-44,3,0.0,Debit Card,18.01
ORD-14453,2025-10-17,CUST-1645,PROD-46,4,0.0,,14.68
ORD-14454,03/08/2025,CUST-1509,PROD-45,1,0.0,,8.53
ORD-14455,2025-12-29,CUST-1075,PROD-16,3,0.0,Store Credit,14.75
ORD-14456,2025-09-25,CUST-1325,PROD-02,5,0.0,Debit Card,4.82
ORD-14457,2024-12-20,CUST-1276,PROD-27,1,0.0,Credit Card,10.41
ORD-14458,2024-01-24,CUST-1112,PROD-07,3,0.15,Store Credit,7.49
ORD-14459,2025-03-26,CUST-1002,PROD-15,5,0.05,Store Credit,8.94
ORD-14460,09/02/2025,CUST-1854,PROD-49,1,0.2,Debit Card,8.06
ORD-14461,2024-01-18,CUST-9999,PROD-50,2,0.0,,9.67
ORD-14462,18-02-2024,CUST-1249,PROD-01,3,0.2,PayPal,13.3
ORD-14463,2024-02-08,CUST-1749,PROD-49,2,0.2,,6.53
ORD-14464,2025-02-01,CUST-1698,PROD-24,3,0.2,Debit Card,19.02
ORD-14465,01/26/2025,CUST-1309,PROD-39,4,0.05,Store Credit,12.73
ORD-14466,08/12/2024,CUST-1609,PROD-16,3,0.0,Credit Card,4.46
ORD-14467,2025-11-29,,PROD-33,4,0.15,Store Credit,12.48
ORD-14468,07/10/2024,CUST-1876,PROD-01,5,0.05,Store Credit,6.87
ORD-14469,2025-06-05,CUST-1204,PROD-01,1,0.15,,12.99
ORD-14470,2025-01-05,CUST-1786,PROD-44,4,0.2,Credit Card,17.31
ORD-14471,2024-10-26,CUST-1686,PROD-21,4,0.2,Store Credit,4.05
ORD-14472,02-08-2024,CUST-1962,PROD-35,5,0.1,Debit Card,12.32
ORD-14473,2024-12-02,CUST-1892,PROD-03,1,0.1,Debit Card,18.17
ORD-14474,09-11-2025,CUST-1410,PROD-38,4,0.05,PayPal,13.29
ORD-14475,2025-10-09,CUST-1546,PROD-17,4,0.0,,6.67
ORD-14476,2024-06-01,CUST-1845,PROD-50,4,0.0,Credit Card,13.18
ORD-14477,23-03-2024,CUST-1767,PROD-44,-2,0.0,PayPal,4.92
ORD-14478,07/19/2024,CUST-1185,PROD-40,1,0.2,Store Credit,13.88
ORD-14479,2025-10-07,CUST-1444,PROD-06,4,0.1,Store Credit,8.38
ORD-14480,08-03-2024,CUST-1587,PROD-15,4,0.05,Store Credit,9.86
ORD-14481,12/18/2025,CUST-1109,PROD-44,2,0.0,Credit Card,5.19
ORD-14482,2025-01-30,CUST-1227,PROD-12,2,0.15,Credit Card,4.94
ORD-14483,2025-05-19,CUST-1393,PROD-25,3,0.0,Credit Card,12.79
ORD-14484,01/25/2024,CUST-1878,PROD-43,4,0.1,PayPal,7.39
ORD-14485,2024-11-03,CUST-1288,PROD-31,4,0.0,Store Credit,4.97
ORD-14486,10-04-2025,CUST-1930,PROD-30,5,0.0,Credit Card,8.08
ORD-14487,2025-07-10,CUST-1165,PROD-39,3,0.1,,16.95
ORD-14488,06/29/2025,CUST-1672,PROD-07,3,0.1,Debit Card,11.43
ORD-14489,2025-11-25,CUST-1645,PROD-24,3,0.1,,4.33
ORD-14490,08/18/2024,CUST-1644,PROD-30,3,0.2,,16.0
ORD-14491,10/13/2024,CUST-1086,PROD-02,5,0.2,,13.33
ORD-14492,2025-10-02,CUST-1495,PROD-34,4,0.05,PayPal,7.47
ORD-14493,2024-02-14,CUST-1860,PROD-14,2,0.0,Debit Card,13.78
ORD-14494,2025-07-11,CUST-1870,PROD-03,-2,0.0,Store Credit,19.24
ORD-14495,2025-04-24,CUST-1356,PROD-13,5,0.1,Debit Card,16.63
ORD-14496,01-04-2024,CUST-1143,PROD-22,4,0.0,PayPal,4.83
ORD-14497,2024-12-23,CUST-1821,PROD-12,2,0.2,PayPal,17.84
ORD-14498,07/11/2025,CUST-1969,PROD-48,5,0.2,Credit Card,12.55
ORD-14499,2025-12-08,CUST-1712,PROD-06,3,0.15,Credit Card,8.83
ORD-14500,12/19/2025,CUST-1327,PROD-44,4,0.1,PayPal,5.47
ORD-14501,2024-05-16,CUST-1529,PROD-07,-2,0.15,Credit Card,19.42
ORD-14502,11/06/2025,CUST-9999,PROD-28,3,0.0,Credit Card,9.33
ORD-14503,2025-03-04,CUST-1463,PROD-08,4,0.0,Store Credit,12.54
ORD-14504,2025-06-22,CUST-1756,PROD-20,4,0.0,Debit Card,17.99
ORD-14505,2024-11-14,CUST-1197,PROD-41,2,0.05,PayPal,9.07
ORD-14506,30-03-2025,CUST-1855,PROD-37,4,0.2,Store Credit,16.97
ORD-14507,2024-08-14,CUST-1091,PROD-25,4,0.0,PayPal,15.59
ORD-14508,2025-11-15,CUST-1758,PROD-02,1,0.15,Debit Card,15.39
ORD-14509,2024-03-04,CUST-1831,PROD-05,1,0.15,,19.13
ORD-14510,2025-11-14,CUST-1229,PROD-04,4,0.1,PayPal,9.38
ORD-14511,2025-08-28,CUST-1371,PROD-41,5,0.2,Debit Card,14.98
ORD-14512,10/06/2025,CUST-1797,PROD-33,1,0.1,PayPal,18.78
ORD-14513,11/30/2025,CUST-1931,PROD-50,2,0.15,,5.38
ORD-14514,12/13/2025,CUST-1678,PROD-13,5,0.15,Credit Card,9.61
ORD-14515,2024-03-26,CUST-1954,PROD-13,5,0.0,Store Credit,7.98
ORD-14516,2025-03-21,CUST-1956,PROD-34,5,0.2,PayPal,8.54
ORD-14517,2024-05-28,CUST-1097,PROD-46,4,0.0,Credit Card,16.8
ORD-14518,05/17/2025,CUST-1633,PROD-27,3,0.0,,14.23
ORD-14519,2024-05-23,CUST-1310,PROD-34,5,0.2,PayPal,13.33
ORD-14520,2024-12-09,CUST-1574,PROD-46,5,0.05,Debit Card,8.23
ORD-14521,2024-06-07,CUST-1928,PROD-14,2,0.05,,5.53
ORD-14522,11/17/2025,CUST-1934,PROD-30,4,0.0,Debit Card,4.1
ORD-14523,2024-04-16,,PROD-48,4,0.1,Debit Card,15.43
ORD-14524,2024-05-12,CUST-1411,PROD-34,1,0.1,,6.84
ORD-14525,2025-05-03,CUST-1254,PROD-24,2,0.2,,8.74
ORD-14526,2024-09-23,CUST-1642,PROD-21,-2,0.0,Debit Card,16.88
ORD-14527,2025-03-26,CUST-1540,PROD-03,4,0.05,,11.34
ORD-14528,2024-11-01,CUST-1256,PROD-08,4,0.0,Store Credit,12.56
ORD-14529,2024-08-28,CUST-1554,PROD-12,2,0.05,Debit Card,6.02
ORD-14530,2025-07-08,CUST-1016,PROD-43,3,0.0,Debit Card,5.72
ORD-14531,03/10/2025,CUST-1418,PROD-07,1,0.0,,14.48
ORD-14532,2024-02-03,CUST-1795,PROD-30,5,0.2,Credit Card,14.06
ORD-14533,2025-08-13,CUST-1964,PROD-21,3,0.15,Credit Card,14.78
ORD-14534,2024-05-17,CUST-1908,PROD-29,1,0.05,Store Credit,14.34
ORD-14535,2024-12-12,CUST-1005,PROD-38,4,0.05,Debit Card,11.79
ORD-14536,2024-09-15,CUST-1673,PROD-13,5,0.15,PayPal,6.66
ORD-14537,2025-10-12,CUST-1848,PROD-07,4,0.05,,15.97
ORD-14538,2024-02-03,CUST-1476,PROD-27,2,0.1,Debit Card,12.87
ORD-14539,2024-05-12,CUST-1244,PROD-36,3,0.1,PayPal,19.84
ORD-14540,14-02-2024,CUST-1374,PROD-38,1,0.15,,12.17
ORD-14541,2024-01-08,CUST-1341,PROD-13,2,0.15,Store Credit,17.83
ORD-14542,2025-05-05,CUST-1672,PROD-41,2,0.0,Store Credit,5.12
ORD-14543,2025-07-09,CUST-1585,PROD-48,2,0.0,,11.47
ORD-14544,2025-10-25,CUST-1276,PROD-05,1,0.15,,4.94
ORD-14545,01/03/2024,CUST-1130,PROD-30,5,0.2,PayPal,17.3
ORD-14546,2025-12-12,CUST-1955,PROD-10,4,0.0,Debit Card,12.6
ORD-14547,2024-08-31,CUST-1904,PROD-25,5,0.2,,11.79
ORD-14548,2025-11-01,CUST-1624,PROD-06,2,0.2,PayPal,19.03
ORD-14549,2025-01-03,CUST-1357,PROD-30,2,0.15,PayPal,8.19
ORD-14550,2025-11-01,CUST-1624,PROD-07,1,0.2,,4.42
ORD-14551,24-11-2024,CUST-1375,PROD-14,2,0.15,Store Credit,5.37
ORD-14552,2025-08-22,CUST-1809,PROD-44,5,0.05,Credit Card,10.85
ORD-14553,2025-08-02,CUST-1668,PROD-03,5,0.15,,14.91
ORD-14554,2025-12-07,CUST-1270,PROD-35,1,0.15,,19.32
ORD-14555,2025-04-29,CUST-1346,PROD-34,4,0.05,,8.11
ORD-14556,2024-02-15,CUST-1189,PROD-36,5,0.1,Debit Card,15.75
ORD-14557,23-01-2024,CUST-1190,PROD-02,5,0.2,Credit Card,9.68
ORD-14558,2024-01-22,CUST-1293,PROD-14,3,0.1,Debit Card,14.96
ORD-14559,04-11-2025,CUST-1353,PROD-45,4,0.15,Credit Card,15.23
ORD-14560,2025-07-14,CUST-1747,PROD-01,-2,0.05,,5.77
ORD-14561,2024-08-04,CUST-1721,PROD-12,3,0.1,Credit Card,4.06
ORD-14562,2024-12-19,CUST-1403,PROD-42,2,0.05,Debit Card,16.49
ORD-14563,2024-02-21,CUST-1985,PROD-31,2,0.05,,11.66
ORD-14564,2024-10-22,CUST-1920,PROD-04,5,0.0,Debit Card,11.02
ORD-14565,2025-11-16,CUST-1633,PROD-07,1,0.0,Store Credit,7.99
ORD-14566,2025-10-18,CUST-1692,PROD-06,3,0.0,Credit Card,14.84
ORD-14567,2024-06-09,CUST-1889,PROD-37,3,0.1,PayPal,7.43
ORD-14568,19-03-2025,CUST-1769,PROD-12,4,0.1,Debit Card,19.31
ORD-14569,01/03/2025,CUST-1340,PROD-33,3,0.1,,9.75
ORD-14570,03/12/2025,CUST-1991,PROD-33,2,0.2,Store Credit,8.95
ORD-14571,2025-06-06,CUST-1053,PROD-04,3,0.05,Store Credit,14.25
ORD-14572,12/14/2024,CUST-1456,PROD-40,2,0.15,Debit Card,14.16
ORD-14573,2025-06-04,CUST-1294,PROD-08,3,0.05,Credit Card,9.25
ORD-14574,2025-01-29,CUST-1042,PROD-28,3,0.2,Credit Card,17.63
ORD-14575,2025-06-19,CUST-1124,PROD-13,4,0.05,,9.56
ORD-14576,2025-07-31,CUST-1538,PROD-07,2,0.2,PayPal,8.61
ORD-14577,2025-09-22,CUST-1985,PROD-30,1,0.15,Credit Card,17.76
ORD-14578,2025-12-11,CUST-1472,PROD-19,2,0.1,Credit Card,17.27
ORD-14579,2025-07-12,CUST-1608,PROD-34,2,0.1,Credit Card,19.91
ORD-14580,2024-08-16,CUST-1278,PROD-31,5,0.0,Debit Card,16.4
ORD-14581,2025-02-03,CUST-1597,PROD-14,4,0.0,Store Credit,14.1
ORD-14582,04/02/2024,CUST-1493,PROD-30,3,0.15,Credit Card,12.62
ORD-14583,2024-07-12,CUST-1650,PROD-21,1,0.2,Store Credit,17.39
ORD-14584,2024-02-07,CUST-1329,PROD-13,2,0.1,Credit Card,9.92
ORD-14585,12/14/2025,CUST-1144,PROD-41,5,0.05,Debit Card,13.93
ORD-14586,07/04/2025,CUST-1434,PROD-37,5,0.0,PayPal,10.64
ORD-14587,2024-04-02,CUST-1248,PROD-29,1,0.15,PayPal,9.57
ORD-14588,2024-11-10,CUST-1784,PROD-48,3,0.15,PayPal,7.22
ORD-14589,2025-01-13,CUST-1768,PROD-12,3,0.1,Credit Card,18.66
ORD-14590,27-01-2025,CUST-1477,PROD-18,3,0.0,Debit Card,13.54
ORD-14591,06/10/2025,CUST-1508,PROD-45,2,0.0,Store Credit,8.09
ORD-14592,2024-02-04,CUST-1046,PROD-25,-2,0.2,Store Credit,10.2
ORD-14593,2024-10-30,CUST-1697,PROD-27,-2,0.2,Store Credit,19.52
ORD-14594,2024-08-01,CUST-1285,PROD-05,2,0.15,,14.61
ORD-14595,2025-05-22,CUST-1155,PROD-07,1,0.05,PayPal,19.14
ORD-14596,2024-04-07,CUST-1685,PROD-25,3,0.0,Debit Card,15.67
ORD-14597,2025-11-05,CUST-1398,PROD-04,2,0.2,PayPal,9.33
ORD-14598,2025-11-01,CUST-1263,PROD-03,3,0.0,Credit Card,16.21
ORD-14599,19-03-2024,CUST-9999,PROD-40,3,0.05,,18.59
ORD-14600,2024-05-18,CUST-1170,PROD-13,5,0.1,Credit Card,16.02
ORD-14601,2025-03-04,CUST-1681,PROD-15,3,0.05,Store Credit,7.83
ORD-14602,2025-01-14,CUST-1789,PROD-10,2,0.15,,16.44
ORD-14603,2024-10-31,CUST-1574,PROD-03,3,0.2,Debit Card,11.8
ORD-14604,08/01/2024,CUST-1930,PROD-34,-2,0.15,PayPal,10.49
ORD-14605,2025-02-01,CUST-1011,PROD-20,3,0.0,Credit Card,11.27
ORD-14606,2024-11-18,CUST-1859,PROD-26,3,0.15,,16.24
ORD-14607,11-10-2025,CUST-1408,PROD-21,4,0.15,Store Credit,17.84
ORD-14608,12/29/2025,CUST-1174,PROD-19,3,0.0,Credit Card,4.97
ORD-14609,2024-09-01,CUST-1889,PROD-03,5,0.1,Credit Card,15.81
ORD-14610,2024-09-09,CUST-1606,PROD-06,1,0.05,PayPal,17.32
ORD-14611,2024-06-06,CUST-1836,PROD-10,5,0.1,Credit Card,8.3
ORD-14612,2024-05-14,CUST-1306,PROD-09,5,0.0,PayPal,8.59
ORD-14613,2024-01-23,CUST-1793,PROD-45,1,0.0,PayPal,6.06
ORD-14614,23-06-2025,CUST-1676,PROD-44,2,0.05,Credit Card,14.24
ORD-14615,2025-05-15,CUST-1239,PROD-22,2,0.15,Debit Card,19.56
ORD-14616,2024-04-29,CUST-1421,PROD-12,5,0.05,Store Credit,15.75
ORD-14617,2025-01-19,CUST-1551,PROD-49,5,0.1,Store Credit,13.27
ORD-14618,2025-01-06,CUST-1282,PROD-01,1,0.2,Store Credit,4.63
ORD-14619,2024-02-25,CUST-1244,PROD-25,4,0.0,Credit Card,15.53
ORD-14620,2024-12-08,CUST-1168,PROD-27,2,0.1,PayPal,13.39
ORD-14621,2024-10-25,CUST-1559,PROD-37,4,0.1,PayPal,12.69
ORD-14622,2024-07-05,CUST-1515,PROD-10,4,0.0,,6.55
ORD-14623,09-07-2024,CUST-1875,PROD-15,1,0.0,,19.01
ORD-14624,2024-11-29,CUST-1346,PROD-39,4,0.0,Store Credit,14.9
ORD-14625,08/17/2025,CUST-1838,PROD-03,1,0.05,Debit Card,5.18
ORD-14626,2024-11-14,CUST-1605,PROD-10,3,0.1,Store Credit,14.8
ORD-14627,2025-06-18,CUST-1226,PROD-37,3,0.0,Debit Card,10.63
ORD-14628,2024-06-09,CUST-1194,PROD-13,4,0.05,Credit Card,9.63
ORD-14629,07/20/2024,CUST-1832,PROD-47,2,0.0,,11.14
ORD-14630,21-10-2025,CUST-1640,PROD-06,5,0.0,Debit Card,7.87
ORD-14631,2024-02-03,CUST-1349,PROD-36,5,0.05,Credit Card,12.13
ORD-14632,2024-07-08,CUST-1133,PROD-15,2,0.0,Credit Card,11.7
ORD-14633,2025-07-26,CUST-1571,PROD-28,3,0.15,Debit Card,10.29
ORD-14634,2025-04-12,CUST-1772,PROD-23,5,0.0,Debit Card,12.75
ORD-14635,10-01-2025,CUST-1372,PROD-03,4,0.15,PayPal,14.62
ORD-14636,2024-05-22,CUST-1958,PROD-43,-2,0.0,Debit Card,17.09
ORD-14637,2025-11-24,CUST-1651,PROD-43,1,0.0,Credit Card,18.26
ORD-14638,2025-01-11,CUST-1670,PROD-20,2,0.1,Store Credit,11.12
ORD-14639,2025-10-22,CUST-1957,PROD-37,1,0.2,Debit Card,13.08
ORD-14640,2024-11-05,CUST-1435,PROD-18,3,0.05,PayPal,19.64
ORD-14641,2024-06-08,CUST-1871,PROD-47,2,0.1,Credit Card,8.71
ORD-14642,2024-08-13,CUST-1682,PROD-50,2,0.1,Credit Card,9.51
ORD-14643,2025-12-29,CUST-1045,PROD-39,4,0.15,PayPal,14.4
ORD-14644,2024-01-31,CUST-1374,PROD-16,1,0.2,PayPal,6.61
ORD-14645,2025-01-07,CUST-1412,PROD-18,3,0.1,,11.41
ORD-14646,2025-03-21,CUST-1391,PROD-19,5,0.1,PayPal,4.58
ORD-14647,11/05/2025,CUST-1082,PROD-48,1,0.2,Credit Card,5.74
ORD-14648,28-10-2024,,PROD-34,3,0.1,,14.23
ORD-14649,2024-05-11,CUST-1494,PROD-20,1,0.0,Debit Card,8.09
ORD-14650,03/12/2024,CUST-1798,PROD-47,2,0.2,PayPal,14.99
ORD-14651,27-10-2024,CUST-1032,PROD-19,2,0.0,Store Credit,8.62
ORD-14652,2024-09-28,CUST-1470,PROD-03,3,0.2,PayPal,5.19
ORD-14653,2024-12-22,CUST-1091,PROD-24,5,0.1,,9.05
ORD-14654,2025-01-31,CUST-1456,PROD-23,3,0.0,Debit Card,12.35
ORD-14655,19-12-2024,CUST-1022,PROD-37,3,0.2,PayPal,18.89
ORD-14656,2025-04-30,CUST-1351,PROD-50,4,0.0,Credit Card,19.42
ORD-14657,2024-05-05,CUST-1445,PROD-12,4,0.0,Debit Card,7.31
ORD-14658,2025-01-13,CUST-1037,PROD-26,4,0.05,Credit Card,14.1
ORD-14659,12/15/2025,CUST-1326,PROD-23,1,0.1,PayPal,11.98
ORD-14660,2024-03-17,CUST-1149,PROD-21,5,0.2,Debit Card,9.12
ORD-14661,2024-06-30,CUST-1530,PROD-28,1,0.2,,10.85
ORD-14662,2025-08-30,CUST-1236,PROD-16,1,0.2,Credit Card,18.75
ORD-14663,08/19/2025,CUST-1244,PROD-05,5,0.0,Debit Card,16.35
ORD-14664,01/27/2024,CUST-1518,PROD-08,5,0.1,Credit Card,19.89
ORD-14665,2025-08-24,CUST-1812,PROD-42,5,0.1,Debit Card,15.72
ORD-14666,12/09/2024,CUST-1264,PROD-40,3,0.05,PayPal,8.76
ORD-14667,12/04/2024,CUST-1437,PROD-17,4,0.0,,18.98
ORD-14668,2025-03-19,CUST-1861,PROD-28,5,0.0,Credit Card,4.59
ORD-14669,12-03-2024,CUST-1656,PROD-47,4,0.0,Debit Card,7.01
ORD-14670,2025-03-12,CUST-1530,PROD-15,4,0.1,,5.06
ORD-14671,2025-05-20,CUST-1138,PROD-17,5,0.15,PayPal,14.12
ORD-14672,03/26/2024,CUST-1225,PROD-13,1,0.05,Store Credit,13.21
ORD-14673,2024-02-26,CUST-1811,PROD-28,4,0.2,PayPal,4.25
ORD-14674,04/01/2025,CUST-1604,PROD-21,2,0.1,Store Credit,4.92
ORD-14675,2025-11-29,CUST-1974,PROD-38,1,0.0,Credit Card,12.86
ORD-14676,2024-01-02,CUST-1761,PROD-37,4,0.1,Store Credit,7.45
ORD-14677,2025-02-25,CUST-1235,PROD-14,5,0.15,Debit Card,4.69
ORD-14678,02/04/2025,CUST-1506,PROD-28,-2,0.2,Debit Card,9.66
ORD-14679,2025-06-22,CUST-1348,PROD-04,1,0.15,PayPal,4.68
ORD-14680,2025-10-02,CUST-1709,PROD-46,5,0.0,Debit Card,19.73
ORD-14681,14-01-2025,CUST-1320,PROD-05,3,0.0,PayPal,8.17
ORD-14682,2025-03-03,CUST-1014,PROD-45,5,0.15,Credit Card,11.03
ORD-14683,2024-04-04,CUST-1517,PROD-08,3,0.15,,7.36
ORD-14684,2025-05-20,CUST-1243,PROD-09,1,0.1,Store Credit,8.46
ORD-14685,2025-12-13,CUST-1490,PROD-28,3,0.0,Credit Card,8.46
ORD-14686,2025-05-20,CUST-1756,PROD-07,4,0.05,PayPal,18.28
ORD-14687,2025-09-27,CUST-1254,PROD-36,2,0.15,Credit Card,7.4
ORD-14688,2025-05-22,CUST-1871,PROD-24,4,0.05,PayPal,16.34
ORD-14689,28-11-2024,CUST-1255,PROD-17,4,0.05,PayPal,13.57
ORD-14690,2024-05-19,CUST-1175,PROD-04,1,0.2,Credit Card,7.31
ORD-14691,2025-07-06,CUST-1004,PROD-16,1,0.15,PayPal,17.54
ORD-14692,20-09-2024,CUST-1415,PROD-01,5,0.0,,11.41
ORD-14693,05/15/2025,CUST-1816,PROD-23,4,0.1,Credit Card,12.99
ORD-14694,25-05-2025,CUST-1273,PROD-39,2,0.15,Debit Card,15.91
ORD-14695,24-12-2025,CUST-1077,PROD-28,2,0.0,PayPal,19.75
ORD-14696,12/07/2025,CUST-1442,PROD-07,3,0.2,Credit Card,6.7
ORD-14697,2025-01-25,CUST-1536,PROD-42,4,0.05,Debit Card,13.35
ORD-14698,04/03/2024,CUST-1393,PROD-35,4,0.05,,13.21
ORD-14699,08/10/2024,CUST-1461,PROD-18,5,0.0,,4.67
ORD-14700,2024-08-26,CUST-1421,PROD-06,3,0.05,Debit Card,7.57
ORD-14701,2024-08-17,CUST-1926,PROD-15,1,0.15,Credit Card,12.18
ORD-14702,2025-03-24,CUST-1480,PROD-39,4,0.0,Credit Card,12.45
ORD-14703,2024-08-11,CUST-1587,PROD-02,500,0.05,,6.65
ORD-14704,2025-05-13,CUST-1161,PROD-13,1,0.05,Credit Card,16.62
ORD-14705,2024-06-12,CUST-1504,PROD-26,5,0.15,Store Credit,4.7
ORD-14706,2024-01-21,CUST-1895,PROD-21,5,0.1,,14.83
ORD-14707,2025-12-23,CUST-1868,PROD-27,2,0.15,PayPal,12.9
ORD-14708,2024-12-03,CUST-1043,PROD-41,3,0.2,Debit Card,4.27
ORD-14709,26-08-2024,CUST-1199,PROD-34,2,0.2,Debit Card,10.02
ORD-14710,2025-02-03,CUST-1123,PROD-17,5,0.1,Credit Card,6.19
ORD-14711,2025-12-29,CUST-1231,PROD-12,2,0.0,Debit Card,14.59
ORD-14712,2024-07-25,CUST-1914,PROD-39,1,0.15,Credit Card,16.72
ORD-14713,2025-12-23,CUST-1436,PROD-02,1,0.15,PayPal,18.58
ORD-14714,01-09-2024,CUST-1327,PROD-05,5,0.0,,19.86
ORD-14715,2024-09-14,CUST-1521,PROD-14,4,0.15,,5.72
ORD-14716,2025-10-28,CUST-1315,PROD-10,1,0.1,Debit Card,7.55
ORD-14717,2024-05-16,CUST-1365,PROD-44,1,0.1,,10.83
ORD-14718,04/02/2025,CUST-1036,PROD-50,3,0.1,Store Credit,15.4
ORD-14719,2025-10-29,CUST-1214,PROD-14,1,0.05,PayPal,19.54
ORD-14720,2025-04-28,CUST-9999,PROD-49,4,0.2,PayPal,6.39
ORD-14721,2024-11-19,CUST-1657,PROD-18,2,0.2,Debit Card,14.43
ORD-14722,2025-03-02,CUST-1455,PROD-34,4,0.2,Debit Card,15.9
ORD-14723,2025-04-30,CUST-1070,PROD-17,4,0.0,Credit Card,11.87
ORD-14724,09/18/2024,CUST-1314,PROD-02,1,0.0,,6.47
ORD-14725,2025-02-26,CUST-1927,PROD-44,5,0.2,Store Credit,17.25
ORD-14726,2025-04-01,CUST-1988,PROD-36,4,0.1,Debit Card,8.16
ORD-14727,2024-05-17,CUST-1483,PROD-49,3,0.0,PayPal,11.22
ORD-14728,11/05/2025,CUST-1545,PROD-42,4,0.05,Store Credit,19.42
ORD-14729,2024-07-04,CUST-1386,PROD-31,2,0.1,Debit Card,16.18
ORD-14730,2024-12-15,CUST-1240,PROD-50,5,0.15,PayPal,13.67
ORD-14731,2025-01-04,CUST-1409,PROD-43,2,0.0,Credit Card,17.69
ORD-14732,2024-09-25,CUST-1907,PROD-17,4,0.05,,18.01
ORD-14733,2025-12-16,CUST-1786,PROD-46,1,0.0,,15.65
ORD-14734,2025-04-24,CUST-1622,PROD-11,1,0.05,PayPal,12.17
ORD-14735,05-12-2024,CUST-1892,PROD-34,3,0.2,,7.72
ORD-14736,29-10-2025,CUST-1231,PROD-02,5,0.15,Store Credit,18.37
ORD-14737,2024-09-02,CUST-1894,PROD-12,1,0.0,,18.34
ORD-14738,09/22/2024,CUST-1008,PROD-20,5,0.15,Store Credit,15.23
ORD-14739,2025-10-04,CUST-1652,PROD-40,4,0.1,PayPal,18.2
ORD-14740,18-09-2024,CUST-1170,PROD-20,4,0.0,Credit Card,9.61
ORD-14741,2025-07-17,CUST-1966,PROD-35,4,0.0,Store Credit,6.5
ORD-14742,2025-05-15,CUST-1866,PROD-06,5,0.2,Store Credit,7.15
ORD-14743,2024-10-25,CUST-1221,PROD-05,1,0.1,Store Credit,10.64
ORD-14744,2024-05-03,CUST-1691,PROD-43,5,0.15,,14.28
ORD-14745,2025-03-17,CUST-1177,PROD-48,2,0.0,Debit Card,11.42
ORD-14746,2025-10-06,CUST-1506,PROD-26,5,0.1,Store Credit,4.67
ORD-14747,2025-12-04,CUST-1454,PROD-06,5,0.2,,9.74
ORD-14748,2025-09-16,CUST-1380,PROD-45,3,0.0,,12.03
ORD-14749,01/27/2024,CUST-1777,PROD-05,4,0.0,Debit Card,9.45
ORD-14750,11-05-2024,CUST-1893,PROD-49,1,0.05,Debit Card,12.28
ORD-14751,07/09/2024,CUST-1571,PROD-08,3,0.0,Store Credit,5.46
ORD-14752,10-09-2025,CUST-1027,PROD-28,4,0.2,,7.15
ORD-14753,2024-04-29,CUST-1401,PROD-20,5,0.0,PayPal,10.39
ORD-14754,2024-10-30,CUST-1009,PROD-15,2,0.0,PayPal,17.04
ORD-14755,2024-03-31,CUST-1971,PROD-20,4,0.05,,5.09
ORD-14756,2025-08-16,CUST-1870,PROD-37,4,0.1,Credit Card,7.71
ORD-14757,12/20/2025,CUST-1439,PROD-35,2,0.05,,7.13
ORD-14758,2024-02-12,CUST-1945,PROD-14,3,0.1,PayPal,16.56
ORD-14759,2025-04-27,CUST-1823,PROD-15,4,0.0,Store Credit,14.11
ORD-14760,03-11-2024,CUST-1317,PROD-38,1,0.0,Store Credit,18.88
ORD-14761,07/17/2024,CUST-1881,PROD-29,5,0.0,Credit Card,10.02
ORD-14762,12/27/2025,CUST-1889,PROD-38,5,0.15,PayPal,16.09
ORD-14763,2024-04-01,CUST-1458,PROD-17,3,0.0,Store Credit,13.62
ORD-14764,2025-05-09,CUST-1590,PROD-38,5,0.1,PayPal,17.99
ORD-14765,2024-04-06,CUST-1524,PROD-10,5,0.15,PayPal,13.39
ORD-14766,02-09-2025,CUST-1108,PROD-24,3,0.15,Debit Card,19.03
ORD-14767,16-05-2025,CUST-1573,PROD-49,4,0.15,Credit Card,19.19
ORD-14768,2024-02-09,,PROD-02,-2,0.05,Debit Card,17.91
ORD-14769,2025-06-17,CUST-1788,PROD-13,3,0.0,PayPal,10.65
ORD-14770,2025-01-01,CUST-1105,PROD-48,1,0.05,Debit Card,13.18
ORD-14771,2025-09-26,CUST-1639,PROD-09,4,0.15,Credit Card,13.53
ORD-14772,09/28/2025,CUST-1886,PROD-05,3,0.0,Store Credit,14.29
ORD-14773,20-11-2024,CUST-1019,PROD-24,3,0.15,PayPal,16.57
ORD-14774,26-01-2024,CUST-9999,PROD-05,5,0.0,Credit Card,16.09
ORD-14775,14-12-2024,CUST-1222,PROD-48,5,0.1,Debit Card,7.35
ORD-14776,2024-11-02,CUST-1201,PROD-42,5,0.1,PayPal,6.01
ORD-14777,01/04/2024,CUST-1969,PROD-08,3,0.0,Credit Card,9.73
ORD-14778,07/02/2024,CUST-1443,PROD-48,3,0.2,,12.74
ORD-14779,2025-07-29,CUST-1993,PROD-35,3,0.15,Store Credit,4.68
ORD-14780,2025-02-25,CUST-1339,PROD-21,1,0.2,Store Credit,13.11
ORD-14781,2024-08-03,CUST-1864,PROD-22,4,0.2,Debit Card,5.59
ORD-14782,2025-10-17,CUST-1581,PROD-07,2,0.15,,5.17
ORD-14783,02/09/2025,CUST-1452,PROD-44,3,0.0,Credit Card,19.71
ORD-14784,2024-12-06,CUST-1388,PROD-34,1,0.05,PayPal,13.69
ORD-14785,2024-05-27,CUST-1812,PROD-33,5,0.15,PayPal,9.21
ORD-14786,07/06/2025,CUST-1527,PROD-13,5,0.0,PayPal,11.64
ORD-14787,2024-08-07,CUST-1085,PROD-10,5,0.15,Store Credit,13.06
ORD-14788,2025-12-05,CUST-1709,PROD-04,5,0.1,,5.23
ORD-14789,2024-07-12,CUST-1607,PROD-23,1,0.05,Credit Card,9.1
ORD-14790,2024-03-14,CUST-1865,PROD-46,4,0.0,Credit Card,4.59
ORD-14791,2024-10-09,CUST-1746,PROD-43,2,0.2,PayPal,14.64
ORD-14792,02-06-2025,CUST-1743,PROD-38,3,0.0,Debit Card,9.22
ORD-14793,2024-09-11,CUST-1331,PROD-24,3,0.05,Credit Card,18.98
ORD-14794,10-11-2025,CUST-1799,PROD-47,5,0.1,Credit Card,4.99
ORD-14795,2024-02-29,CUST-1125,PROD-22,3,0.0,Store Credit,16.89
ORD-14796,2024-04-22,CUST-1316,PROD-33,2,0.05,Credit Card,13.57
ORD-14797,17-12-2024,CUST-1694,PROD-27,2,0.0,Store Credit,17.07
ORD-14798,26-02-2025,CUST-1529,PROD-06,1,0.0,Credit Card,5.02
ORD-14799,2025-12-27,,PROD-02,4,0.15,Store Credit,9.39
ORD-14800,2025-01-12,CUST-1476,PROD-16,5,0.2,PayPal,10.2
ORD-14801,2024-11-10,CUST-1289,PROD-26,2,0.15,Credit Card,15.99
ORD-14802,2024-09-27,CUST-1322,PROD-13,5,0.2,Credit Card,9.47
ORD-14803,2025-09-20,CUST-1926,PROD-47,2,0.15,Credit Card,10.97
ORD-14804,2024-08-24,CUST-1457,PROD-32,1,0.2,,11.84
ORD-14805,2025-04-23,CUST-1977,PROD-04,3,0.15,Credit Card,18.65
ORD-14806,12/24/2024,CUST-1587,PROD-33,1,0.05,Debit Card,9.37
ORD-14807,2025-07-19,CUST-1999,PROD-24,4,0.05,PayPal,14.02
ORD-14808,2024-05-23,CUST-1132,PROD-36,3,0.15,Store Credit,18.81
ORD-14809,2025-11-17,CUST-1680,PROD-11,2,0.15,Credit Card,14.29
ORD-14810,14-04-2025,CUST-1794,PROD-07,2,0.2,Debit Card,6.32
ORD-14811,2024-11-15,CUST-1529,PROD-49,2,0.0,Debit Card,9.8
ORD-14812,2025-01-23,CUST-1063,PROD-14,2,0.05,Credit Card,7.5
ORD-14813,2024-01-16,CUST-1289,PROD-28,3,0.0,Credit Card,8.5
ORD-14814,2025-04-21,CUST-1896,PROD-44,3,0.05,,6.2
ORD-14815,16-05-2024,,PROD-02,2,0.1,Credit Card,15.84
ORD-14816,2025-07-30,CUST-1667,PROD-31,5,0.1,PayPal,9.61
ORD-14817,2025-11-18,CUST-1314,PROD-05,3,0.0,Store Credit,15.05
ORD-14818,2024-10-23,CUST-1172,PROD-45,4,0.0,PayPal,13.03
ORD-14819,2025-06-02,CUST-1116,PROD-07,3,0.1,Debit Card,4.75
ORD-14820,2024-12-30,CUST-1098,PROD-05,4,0.0,Debit Card,6.27
ORD-14821,2025-12-17,CUST-1229,PROD-16,2,0.0,,5.36
ORD-14822,2024-11-07,CUST-1917,PROD-05,4,0.2,,18.07
ORD-14823,2025-04-27,CUST-1899,PROD-27,1,0.1,Credit Card,5.78
ORD-14824,06/23/2025,CUST-1920,PROD-05,1,0.05,Store Credit,12.71
ORD-14825,2025-04-09,CUST-1936,PROD-13,3,0.2,Debit Card,18.96
ORD-14826,2025-06-12,CUST-1309,PROD-09,2,0.2,Debit Card,9.41
ORD-14827,2025-06-05,CUST-9999,PROD-46,5,0.0,Store Credit,5.1
ORD-14828,2024-10-14,CUST-1355,PROD-02,1,0.05,Store Credit,14.02
ORD-14829,10-03-2024,CUST-1510,PROD-34,3,0.05,Credit Card,4.96
ORD-14830,05/14/2025,CUST-1617,PROD-17,3,0.0,Store Credit,13.71
ORD-14831,2024-07-28,CUST-1054,PROD-19,4,0.2,Store Credit,5.86
ORD-14832,2025-07-05,CUST-1539,PROD-11,4,0.2,PayPal,8.72
ORD-14833,2025-04-01,CUST-1449,PROD-34,3,0.2,PayPal,11.4
ORD-14834,2024-08-28,CUST-1650,PROD-41,5,0.15,Credit Card,9.07
ORD-14835,2025-05-22,CUST-1840,PROD-14,3,0.2,Debit Card,9.49
ORD-14836,2025-03-24,CUST-1031,PROD-47,1,0.1,Store Credit,14.26
ORD-14837,2024-11-12,CUST-1992,PROD-14,1,0.0,Store Credit,7.12
ORD-14838,2024-09-25,CUST-1985,PROD-23,1,0.2,PayPal,13.19
ORD-14839,2025-07-21,CUST-1131,PROD-17,3,0.05,PayPal,9.21
ORD-14840,2024-04-17,CUST-1545,PROD-23,2,0.2,Store Credit,8.92
ORD-14841,06/08/2024,CUST-1222,PROD-29,5,0.2,PayPal,16.5
ORD-14842,2024-01-25,CUST-1075,PROD-01,5,0.1,Credit Card,11.31
ORD-14843,2025-01-20,CUST-1977,PROD-44,3,0.15,Store Credit,10.7
ORD-14844,2025-09-29,CUST-1450,PROD-11,1,0.15,PayPal,19.85
ORD-14845,04/30/2024,CUST-1738,PROD-40,2,0.0,Debit Card,15.71
ORD-14846,03/08/2025,CUST-1916,PROD-37,1,0.2,Debit Card,18.63
ORD-14847,2025-06-16,CUST-1130,PROD-14,5,0.05,Credit Card,5.65
ORD-14848,01/28/2024,CUST-1694,PROD-11,5,0.1,Store Credit,10.45
ORD-14849,2024-02-04,CUST-1422,PROD-10,2,0.0,Debit Card,5.91
ORD-14850,2025-04-22,CUST-1485,PROD-38,5,0.1,Credit Card,9.39
ORD-14851,2025-03-16,CUST-1278,PROD-44,3,0.0,PayPal,4.51
ORD-14852,17-02-2024,CUST-1809,PROD-44,4,0.1,PayPal,6.65
ORD-14853,2025-07-28,CUST-1973,PROD-39,5,0.15,PayPal,15.73
ORD-14854,13-05-2025,CUST-1746,PROD-26,4,0.1,Store Credit,14.67
ORD-14855,2025-06-26,CUST-1515,PROD-49,1,0.0,Credit Card,5.01
ORD-14856,2024-07-30,CUST-1704,PROD-38,2,0.15,PayPal,9.82
ORD-14857,2024-06-17,CUST-1344,PROD-03,5,0.0,Store Credit,14.44
ORD-14858,2025-10-06,CUST-1698,PROD-40,3,0.1,Credit Card,8.45
ORD-14859,22-04-2024,CUST-1429,PROD-07,3,0.05,Debit Card,6.07
ORD-14860,2025-08-22,CUST-1585,PROD-31,1,0.05,Store Credit,5.23
ORD-14861,2025-01-29,CUST-1036,PROD-20,4,0.0,Credit Card,6.37
ORD-14862,09/17/2025,CUST-1665,PROD-42,3,0.05,Credit Card,13.38
ORD-14863,02/15/2024,CUST-1502,PROD-30,2,0.15,Store Credit,11.32
ORD-14864,2024-02-03,CUST-1424,PROD-50,2,0.0,Store Credit,17.07
ORD-14865,2024-10-07,CUST-1334,PROD-26,-2,0.15,Debit Card,17.95
ORD-14866,2024-03-28,CUST-1415,PROD-21,2,0.0,PayPal,14.76
ORD-14867,2025-05-11,CUST-1079,PROD-32,1,0.0,Debit Card,13.63
ORD-14868,2024-06-24,CUST-1991,PROD-38,5,0.05,PayPal,16.19
ORD-14869,13-05-2024,CUST-1947,PROD-23,3,0.0,,11.08
ORD-14870,04-05-2025,CUST-1502,PROD-26,4,0.0,PayPal,14.71
ORD-14871,01/07/2025,CUST-1533,PROD-16,1,0.1,,12.94
ORD-14872,28-08-2024,CUST-1527,PROD-13,2,0.1,,7.48
ORD-14873,2025-10-12,CUST-1591,PROD-12,4,0.15,Store Credit,10.11
ORD-14874,2025-06-14,CUST-1493,PROD-38,3,0.0,Credit Card,4.39
ORD-14875,07/09/2024,CUST-1374,PROD-01,4,0.2,Credit Card,8.48
ORD-14876,2024-01-06,CUST-1241,PROD-15,1,0.05,PayPal,14.91
ORD-14877,08/09/2024,CUST-1844,PROD-12,5,0.0,,6.8
ORD-14878,2024-05-27,CUST-9999,PROD-46,3,0.15,Debit Card,8.15
ORD-14879,05/25/2025,CUST-1129,PROD-40,2,0.1,,17.94
ORD-14880,2025-06-07,CUST-1031,PROD-44,5,0.0,,17.25
ORD-14881,2025-09-18,CUST-1684,PROD-27,5,0.0,,16.78
ORD-14882,2024-02-01,CUST-1064,PROD-17,2,0.0,Store Credit,15.56
ORD-14883,2025-03-24,CUST-1310,PROD-22,2,0.1,Debit Card,13.63
ORD-14884,2024-05-19,CUST-1138,PROD-45,4,0.0,PayPal,18.32
ORD-14885,04/14/2024,CUST-9999,PROD-16,1,0.0,Store Credit,13.89
ORD-14886,2025-08-15,CUST-1581,PROD-29,1,0.0,Store Credit,9.4
ORD-14887,20-12-2025,CUST-1433,PROD-01,2,0.05,,16.52
ORD-14888,2024-04-18,CUST-1437,PROD-47,-2,0.2,Debit Card,17.24
ORD-14889,11/27/2024,CUST-1416,PROD-26,4,0.0,Credit Card,12.18
ORD-14890,05-08-2024,CUST-1004,PROD-30,5,0.0,,15.35
ORD-14891,2025-07-04,CUST-1949,PROD-24,4,0.0,Store Credit,13.27
ORD-14892,11/11/2025,CUST-1928,PROD-05,4,0.2,Store Credit,14.37
ORD-14893,2025-01-04,CUST-1771,PROD-38,5,0.1,Store Credit,13.35
ORD-14894,2025-02-19,CUST-1203,PROD-25,3,0.15,,16.68
ORD-14895,2024-12-21,CUST-1241,PROD-29,3,0.0,Debit Card,19.57
ORD-14896,2024-10-30,CUST-1160,PROD-28,4,0.1,Store Credit,16.21
ORD-14897,26-12-2025,CUST-1149,PROD-07,3,0.0,Credit Card,16.95
ORD-14898,08/27/2025,CUST-1526,PROD-06,5,0.0,PayPal,8.11
ORD-14899,2024-07-27,CUST-1033,PROD-43,3,0.15,PayPal,15.65
ORD-14900,2024-11-30,CUST-1241,PROD-11,1,0.05,Debit Card,7.31
ORD-14901,2024-11-26,CUST-1666,PROD-28,3,0.0,Credit Card,15.14
ORD-14902,2024-03-20,,PROD-05,4,0.0,PayPal,16.15
ORD-14903,2024-09-24,CUST-1368,PROD-17,2,0.0,,19.11
ORD-14904,2024-06-19,CUST-1821,PROD-27,2,0.2,PayPal,4.51
ORD-14905,2025-07-06,CUST-1607,PROD-47,5,0.2,Credit Card,6.77
ORD-14906,08-06-2025,CUST-1122,PROD-44,5,0.2,Credit Card,16.09
ORD-14907,2025-11-10,,PROD-28,3,0.05,,13.67
ORD-14908,19-04-2024,CUST-1748,PROD-27,2,0.0,,19.45
ORD-14909,04/23/2024,CUST-1709,PROD-19,1,0.1,Credit Card,10.86
ORD-14910,2024-01-12,CUST-1464,PROD-44,2,0.1,Store Credit,5.24
ORD-14911,05/25/2025,CUST-1428,PROD-39,3,0.0,Credit Card,6.78
ORD-14912,04/09/2025,CUST-1610,PROD-20,4,0.15,Store Credit,6.24
ORD-14913,2025-08-31,CUST-9999,PROD-04,5,0.1,PayPal,13.8
ORD-14914,2024-03-07,,PROD-42,4,0.15,Store Credit,9.01
ORD-14915,07-12-2025,CUST-1265,PROD-32,1,0.0,,17.12
ORD-14916,2025-10-15,CUST-1124,PROD-29,3,0.0,Debit Card,10.25
ORD-14917,2024-04-15,CUST-1240,PROD-35,3,0.0,PayPal,13.64
ORD-14918,2025-04-22,CUST-1345,PROD-19,4,0.15,Credit Card,13.3
ORD-14919,2024-04-01,CUST-1676,PROD-49,3,0.1,PayPal,10.53
ORD-14920,2024-02-27,CUST-1330,PROD-11,5,0.0,PayPal,5.84
ORD-14921,2024-08-03,CUST-1438,PROD-32,3,0.0,Debit Card,12.56
ORD-14922,2025-11-30,CUST-1111,PROD-39,4,0.1,PayPal,12.19
ORD-14923,08-06-2025,CUST-1674,PROD-37,3,0.2,Debit Card,7.62
ORD-14924,2025-12-09,CUST-1181,PROD-33,1,0.1,Credit Card,19.43
ORD-14925,2025-03-23,CUST-1653,PROD-22,3,0.05,PayPal,13.68
ORD-14926,01/13/2025,CUST-1582,PROD-34,5,0.2,PayPal,13.7
ORD-14927,2025-07-05,CUST-1063,PROD-39,4,0.2,PayPal,12.32
ORD-14928,2024-11-29,CUST-1458,PROD-38,5,0.05,PayPal,5.35
ORD-14929,08/02/2025,CUST-1933,PROD-05,3,0.2,Credit Card,13.27
ORD-14930,04/18/2025,CUST-1932,PROD-10,3,0.1,Debit Card,4.52
ORD-14931,24-01-2024,CUST-1763,PROD-43,4,0.0,PayPal,9.88
ORD-14932,2025-04-17,CUST-1820,PROD-15,4,0.2,Store Credit,13.12
ORD-14933,2025-09-14,CUST-1661,PROD-01,4,0.2,Debit Card,16.25
ORD-14934,2024-04-10,CUST-1500,PROD-11,2,0.05,Store Credit,5.63
ORD-14935,2024-02-12,CUST-1065,PROD-32,2,0.15,PayPal,6.22
ORD-14936,2025-08-24,CUST-1776,PROD-45,1,0.0,PayPal,13.35
ORD-14937,2024-12-30,CUST-1096,PROD-20,4,0.0,,13.15
ORD-14938,2025-12-26,CUST-1130,PROD-16,2,0.2,,4.44
ORD-14939,19-09-2025,CUST-1492,PROD-45,3,0.1,,8.52
ORD-14940,05/19/2024,CUST-1216,PROD-16,5,0.15,Debit Card,18.14
ORD-14941,2025-02-28,CUST-1044,PROD-14,5,0.0,Credit Card,12.94
ORD-14942,2024-10-28,CUST-1433,PROD-04,3,0.2,Debit Card,16.86
ORD-14943,2024-02-12,CUST-1580,PROD-16,3,0.0,Store Credit,14.92
ORD-14944,02-10-2025,CUST-1736,PROD-44,1,0.2,Store Credit,5.77
ORD-14945,06/04/2024,CUST-1872,PROD-35,4,0.2,Credit Card,18.14
ORD-14946,2025-11-12,CUST-1226,PROD-05,4,0.1,,5.81
ORD-14947,2024-03-27,CUST-1558,PROD-04,2,0.15,,7.85
ORD-14948,12-02-2025,CUST-1932,PROD-01,2,0.2,Debit Card,11.19
ORD-14949,2024-11-20,CUST-1318,PROD-18,1,0.15,PayPal,9.57
ORD-14950,2025-04-07,CUST-1255,PROD-38,4,0.0,Debit Card,16.91
ORD-14951,2025-11-10,CUST-1269,PROD-40,2,0.0,Store Credit,14.13
ORD-14952,2025-09-29,CUST-1622,PROD-03,1,0.2,PayPal,13.94
ORD-14953,01/08/2025,CUST-1917,PROD-25,5,0.05,PayPal,13.21
ORD-14954,10/16/2025,CUST-1092,PROD-02,4,0.0,PayPal,7.4
ORD-14955,2025-06-16,CUST-1328,PROD-14,3,0.15,Credit Card,17.74
ORD-14956,2025-12-09,CUST-1534,PROD-40,2,0.0,,9.79
ORD-14957,12/19/2024,CUST-1028,PROD-05,-2,0.0,Debit Card,14.85
ORD-14958,11/06/2024,CUST-1318,PROD-32,1,0.1,Debit Card,4.9
ORD-14959,04/17/2024,CUST-1563,PROD-30,500,0.0,PayPal,6.71
ORD-14960,2025-10-29,CUST-1627,PROD-04,3,0.2,,19.0
ORD-14961,2025-06-26,CUST-1985,PROD-14,3,0.0,Credit Card,7.66
ORD-14962,2025-05-13,CUST-1057,PROD-10,5,0.1,PayPal,13.52
ORD-14963,2025-04-03,CUST-1993,PROD-08,2,0.1,Credit Card,14.29
ORD-14964,05/20/2025,CUST-1950,PROD-42,2,0.2,Credit Card,16.74
ORD-14965,2024-06-11,CUST-1440,PROD-28,5,0.15,PayPal,5.88
ORD-14966,2024-06-17,CUST-1102,PROD-14,3,0.15,Debit Card,12.98
ORD-14967,2025-10-16,CUST-1408,PROD-23,1,0.15,PayPal,13.56
ORD-14968,11/29/2024,CUST-1918,PROD-47,3,0.0,Debit Card,11.97
ORD-14969,08/01/2024,CUST-1201,PROD-49,5,0.2,PayPal,9.57
ORD-14970,03-03-2025,CUST-1363,PROD-35,3,0.1,Store Credit,10.67
ORD-14971,01-01-2025,CUST-1509,PROD-32,3,0.0,,10.5
ORD-14972,09-01-2025,CUST-1476,PROD-39,5,0.1,Debit Card,17.82
ORD-14973,2024-03-09,CUST-1006,PROD-21,3,0.1,,11.29
ORD-14974,11/13/2024,CUST-1387,PROD-40,3,0.0,,4.74
ORD-14975,2024-11-02,CUST-1007,PROD-45,4,0.0,,15.26
ORD-14976,2024-07-06,CUST-1303,PROD-07,4,0.05,Credit Card,17.73
ORD-14977,2025-10-06,CUST-1630,PROD-11,2,0.0,PayPal,16.25
ORD-14978,2024-08-17,CUST-1837,PROD-44,3,0.2,Store Credit,19.66
ORD-14979,17-05-2024,CUST-1332,PROD-47,3,0.15,Store Credit,8.21
ORD-14980,2025-04-27,CUST-1100,PROD-09,3,0.05,Debit Card,16.05
ORD-14981,2025-07-27,CUST-1560,PROD-21,2,0.05,,17.81
ORD-14982,2024-10-27,CUST-1618,PROD-44,1,0.1,,9.55
ORD-14983,22-12-2024,CUST-1615,PROD-46,2,0.15,Store Credit,14.43
ORD-14984,2024-11-25,CUST-9999,PROD-37,1,0.15,Credit Card,11.93
ORD-14985,11/05/2024,CUST-1785,PROD-05,3,0.15,Store Credit,7.81
ORD-14986,03/09/2025,CUST-1625,PROD-46,1,0.05,Credit Card,8.5
ORD-14987,2024-11-25,CUST-1870,PROD-07,4,0.2,Debit Card,4.98
ORD-14988,2025-12-22,CUST-1796,PROD-34,3,0.05,,15.76
ORD-14989,2024-06-21,CUST-1167,PROD-02,3,0.0,,6.98
ORD-14990,04-10-2025,CUST-1278,PROD-37,4,0.15,Store Credit,6.78
ORD-14991,2024-12-02,CUST-1123,PROD-22,1,0.15,Credit Card,13.17
ORD-14992,2025-04-13,CUST-1478,PROD-01,4,0.15,Store Credit,14.51
ORD-14993,31-01-2024,CUST-1095,PROD-43,3,0.0,PayPal,16.16
ORD-14994,2024-04-12,CUST-1808,PROD-36,5,0.05,Debit Card,13.4
ORD-14995,2025-01-08,CUST-1475,PROD-48,4,0.15,,17.53
ORD-14996,2024-05-19,CUST-1114,PROD-24,3,0.15,Credit Card,10.95
ORD-14997,01/22/2024,CUST-1510,PROD-28,1,0.0,PayPal,9.66
ORD-14998,2024-03-19,CUST-1639,PROD-49,3,0.15,Store Credit,13.33
ORD-14999,08-12-2024,CUST-1721,PROD-17,2,0.15,Debit Card,18.83
ORD-15000,2025-11-07,CUST-1368,PROD-37,3,0.15,Credit Card,7.87
ORD-15001,07/07/2025,CUST-1542,PROD-32,1,0.15,,5.41
ORD-15002,2025-11-09,CUST-1090,PROD-08,2,0.1,,9.2
ORD-15003,15-11-2025,CUST-1097,PROD-18,3,0.0,Store Credit,4.19
ORD-15004,04/21/2025,CUST-1149,PROD-32,5,0.1,PayPal,7.92
ORD-15005,2025-06-06,CUST-1662,PROD-03,1,0.0,PayPal,6.75
ORD-15006,02/21/2024,CUST-1186,PROD-04,5,0.05,PayPal,17.77
ORD-15007,2024-04-24,CUST-1898,PROD-50,4,0.05,,9.64
ORD-15008,04/24/2024,CUST-1298,PROD-10,3,0.15,,4.26
ORD-15009,12/21/2025,CUST-1524,PROD-19,3,0.0,Store Credit,4.69
ORD-15010,2024-05-07,CUST-1850,PROD-15,1,0.0,Store Credit,11.87
ORD-15011,2024-10-09,CUST-1912,PROD-04,4,0.15,PayPal,9.3
ORD-15012,2025-10-16,CUST-1252,PROD-23,2,0.1,,6.6
ORD-15013,2024-06-15,CUST-1343,PROD-10,4,0.15,Store Credit,12.84
ORD-15014,2024-10-21,CUST-1395,PROD-29,-2,0.0,Store Credit,6.62
ORD-15015,2025-06-10,CUST-1136,PROD-18,-2,0.2,Store Credit,10.91
ORD-15016,2025-10-13,CUST-1219,PROD-25,5,0.0,Credit Card,16.09
ORD-15017,08-09-2024,CUST-1649,PROD-07,3,0.05,,10.02
ORD-15018,06-12-2025,CUST-1594,PROD-21,2,0.15,Credit Card,17.46
ORD-15019,2025-06-23,CUST-1953,PROD-38,3,0.2,,8.44
ORD-15020,2025-08-31,CUST-1478,PROD-10,1,0.05,Store Credit,8.0
ORD-15021,09-11-2024,CUST-1459,PROD-24,5,0.05,,4.02
ORD-15022,09/26/2024,CUST-1894,PROD-19,3,0.1,Debit Card,11.75
ORD-15023,2025-06-13,CUST-1326,PROD-11,5,0.15,,14.65
ORD-15024,2025-02-07,CUST-1018,PROD-36,1,0.05,PayPal,19.69
ORD-15025,02-05-2025,CUST-1079,PROD-16,1,0.0,Store Credit,15.24
ORD-15026,24-09-2025,CUST-1540,PROD-15,4,0.1,Store Credit,18.32
ORD-15027,05/15/2024,CUST-9999,PROD-48,3,0.05,PayPal,6.6
ORD-15028,2024-04-28,CUST-1781,PROD-01,5,0.2,PayPal,8.39
ORD-15029,2024-04-10,CUST-1185,PROD-15,4,0.0,Credit Card,11.1
ORD-15030,2024-03-11,CUST-1843,PROD-31,1,0.1,PayPal,6.57
ORD-15031,02-09-2025,CUST-1680,PROD-41,4,0.1,PayPal,7.61
ORD-15032,2025-01-16,CUST-9999,PROD-34,5,0.0,Store Credit,9.84
ORD-15033,29-11-2025,CUST-1805,PROD-12,2,0.0,Credit Card,12.43
ORD-15034,10/14/2024,CUST-1379,PROD-07,5,0.15,Debit Card,16.23
ORD-15035,07/31/2025,CUST-1997,PROD-46,5,0.0,Credit Card,16.77
ORD-15036,2025-09-08,CUST-1123,PROD-32,5,0.0,Debit Card,6.15
ORD-15037,2025-10-19,CUST-1206,PROD-43,3,0.05,PayPal,16.96
ORD-15038,2024-07-19,CUST-1465,PROD-46,5,0.1,PayPal,14.0
ORD-15039,2024-10-03,CUST-1579,PROD-44,2,0.05,PayPal,8.42
ORD-15040,07/19/2024,,PROD-03,5,0.2,Credit Card,14.88
ORD-15041,2025-04-15,CUST-1227,PROD-09,2,0.0,,14.48
ORD-15042,2025-11-11,,PROD-20,5,0.0,,15.78
ORD-15043,2025-05-12,CUST-1933,PROD-11,5,0.15,,10.9
ORD-15044,06-09-2025,CUST-1311,PROD-08,5,0.2,PayPal,11.52
ORD-15045,15-06-2024,CUST-1639,PROD-24,1,0.1,Store Credit,13.12
ORD-15046,10/05/2025,CUST-1836,PROD-35,1,0.15,Store Credit,11.88
ORD-15047,2025-08-13,CUST-1367,PROD-04,5,0.0,Credit Card,9.95
ORD-15048,30-10-2024,CUST-1478,PROD-29,1,0.2,PayPal,7.55
ORD-15049,2025-02-02,CUST-1377,PROD-06,1,0.0,PayPal,10.16
ORD-15050,02/24/2025,CUST-1882,PROD-20,4,0.2,PayPal,12.77
ORD-15051,06-04-2025,CUST-1094,PROD-48,3,0.05,,5.18
ORD-15052,2025-02-01,CUST-1181,PROD-07,1,0.15,PayPal,7.06
ORD-15053,17-07-2024,CUST-1138,PROD-22,1,0.0,,14.61
ORD-15054,02/02/2024,CUST-1773,PROD-47,2,0.1,PayPal,7.71
ORD-15055,2024-01-26,CUST-1466,PROD-44,2,0.2,Debit Card,6.55
ORD-15056,2024-06-05,CUST-1870,PROD-26,3,0.1,Store Credit,7.55
ORD-15057,2024-03-19,CUST-1380,PROD-23,1,0.0,Store Credit,9.4
ORD-15058,29-12-2024,CUST-1911,PROD-19,2,0.1,PayPal,19.8
ORD-15059,2024-09-18,CUST-1394,PROD-48,2,0.1,Store Credit,10.23
ORD-15060,2025-05-19,CUST-1013,PROD-18,3,0.0,PayPal,8.7
ORD-15061,2024-06-23,CUST-1801,PROD-28,2,0.05,Debit Card,13.66
ORD-15062,2025-06-29,CUST-1494,PROD-06,4,0.0,PayPal,8.63
ORD-15063,2025-06-07,CUST-1228,PROD-05,1,0.0,Debit Card,10.07
ORD-15064,2024-12-17,CUST-1618,PROD-24,1,0.0,Debit Card,8.47
ORD-15065,2024-07-06,CUST-1024,PROD-44,2,0.2,Store Credit,13.77
ORD-15066,03/03/2024,CUST-1562,PROD-02,5,0.0,Debit Card,12.43
ORD-15067,13-01-2025,CUST-9999,PROD-42,2,0.1,Debit Card,9.12
ORD-15068,2025-10-10,CUST-1628,PROD-29,4,0.05,PayPal,9.58
ORD-15069,26-10-2024,CUST-1664,PROD-04,3,0.0,Store Credit,12.47
ORD-15070,2025-05-03,CUST-1600,PROD-32,5,0.05,Credit Card,16.9
ORD-15071,2025-04-08,CUST-1442,PROD-31,3,0.0,Credit Card,16.14
ORD-15072,2024-04-19,CUST-1880,PROD-26,5,0.2,,8.17
ORD-15073,2024-04-20,CUST-1617,PROD-15,2,0.05,Store Credit,11.71
ORD-15074,10/23/2025,CUST-1608,PROD-10,2,0.0,Store Credit,18.39
ORD-15075,01/21/2024,CUST-1746,PROD-40,3,0.15,Store Credit,7.04
ORD-15076,03/16/2024,CUST-1498,PROD-23,3,0.0,PayPal,4.65
ORD-15077,2024-09-08,CUST-1647,PROD-02,3,0.1,Debit Card,16.64
ORD-15078,2024-04-20,CUST-1728,PROD-37,3,0.0,Credit Card,7.37
ORD-15079,2025-05-19,CUST-1397,PROD-37,2,0.0,,18.27
ORD-15080,2024-09-29,,PROD-30,2,0.0,PayPal,19.18
ORD-15081,2025-05-11,CUST-1542,PROD-17,4,0.15,Credit Card,12.82
ORD-15082,05/02/2025,CUST-1222,PROD-41,4,0.15,PayPal,11.15
ORD-15083,2025-09-16,CUST-1949,PROD-04,1,0.1,,18.58
ORD-15084,2025-03-29,CUST-1609,PROD-45,1,0.15,PayPal,6.11
ORD-15085,2025-10-06,CUST-1391,PROD-48,5,0.0,Store Credit,5.49
ORD-15086,23-06-2025,CUST-1831,PROD-30,4,0.0,Credit Card,5.59
ORD-15087,06/02/2024,CUST-1120,PROD-11,5,0.0,,4.66
ORD-15088,04/08/2024,CUST-1945,PROD-05,5,0.0,Store Credit,13.05
ORD-15089,10/02/2024,CUST-1802,PROD-25,4,0.15,,18.41
ORD-15090,2024-03-07,CUST-9999,PROD-19,1,0.0,Store Credit,7.66
ORD-15091,2024-07-02,CUST-1372,PROD-08,3,0.0,,18.98
ORD-15092,2025-06-03,CUST-1457,PROD-10,4,0.0,PayPal,16.99
ORD-15093,09/16/2024,CUST-1610,PROD-25,1,0.0,Debit Card,18.77
ORD-15094,09-06-2024,CUST-1531,PROD-43,2,0.05,Debit Card,14.17
ORD-15095,2024-02-21,CUST-1354,PROD-40,3,0.0,PayPal,8.7
ORD-15096,2024-09-14,CUST-1221,PROD-16,2,0.0,Credit Card,14.54
ORD-15097,2025-10-06,CUST-1510,PROD-08,2,0.0,Credit Card,6.46
ORD-15098,2025-02-14,CUST-1822,PROD-41,2,0.0,,10.64
ORD-15099,03/11/2025,CUST-1474,PROD-18,2,0.0,,15.92
ORD-15100,2025-07-21,CUST-1630,PROD-04,3,0.15,Store Credit,7.68
ORD-15101,2025-12-15,CUST-1401,PROD-29,4,0.0,,10.04
ORD-15102,2025-10-09,CUST-1624,PROD-28,3,0.15,,5.11
ORD-15103,2025-10-14,CUST-1505,PROD-08,3,0.15,Debit Card,17.83
ORD-15104,2024-11-24,CUST-1751,PROD-20,3,0.1,Store Credit,15.46
ORD-15105,2024-04-30,CUST-1649,PROD-29,2,0.05,PayPal,11.44
ORD-15106,2025-08-18,CUST-1534,PROD-30,2,0.0,Store Credit,16.27
ORD-15107,12-03-2025,CUST-1752,PROD-35,2,0.1,Debit Card,16.29
ORD-15108,23-10-2024,CUST-1351,PROD-41,1,0.0,Credit Card,15.51
ORD-15109,2024-06-08,CUST-1240,PROD-25,5,0.05,Debit Card,18.38
ORD-15110,2024-07-25,CUST-1221,PROD-09,3,0.05,PayPal,7.48
ORD-15111,2025-01-31,CUST-1136,PROD-50,5,0.2,Store Credit,17.05
ORD-15112,2025-05-10,CUST-1924,PROD-41,1,0.0,,12.74
ORD-15113,2024-04-25,CUST-1478,PROD-41,5,0.0,Debit Card,14.74
ORD-15114,08-05-2025,CUST-1319,PROD-06,1,0.05,,5.72
ORD-15115,01/24/2025,CUST-1363,PROD-16,2,0.15,Credit Card,5.8
ORD-15116,2025-07-12,CUST-1415,PROD-22,1,0.1,PayPal,18.36
ORD-15117,04-04-2025,CUST-1378,PROD-29,5,0.0,Credit Card,17.94
ORD-15118,2025-01-14,CUST-1619,PROD-36,1,0.0,,17.67
ORD-15119,2024-10-28,CUST-1471,PROD-32,1,0.2,Store Credit,9.36
ORD-15120,2025-08-02,CUST-1423,PROD-41,1,0.2,,6.76
ORD-15121,21-07-2024,CUST-1830,PROD-29,2,0.2,Credit Card,5.39
ORD-15122,2024-09-09,CUST-1348,PROD-15,5,0.1,Credit Card,8.41
ORD-15123,09/29/2024,,PROD-28,3,0.0,,7.52
ORD-15124,2025-01-20,CUST-1749,PROD-25,3,0.0,,15.73
ORD-15125,06/02/2025,CUST-1510,PROD-20,2,0.2,,15.61
ORD-15126,16-11-2024,CUST-1365,PROD-35,4,0.05,PayPal,12.91
ORD-15127,2025-08-20,CUST-1137,PROD-33,4,0.0,Debit Card,9.33
ORD-15128,2025-09-13,CUST-1966,PROD-38,2,0.05,Debit Card,9.51
ORD-15129,2024-10-29,CUST-1287,PROD-10,1,0.0,Debit Card,14.17
ORD-15130,2025-09-17,CUST-1850,PROD-31,3,0.05,Debit Card,7.33
ORD-15131,2025-10-26,CUST-1721,PROD-40,4,0.0,Store Credit,13.5
ORD-15132,2024-08-08,CUST-1248,PROD-47,1,0.2,PayPal,14.46
ORD-15133,25-12-2024,CUST-1882,PROD-43,3,0.1,PayPal,11.26
ORD-15134,2025-05-14,CUST-1180,PROD-23,3,0.15,Store Credit,16.9
ORD-15135,2024-05-05,CUST-1834,PROD-08,3,0.0,Store Credit,7.79
ORD-15136,2024-07-30,CUST-1146,PROD-19,2,0.0,Debit Card,5.37
ORD-15137,2025-03-15,CUST-1567,PROD-32,4,0.0,Store Credit,18.9
ORD-15138,2024-08-24,CUST-1624,PROD-14,5,0.2,,5.33
ORD-15139,27-02-2024,CUST-1286,PROD-35,2,0.05,Store Credit,6.53
ORD-15140,2025-05-10,CUST-1288,PROD-13,2,0.0,Store Credit,5.31
ORD-15141,2024-06-06,CUST-1145,PROD-36,5,0.2,Store Credit,12.92
ORD-15142,2024-06-05,CUST-1339,PROD-07,4,0.2,Store Credit,16.63
ORD-15143,2024-02-18,CUST-1967,PROD-48,1,0.1,Store Credit,13.85
ORD-15144,2024-04-16,CUST-1751,PROD-35,4,0.15,Debit Card,13.04
ORD-15145,2024-10-08,CUST-1842,PROD-37,1,0.0,Credit Card,9.11
ORD-15146,10/14/2025,CUST-1988,PROD-02,2,0.0,,4.65
ORD-15147,2025-12-10,CUST-1252,PROD-49,2,0.0,PayPal,14.95
ORD-15148,2024-05-05,CUST-1149,PROD-39,4,0.05,Store Credit,5.48
ORD-15149,12-12-2025,CUST-1753,PROD-16,5,0.1,Credit Card,14.36
ORD-15150,2024-10-24,CUST-1977,PROD-18,2,0.0,Credit Card,11.42
ORD-15151,10/26/2024,CUST-1782,PROD-29,4,0.05,Credit Card,14.36
ORD-15152,27-10-2024,CUST-1767,PROD-23,5,0.0,Credit Card,10.41
ORD-15153,07/24/2024,CUST-1228,PROD-16,2,0.0,Debit Card,11.3
ORD-15154,2024-12-27,CUST-1389,PROD-26,4,0.0,PayPal,17.23
ORD-15155,2024-12-10,CUST-1391,PROD-28,4,0.15,Debit Card,4.3
ORD-15156,01/04/2025,CUST-1972,PROD-04,5,0.1,Debit Card,9.53
ORD-15157,2024-08-02,CUST-1261,PROD-32,1,0.2,Debit Card,5.02
ORD-15158,2025-11-19,CUST-1858,PROD-17,4,0.15,Debit Card,12.23
ORD-15159,2024-08-03,CUST-1398,PROD-04,-2,0.0,,14.55
ORD-15160,2024-06-08,CUST-1109,PROD-25,5,0.15,Credit Card,13.47
ORD-15161,2025-12-28,CUST-1149,PROD-31,1,0.15,,13.2
ORD-15162,2024-08-13,CUST-1977,PROD-40,5,0.0,Credit Card,10.6
ORD-15163,2024-01-03,CUST-1076,PROD-30,4,0.1,Credit Card,5.63
ORD-15164,02-02-2024,CUST-1451,PROD-44,2,0.0,Store Credit,6.09
ORD-15165,09/03/2025,CUST-1703,PROD-34,2,0.15,Credit Card,18.5
ORD-15166,02/17/2025,CUST-1768,PROD-06,4,0.0,Credit Card,7.29
ORD-15167,09/21/2025,CUST-1297,PROD-37,2,0.05,PayPal,15.4
ORD-15168,2025-05-15,CUST-1187,PROD-23,2,0.1,Store Credit,14.54
ORD-15169,2024-03-05,CUST-1131,PROD-21,4,0.2,Debit Card,5.75
ORD-15170,2024-08-07,CUST-1481,PROD-07,3,0.15,PayPal,10.6
ORD-15171,2025-07-01,CUST-1968,PROD-13,2,0.05,Credit Card,7.0
ORD-15172,2024-10-17,CUST-1319,PROD-38,5,0.1,Debit Card,11.12
ORD-15173,10/23/2025,CUST-1323,PROD-20,5,0.0,Credit Card,12.23
ORD-15174,2025-05-15,CUST-9999,PROD-43,2,0.05,Debit Card,12.15
ORD-15175,16-05-2025,CUST-1041,PROD-50,2,0.0,Debit Card,5.05
ORD-15176,11/13/2024,CUST-1056,PROD-35,4,0.05,Store Credit,13.9
ORD-15177,2025-03-15,CUST-1503,PROD-18,4,0.0,PayPal,8.92
ORD-15178,2024-06-18,CUST-1821,PROD-34,2,0.05,Credit Card,4.4
ORD-15179,01/12/2025,CUST-1139,PROD-40,5,0.1,Store Credit,17.41
ORD-15180,2025-01-10,CUST-1731,PROD-50,4,0.1,Credit Card,17.86
ORD-15181,2025-09-13,,PROD-29,4,0.1,Debit Card,8.97
ORD-15182,2024-04-07,CUST-1701,PROD-36,5,0.1,Credit Card,15.98
ORD-15183,2024-04-24,CUST-9999,PROD-04,2,0.2,Debit Card,4.55
ORD-15184,2024-09-08,CUST-1188,PROD-31,1,0.1,PayPal,14.99
ORD-15185,05/18/2024,CUST-1217,PROD-06,4,0.1,Store Credit,8.49
ORD-15186,03/22/2025,CUST-1969,PROD-33,4,0.15,,11.96
ORD-15187,2025-10-19,CUST-1525,PROD-20,5,0.2,Store Credit,13.9
ORD-15188,2024-12-30,CUST-1088,PROD-07,5,0.0,Store Credit,18.67
ORD-15189,09/08/2025,CUST-1663,PROD-40,4,0.15,PayPal,16.79
ORD-15190,10/15/2025,CUST-1099,PROD-02,2,0.0,Store Credit,14.72
ORD-15191,2025-02-11,CUST-1556,PROD-43,5,0.15,Debit Card,6.33
ORD-15192,2024-01-22,CUST-1962,PROD-22,2,0.0,Debit Card,18.64
ORD-15193,2024-09-24,CUST-1173,PROD-03,4,0.05,Credit Card,19.97
ORD-15194,2024-08-16,CUST-1577,PROD-19,4,0.1,Credit Card,7.97
ORD-15195,10/07/2025,CUST-1706,PROD-05,5,0.05,,6.62
ORD-15196,2025-08-27,CUST-1325,PROD-14,4,0.15,Store Credit,10.36
ORD-15197,2024-05-26,CUST-1422,PROD-32,1,0.2,PayPal,9.35
ORD-15198,2025-10-08,CUST-1288,PROD-47,1,0.05,PayPal,18.94
ORD-15199,2025-06-08,CUST-1312,PROD-36,5,0.15,Debit Card,7.91
ORD-15200,2024-03-08,CUST-9999,PROD-04,3,0.15,Credit Card,8.98
ORD-10242,2024-03-10,CUST-1731,PROD-29,3,0.0,PayPal,17.41
ORD-11437,03-02-2025,CUST-1276,PROD-32,4,0.1,,15.38
ORD-12292,04/22/2025,CUST-1314,PROD-42,4,0.0,Credit Card,4.67
ORD-10852,12/20/2024,CUST-1501,PROD-19,4,0.2,Credit Card,16.88
ORD-13696,2025-12-26,,PROD-24,4,0.1,,8.62
ORD-10263,03/19/2025,CUST-1813,PROD-31,4,0.1,Credit Card,16.13
ORD-11761,2024-05-13,CUST-1062,PROD-46,2,0.1,Credit Card,5.69
ORD-13314,07/06/2024,CUST-1356,PROD-36,2,0.05,,4.89
ORD-12061,2025-02-17,CUST-1868,PROD-05,4,0.0,Debit Card,16.59
ORD-11502,02/25/2024,CUST-1755,PROD-23,1,0.0,Store Credit,9.32
ORD-11996,2025-07-11,CUST-1864,PROD-29,4,0.15,Credit Card,9.63
ORD-14022,2024-10-14,CUST-1050,PROD-08,4,0.05,,15.77
ORD-12034,2024-04-22,CUST-1770,PROD-09,1,0.15,,16.51
ORD-11784,05-07-2025,CUST-1130,PROD-18,1,0.0,,4.91
ORD-10636,2024-01-09,CUST-1345,PROD-42,2,0.05,Debit Card,6.59
ORD-11676,2024-07-25,,PROD-41,2,0.05,PayPal,8.45
ORD-12449,2025-08-04,CUST-1447,PROD-42,1,0.2,,19.52
ORD-15190,10/15/2025,CUST-1099,PROD-02,2,0.0,Store Credit,14.72
ORD-11222,2024-10-23,CUST-1341,PROD-17,5,0.1,,15.44
ORD-12551,2025-07-08,CUST-1005,PROD-02,1,0.0,,11.79
ORD-10513,2024-03-15,CUST-1647,PROD-02,3,0.0,Store Credit,10.03
ORD-12395,2025-11-19,CUST-1802,PROD-33,2,0.05,Credit Card,12.59
ORD-15131,2025-10-26,CUST-1721,PROD-40,4,0.0,Store Credit,13.5
ORD-13604,2024-09-26,CUST-1688,PROD-48,3,0.1,Store Credit,17.33
ORD-11016,2025-05-24,,PROD-46,4,0.0,Debit Card,15.91
ORD-14200,26-04-2025,CUST-1942,PROD-50,5,0.15,Credit Card,4.02
ORD-14689,28-11-2024,CUST-1255,PROD-17,4,0.05,PayPal,13.57
ORD-13952,01-10-2025,CUST-1506,PROD-45,3,0.0,Store Credit,19.75
ORD-13224,2025-01-29,CUST-1975,PROD-40,3,0.1,Credit Card,15.52
ORD-11331,2025-07-03,CUST-1677,PROD-17,4,0.15,,13.26
ORD-10614,2025-02-06,CUST-1486,PROD-23,5,0.05,,5.24
ORD-13935,2025-01-11,CUST-1519,PROD-35,3,0.05,,8.28
ORD-13843,2025-09-20,CUST-1359,PROD-34,3,0.15,,14.92
ORD-14961,2025-06-26,CUST-1985,PROD-14,3,0.0,Credit Card,7.66
ORD-12412,24-09-2025,CUST-1024,PROD-27,4,0.2,Store Credit,15.03
ORD-11156,04/04/2024,CUST-1641,PROD-31,1,0.0,,15.18
ORD-14995,2025-01-08,CUST-1475,PROD-48,4,0.15,,17.53
ORD-11456,2025-10-04,CUST-1169,PROD-03,2,0.1,,9.52
ORD-10808,2024-02-12,CUST-1914,PROD-38,5,0.15,PayPal,14.24
ORD-10288,2024-09-03,CUST-1967,PROD-43,1,0.1,Credit Card,6.55
ORD-10849,2025-03-19,CUST-1778,PROD-43,1,0.05,,4.49
ORD-14056,2025-07-22,CUST-1961,PROD-11,4,0.1,Credit Card,7.75
ORD-11113,01-08-2024,CUST-1199,PROD-34,3,0.2,Credit Card,10.31
ORD-14062,2024-02-06,CUST-1358,PROD-28,5,0.0,Store Credit,13.99
ORD-12192,2024-01-08,CUST-1484,PROD-09,1,0.2,Store Credit,16.24
ORD-14440,2025-09-22,CUST-1520,PROD-11,1,0.2,,6.6
ORD-11093,2025-07-05,CUST-1646,PROD-48,1,0.2,PayPal,19.8
ORD-10663,2025-11-18,CUST-1186,PROD-44,1,0.1,PayPal,4.29
ORD-12791,05/23/2025,CUST-1469,PROD-20,1,0.05,,8.76
ORD-10712,2024-10-07,CUST-1334,PROD-47,5,0.1,Credit Card,16.49
ORD-13934,2024-12-01,CUST-1607,PROD-43,2,0.15,Debit Card,11.82
ORD-12762,2025-09-16,CUST-1346,PROD-15,1,0.0,PayPal,18.7
ORD-10163,17-11-2025,CUST-1662,PROD-06,1,0.15,Debit Card,12.97
ORD-14017,2024-05-12,CUST-1163,PROD-48,5,0.05,Store Credit,12.77
ORD-14649,2024-05-11,CUST-1494,PROD-20,1,0.0,Debit Card,8.09
ORD-13456,2025-03-06,CUST-1661,PROD-14,4,0.15,PayPal,14.1
ORD-11933,01-02-2025,CUST-1200,PROD-21,4,0.05,,11.35
ORD-10657,2025-10-13,CUST-1750,PROD-03,4,0.0,PayPal,5.33
ORD-11843,07/27/2024,CUST-1093,PROD-30,1,0.15,Store Credit,17.15
ORD-11178,2025-10-24,CUST-1642,PROD-35,1,0.2,Store Credit,5.46
ORD-12244,10-11-2025,CUST-1418,PROD-44,4,0.05,Credit Card,15.52
ORD-10495,2024-05-10,CUST-1899,PROD-19,4,0.0,Store Credit,14.71
ORD-12249,2024-06-06,CUST-1472,PROD-31,4,0.0,,18.41
ORD-14807,2025-07-19,CUST-1999,PROD-24,4,0.05,PayPal,14.02
ORD-13191,2024-02-20,CUST-1140,PROD-32,2,0.15,Credit Card,9.51
ORD-10658,2024-04-06,CUST-1506,PROD-28,3,0.1,,7.9
ORD-15099,03/11/2025,CUST-1474,PROD-18,2,0.0,,15.92
ORD-13439,2025-01-05,CUST-1914,PROD-43,2,0.0,,14.2
ORD-15187,2025-10-19,CUST-1525,PROD-20,5,0.2,Store Credit,13.9
ORD-12614,12/11/2024,CUST-1087,PROD-28,4,0.0,Debit Card,14.69
ORD-10755,2024-06-11,CUST-1650,PROD-40,2,0.15,,10.77
ORD-15000,2025-11-07,CUST-1368,PROD-37,3,0.15,Credit Card,7.87
ORD-13248,2024-05-20,CUST-1355,PROD-19,4,0.2,,13.47
ORD-13213,2025-01-17,CUST-1428,PROD-12,3,0.0,PayPal,13.22
ORD-11407,12/18/2024,CUST-1770,PROD-36,-2,0.0,Store Credit,15.2
ORD-13944,2024-04-06,CUST-1977,PROD-10,1,0.0,Store Credit,5.36
ORD-10753,2025-06-07,CUST-1228,PROD-50,3,0.15,,16.47
ORD-12264,2025-01-01,CUST-1706,PROD-30,4,0.0,Store Credit,6.97
ORD-12875,2024-07-21,CUST-1221,PROD-02,4,0.05,,16.44
ORD-13967,2024-09-24,CUST-1827,PROD-39,1,0.2,Debit Card,13.8
